{
  "@id": "https://data.datatourisme.fr/32/f6d8177f-b3cb-371c-8a04-2c2e9c470e04",
  "dc:identifier": "L6613LAR034V50VI66",
  "@type": [
    "schema:LocalBusiness",
    "BoutiqueOrLocalShop",
    "PlaceOfInterest",
    "PointOfInterest",
    "Store"
  ],
  "rdfs:label": {
    "en": [
      "PRALINE, LE PARADIS DU BONBON"
    ],
    "fr": [
      "PRALINE, LE PARADIS DU BONBON"
    ]
  },
  "availableLanguage": [
    "fr"
  ],
  "creationDate": "2015-11-21",
  "hasBeenCreatedBy": {
    "@id": "https://data.datatourisme.fr/d1ae5788-f87b-3591-81ce-dd7ffe0d4080",
    "schema:legalName": "OT BEZIERS MEDITERRANEE",
    "@type": [
      "schema:Organization",
      "foaf:Agent",
      "Agent"
    ]
  },
  "hasBeenPublishedBy": [
    {
      "@id": "https://data.datatourisme.fr/febedded-d61e-398a-afe4-6ddebe34211c",
      "schema:email": [
        "contact@herault-tourisme.com"
      ],
      "schema:legalName": "Hérault Tourisme",
      "schema:telephone": [
        "+33 4 67 67 71 71"
      ],
      "@type": [
        "schema:Organization",
        "foaf:Agent",
        "Agent"
      ],
      "foaf:homepage": [
        "http://www.herault-tourisme.com/"
      ]
    }
  ],
  "hasContact": [
    {
      "@id": "https://data.datatourisme.fr/4a383679-bcd6-3e51-a584-dd361d68cefe",
      "schema:email": [
        "pralinebeziers@hotmail.fr"
      ],
      "schema:legalName": "PRALINE, LE PARADIS DU BONBON",
      "schema:telephone": [
        "+33 6 11 55 39 59"
      ],
      "@type": [
        "schema:Organization",
        "foaf:Agent",
        "Agent"
      ]
    }
  ],
  "hasDescription": [
    {
      "@id": "https://data.datatourisme.fr/92beb79c-e620-3b0d-a4f2-48fc3a0066a8",
      "dc:description": {
        "de": [
          "Brotaufstrich, Milchlolli, Berlingot? Bei diesem Confiseur Chocolatier finden Sie alle Süßigkeiten Ihrer Kindheit wieder. Eine fast 60 Jahre alte Institution in Béziers"
        ],
        "en": [
          "Spread, milk lollipop, berlingot? Find all the sweets of your childhood at this chocolate confectioner. An institution in Béziers for nearly 60 years"
        ],
        "it": [
          "Creme spalmabili, lecca-lecca al latte, berlingot? Trovate tutti i dolci della vostra infanzia in questa pasticceria di cioccolato. Un'istituzione a Béziers da quasi 60 anni"
        ],
        "fr": [
          "Pâte à tartiner, sucette au lait, berlingot… Retrouvez toutes les friandises de votre enfance chez ce confiseur chocolatier. Une institution biterroise de près de 60 ans sur Béziers"
        ],
        "es": [
          "Untables, piruletas de leche, berlingot? Encuentre todos los dulces de su infancia en esta confitería de chocolate. Una institución en Béziers desde hace casi 60 años"
        ],
        "nl": [
          "Spreads, melklollies, berlingot? Bij deze banketbakker vindt u al het lekkers uit uw kindertijd. Al bijna 60 jaar een begrip in Béziers"
        ]
      },
      "@type": [
        "Description"
      ],
      "hasTranslatedProperty": [
        {
          "@id": "https://data.datatourisme.fr/c3141947-35bc-3dfc-b8ac-81ccdb968799",
          "dc:contributor": [
            "https://api.deepl.com/v2/translate"
          ],
          "rdf:language": [
            "it"
          ],
          "rdf:predicate": [
            {
              "@id": "dc:description"
            }
          ]
        }
      ]
    }
  ],
  "isLocatedAt": [
    {
      "@id": "https://data.datatourisme.fr/7a638072-51c9-3816-a378-52a3f3f67461",
      "schema:address": [
        {
          "@id": "https://data.datatourisme.fr/05c29260-cc2e-3fa5-9e5b-1e9e8a8e449c",
          "schema:addressLocality": "Béziers",
          "schema:postalCode": "34500",
          "schema:streetAddress": [
            "Allées Paul Riquet"
          ],
          "@type": [
            "schema:PostalAddress",
            "PostalAddress"
          ],
          "hasAddressCity": {
            "@id": "kb:34032",
            "@type": [
              "City"
            ],
            "rdfs:label": {
              "de": [
                "Béziers"
              ],
              "pt": [
                "Béziers"
              ],
              "en": [
                "Béziers"
              ],
              "it": [
                "Béziers"
              ],
              "fr": [
                "Béziers"
              ],
              "nl": [
                "Béziers"
              ],
              "es": [
                "Béziers"
              ]
            },
            "insee": "34032",
            "isPartOfDepartment": {
              "@id": "kb:France7634",
              "@type": [
                "Department"
              ],
              "rdfs:label": {
                "de": [
                  "Hérault"
                ],
                "pt": [
                  "Hérault"
                ],
                "en": [
                  "Hérault"
                ],
                "it": [
                  "Hérault"
                ],
                "fr": [
                  "Hérault"
                ],
                "nl": [
                  "Hérault"
                ],
                "es": [
                  "Hérault"
                ]
              },
              "insee": "34",
              "isPartOfRegion": {
                "@id": "kb:France76",
                "@type": [
                  "Region"
                ],
                "rdfs:label": {
                  "de": [
                    "Occitanie"
                  ],
                  "pt": [
                    "Occitanie"
                  ],
                  "en": [
                    "Occitanie"
                  ],
                  "it": [
                    "Occitanie"
                  ],
                  "fr": [
                    "Occitanie"
                  ],
                  "nl": [
                    "Occitanie"
                  ],
                  "es": [
                    "Occitanie"
                  ]
                },
                "insee": "76",
                "isPartOfCountry": {
                  "@id": "kb:France",
                  "@type": [
                    "schema:Country"
                  ],
                  "rdfs:label": {
                    "de": [
                      "France",
                      "Frankreich"
                    ],
                    "pt": [
                      "França",
                      "France"
                    ],
                    "en": [
                      "France"
                    ],
                    "it": [
                      "France",
                      "Francia"
                    ],
                    "fr": [
                      "France"
                    ],
                    "nl": [
                      "France",
                      "Frankrijk"
                    ],
                    "es": [
                      "France",
                      "Francia"
                    ]
                  }
                }
              }
            }
          }
        }
      ],
      "schema:geo": {
        "@id": "https://data.datatourisme.fr/11d51b1f-b1ab-38b8-9c01-3954c182cc2b",
        "schema:latitude": "43.3440069",
        "schema:longitude": "3.21587739",
        "@type": [
          "schema:GeoCoordinates"
        ]
      },
      "schema:openingHoursSpecification": [
        {
          "@id": "https://data.datatourisme.fr/2336d13a-e605-3e54-b9b8-9d2958b998ca",
          "schema:closes": "12:15:00",
          "schema:dayOfWeek": [
            {
              "@id": "schema:Friday",
              "@type": [
                "schema:DayOfWeek"
              ],
              "rdfs:label": {
                "de": [
                  "Freitag"
                ],
                "pt": [
                  "Sexta-feira"
                ],
                "en": [
                  "Friday"
                ],
                "it": [
                  "Venerdì"
                ],
                "fr": [
                  "Vendredi"
                ],
                "nl": [
                  "Vrijdag"
                ],
                "es": [
                  "Viernes"
                ]
              }
            }
          ],
          "schema:opens": "10:00:00",
          "schema:validFrom": "2023-03-01T10:00:00",
          "schema:validThrough": "2023-12-31T12:15:00",
          "@type": [
            "schema:OpeningHoursSpecification"
          ],
          "additionalInformation": {
            "de": [
              "Fermeture: Montag-Sonntag."
            ],
            "en": [
              "Fermeture: Monday-Sunday."
            ],
            "it": [
              "Chiuso: lunedì-domenica."
            ],
            "fr": [
              "Fermeture: Lundi-Dimanche."
            ],
            "nl": [
              "Fermeture: Maandag-Zondag."
            ],
            "es": [
              "Fermeture: Lunes-Domingo."
            ]
          },
          "hasTranslatedProperty": [
            {
              "@id": "https://data.datatourisme.fr/0d5b86ee-b8e3-3a91-a791-9893f0cc5e89",
              "dc:contributor": [
                "https://api.deepl.com/v2/translate"
              ],
              "rdf:language": [
                "it"
              ],
              "rdf:predicate": [
                "additionalInformation"
              ]
            }
          ]
        },
        {
          "@id": "https://data.datatourisme.fr/2c3d5f00-cab1-3ae9-a4f8-e19b7efae8bd",
          "schema:closes": "18:30:00",
          "schema:dayOfWeek": [
            {
              "@id": "schema:Friday",
              "@type": [
                "schema:DayOfWeek"
              ],
              "rdfs:label": {
                "de": [
                  "Freitag"
                ],
                "pt": [
                  "Sexta-feira"
                ],
                "en": [
                  "Friday"
                ],
                "it": [
                  "Venerdì"
                ],
                "fr": [
                  "Vendredi"
                ],
                "nl": [
                  "Vrijdag"
                ],
                "es": [
                  "Viernes"
                ]
              }
            }
          ],
          "schema:opens": "13:15:00",
          "schema:validFrom": "2023-03-01T13:15:00",
          "schema:validThrough": "2023-12-31T18:30:00",
          "@type": [
            "schema:OpeningHoursSpecification"
          ],
          "additionalInformation": {
            "de": [
              "Fermeture: Montag-Sonntag."
            ],
            "en": [
              "Fermeture: Monday-Sunday."
            ],
            "it": [
              "Chiuso: lunedì-domenica."
            ],
            "fr": [
              "Fermeture: Lundi-Dimanche."
            ],
            "nl": [
              "Fermeture: Maandag-Zondag."
            ],
            "es": [
              "Fermeture: Lunes-Domingo."
            ]
          },
          "hasTranslatedProperty": [
            {
              "@id": "https://data.datatourisme.fr/7320e36d-fbfc-35fd-acec-5d9590213ed4",
              "dc:contributor": [
                "https://api.deepl.com/v2/translate"
              ],
              "rdf:language": [
                "it"
              ],
              "rdf:predicate": [
                "additionalInformation"
              ]
            }
          ]
        },
        {
          "@id": "https://data.datatourisme.fr/3de94a10-a77a-3a1a-a774-ae603c37115c",
          "schema:closes": "12:15:00",
          "schema:dayOfWeek": [
            {
              "@id": "schema:Saturday",
              "@type": [
                "schema:DayOfWeek"
              ],
              "rdfs:label": {
                "de": [
                  "Samstag"
                ],
                "pt": [
                  "Sábado"
                ],
                "en": [
                  "Saturday"
                ],
                "it": [
                  "Sabato"
                ],
                "fr": [
                  "Samedi"
                ],
                "nl": [
                  "Zaterdag"
                ],
                "es": [
                  "Sábado"
                ]
              }
            }
          ],
          "schema:opens": "10:00:00",
          "schema:validFrom": "2023-03-01T10:00:00",
          "schema:validThrough": "2023-12-31T12:15:00",
          "@type": [
            "schema:OpeningHoursSpecification"
          ],
          "additionalInformation": {
            "de": [
              "Fermeture: Montag-Sonntag."
            ],
            "en": [
              "Fermeture: Monday-Sunday."
            ],
            "it": [
              "Chiuso: lunedì-domenica."
            ],
            "fr": [
              "Fermeture: Lundi-Dimanche."
            ],
            "nl": [
              "Fermeture: Maandag-Zondag."
            ],
            "es": [
              "Fermeture: Lunes-Domingo."
            ]
          },
          "hasTranslatedProperty": [
            {
              "@id": "https://data.datatourisme.fr/fbd271e8-6b42-3485-ac88-dadd4f86d501",
              "dc:contributor": [
                "https://api.deepl.com/v2/translate"
              ],
              "rdf:language": [
                "it"
              ],
              "rdf:predicate": [
                "additionalInformation"
              ]
            }
          ]
        },
        {
          "@id": "https://data.datatourisme.fr/5d150759-9dce-3abe-95e9-3ee74e3d76ec",
          "schema:closes": "12:15:00",
          "schema:dayOfWeek": [
            {
              "@id": "schema:Wednesday",
              "@type": [
                "schema:DayOfWeek"
              ],
              "rdfs:label": {
                "de": [
                  "Mittwoch"
                ],
                "pt": [
                  "Quarta-feira"
                ],
                "en": [
                  "Wednesday"
                ],
                "it": [
                  "Mercoledì"
                ],
                "fr": [
                  "Mercredi"
                ],
                "nl": [
                  "Woensdag"
                ],
                "es": [
                  "Miércoles"
                ]
              }
            }
          ],
          "schema:opens": "10:00:00",
          "schema:validFrom": "2023-03-01T10:00:00",
          "schema:validThrough": "2023-12-31T12:15:00",
          "@type": [
            "schema:OpeningHoursSpecification"
          ],
          "additionalInformation": {
            "de": [
              "Fermeture: Montag-Sonntag."
            ],
            "en": [
              "Fermeture: Monday-Sunday."
            ],
            "it": [
              "Chiuso: lunedì-domenica."
            ],
            "fr": [
              "Fermeture: Lundi-Dimanche."
            ],
            "nl": [
              "Fermeture: Maandag-Zondag."
            ],
            "es": [
              "Fermeture: Lunes-Domingo."
            ]
          },
          "hasTranslatedProperty": [
            {
              "@id": "https://data.datatourisme.fr/c1a98d8e-6339-3893-9854-e888e49725e6",
              "dc:contributor": [
                "https://api.deepl.com/v2/translate"
              ],
              "rdf:language": [
                "it"
              ],
              "rdf:predicate": [
                "additionalInformation"
              ]
            }
          ]
        },
        {
          "@id": "https://data.datatourisme.fr/87a19507-e9a5-3dd7-9106-b9992b26400a",
          "schema:closes": "18:30:00",
          "schema:dayOfWeek": [
            {
              "@id": "schema:Tuesday",
              "@type": [
                "schema:DayOfWeek"
              ],
              "rdfs:label": {
                "de": [
                  "Dienstag"
                ],
                "pt": [
                  "Terça-feira"
                ],
                "en": [
                  "Tuesday"
                ],
                "it": [
                  "Martedì"
                ],
                "fr": [
                  "Mardi"
                ],
                "es": [
                  "Martes"
                ],
                "nl": [
                  "Dinsdag"
                ]
              }
            }
          ],
          "schema:opens": "13:15:00",
          "schema:validFrom": "2023-03-01T13:15:00",
          "schema:validThrough": "2023-12-31T18:30:00",
          "@type": [
            "schema:OpeningHoursSpecification"
          ],
          "additionalInformation": {
            "de": [
              "Fermeture: Montag-Sonntag."
            ],
            "en": [
              "Fermeture: Monday-Sunday."
            ],
            "it": [
              "Chiuso: lunedì-domenica."
            ],
            "fr": [
              "Fermeture: Lundi-Dimanche."
            ],
            "nl": [
              "Fermeture: Maandag-Zondag."
            ],
            "es": [
              "Fermeture: Lunes-Domingo."
            ]
          },
          "hasTranslatedProperty": [
            {
              "@id": "https://data.datatourisme.fr/431f80a8-59dd-326b-8297-a85ff0382433",
              "dc:contributor": [
                "https://api.deepl.com/v2/translate"
              ],
              "rdf:language": [
                "it"
              ],
              "rdf:predicate": [
                "additionalInformation"
              ]
            }
          ]
        },
        {
          "@id": "https://data.datatourisme.fr/a1cb30e8-c099-37c8-80d6-b06293c6be46",
          "schema:closes": "18:30:00",
          "schema:dayOfWeek": [
            {
              "@id": "schema:Thursday",
              "@type": [
                "schema:DayOfWeek"
              ],
              "rdfs:label": {
                "de": [
                  "Donnerstag"
                ],
                "pt": [
                  "Quinta-feira"
                ],
                "en": [
                  "Thursday"
                ],
                "it": [
                  "Giovedì"
                ],
                "fr": [
                  "Jeudi"
                ],
                "es": [
                  "Jueves"
                ],
                "nl": [
                  "Donderdag"
                ]
              }
            }
          ],
          "schema:opens": "13:15:00",
          "schema:validFrom": "2023-03-01T13:15:00",
          "schema:validThrough": "2023-12-31T18:30:00",
          "@type": [
            "schema:OpeningHoursSpecification"
          ],
          "additionalInformation": {
            "de": [
              "Fermeture: Montag-Sonntag."
            ],
            "en": [
              "Fermeture: Monday-Sunday."
            ],
            "it": [
              "Chiuso: lunedì-domenica."
            ],
            "fr": [
              "Fermeture: Lundi-Dimanche."
            ],
            "nl": [
              "Fermeture: Maandag-Zondag."
            ],
            "es": [
              "Fermeture: Lunes-Domingo."
            ]
          },
          "hasTranslatedProperty": [
            {
              "@id": "https://data.datatourisme.fr/ac921160-8f65-343c-84fb-abeafc26ba25",
              "dc:contributor": [
                "https://api.deepl.com/v2/translate"
              ],
              "rdf:language": [
                "it"
              ],
              "rdf:predicate": [
                "additionalInformation"
              ]
            }
          ]
        },
        {
          "@id": "https://data.datatourisme.fr/ae06cff5-4d95-395e-9da2-5524278de853",
          "schema:closes": "12:15:00",
          "schema:dayOfWeek": [
            {
              "@id": "schema:Tuesday",
              "@type": [
                "schema:DayOfWeek"
              ],
              "rdfs:label": {
                "de": [
                  "Dienstag"
                ],
                "pt": [
                  "Terça-feira"
                ],
                "en": [
                  "Tuesday"
                ],
                "it": [
                  "Martedì"
                ],
                "fr": [
                  "Mardi"
                ],
                "es": [
                  "Martes"
                ],
                "nl": [
                  "Dinsdag"
                ]
              }
            }
          ],
          "schema:opens": "10:00:00",
          "schema:validFrom": "2023-03-01T10:00:00",
          "schema:validThrough": "2023-12-31T12:15:00",
          "@type": [
            "schema:OpeningHoursSpecification"
          ],
          "additionalInformation": {
            "de": [
              "Fermeture: Montag-Sonntag."
            ],
            "en": [
              "Fermeture: Monday-Sunday."
            ],
            "it": [
              "Chiuso: lunedì-domenica."
            ],
            "fr": [
              "Fermeture: Lundi-Dimanche."
            ],
            "nl": [
              "Fermeture: Maandag-Zondag."
            ],
            "es": [
              "Fermeture: Lunes-Domingo."
            ]
          },
          "hasTranslatedProperty": [
            {
              "@id": "https://data.datatourisme.fr/65a71e60-30f1-3916-848a-df3857b73122",
              "dc:contributor": [
                "https://api.deepl.com/v2/translate"
              ],
              "rdf:language": [
                "it"
              ],
              "rdf:predicate": [
                "additionalInformation"
              ]
            }
          ]
        },
        {
          "@id": "https://data.datatourisme.fr/baaaf064-56d6-3b32-9779-09af65a71230",
          "schema:closes": "18:30:00",
          "schema:dayOfWeek": [
            {
              "@id": "schema:Wednesday",
              "@type": [
                "schema:DayOfWeek"
              ],
              "rdfs:label": {
                "de": [
                  "Mittwoch"
                ],
                "pt": [
                  "Quarta-feira"
                ],
                "en": [
                  "Wednesday"
                ],
                "it": [
                  "Mercoledì"
                ],
                "fr": [
                  "Mercredi"
                ],
                "nl": [
                  "Woensdag"
                ],
                "es": [
                  "Miércoles"
                ]
              }
            }
          ],
          "schema:opens": "13:15:00",
          "schema:validFrom": "2023-03-01T13:15:00",
          "schema:validThrough": "2023-12-31T18:30:00",
          "@type": [
            "schema:OpeningHoursSpecification"
          ],
          "additionalInformation": {
            "de": [
              "Fermeture: Montag-Sonntag."
            ],
            "en": [
              "Fermeture: Monday-Sunday."
            ],
            "it": [
              "Chiuso: lunedì-domenica."
            ],
            "fr": [
              "Fermeture: Lundi-Dimanche."
            ],
            "nl": [
              "Fermeture: Maandag-Zondag."
            ],
            "es": [
              "Fermeture: Lunes-Domingo."
            ]
          },
          "hasTranslatedProperty": [
            {
              "@id": "https://data.datatourisme.fr/395d40cf-92e1-31d6-9986-a1e22dbdc324",
              "dc:contributor": [
                "https://api.deepl.com/v2/translate"
              ],
              "rdf:language": [
                "it"
              ],
              "rdf:predicate": [
                "additionalInformation"
              ]
            }
          ]
        },
        {
          "@id": "https://data.datatourisme.fr/dce25f8a-68ae-30d0-a81e-6598d8da110d",
          "schema:closes": "12:15:00",
          "schema:dayOfWeek": [
            {
              "@id": "schema:Thursday",
              "@type": [
                "schema:DayOfWeek"
              ],
              "rdfs:label": {
                "de": [
                  "Donnerstag"
                ],
                "pt": [
                  "Quinta-feira"
                ],
                "en": [
                  "Thursday"
                ],
                "it": [
                  "Giovedì"
                ],
                "fr": [
                  "Jeudi"
                ],
                "es": [
                  "Jueves"
                ],
                "nl": [
                  "Donderdag"
                ]
              }
            }
          ],
          "schema:opens": "10:00:00",
          "schema:validFrom": "2023-03-01T10:00:00",
          "schema:validThrough": "2023-12-31T12:15:00",
          "@type": [
            "schema:OpeningHoursSpecification"
          ],
          "additionalInformation": {
            "de": [
              "Fermeture: Montag-Sonntag."
            ],
            "en": [
              "Fermeture: Monday-Sunday."
            ],
            "it": [
              "Chiuso: lunedì-domenica."
            ],
            "fr": [
              "Fermeture: Lundi-Dimanche."
            ],
            "nl": [
              "Fermeture: Maandag-Zondag."
            ],
            "es": [
              "Fermeture: Lunes-Domingo."
            ]
          },
          "hasTranslatedProperty": [
            {
              "@id": "https://data.datatourisme.fr/e18f0c87-5208-3c23-955b-88d6a92ce3b4",
              "dc:contributor": [
                "https://api.deepl.com/v2/translate"
              ],
              "rdf:language": [
                "it"
              ],
              "rdf:predicate": [
                "additionalInformation"
              ]
            }
          ]
        },
        {
          "@id": "https://data.datatourisme.fr/f189f7e6-569c-32b1-acdf-b7b45fe2cbf7",
          "schema:closes": "18:30:00",
          "schema:dayOfWeek": [
            {
              "@id": "schema:Saturday",
              "@type": [
                "schema:DayOfWeek"
              ],
              "rdfs:label": {
                "de": [
                  "Samstag"
                ],
                "pt": [
                  "Sábado"
                ],
                "en": [
                  "Saturday"
                ],
                "it": [
                  "Sabato"
                ],
                "fr": [
                  "Samedi"
                ],
                "nl": [
                  "Zaterdag"
                ],
                "es": [
                  "Sábado"
                ]
              }
            }
          ],
          "schema:opens": "13:15:00",
          "schema:validFrom": "2023-03-01T13:15:00",
          "schema:validThrough": "2023-12-31T18:30:00",
          "@type": [
            "schema:OpeningHoursSpecification"
          ],
          "additionalInformation": {
            "de": [
              "Fermeture: Montag-Sonntag."
            ],
            "en": [
              "Fermeture: Monday-Sunday."
            ],
            "it": [
              "Chiuso: lunedì-domenica."
            ],
            "fr": [
              "Fermeture: Lundi-Dimanche."
            ],
            "nl": [
              "Fermeture: Maandag-Zondag."
            ],
            "es": [
              "Fermeture: Lunes-Domingo."
            ]
          },
          "hasTranslatedProperty": [
            {
              "@id": "https://data.datatourisme.fr/d97ce21e-980d-3457-8009-f063666f747b",
              "dc:contributor": [
                "https://api.deepl.com/v2/translate"
              ],
              "rdf:language": [
                "it"
              ],
              "rdf:predicate": [
                "additionalInformation"
              ]
            }
          ]
        }
      ],
      "@type": [
        "schema:Place",
        "Place"
      ]
    }
  ],
  "lastUpdate": "2023-06-21",
  "lastUpdateDatatourisme": "2023-06-21T23:38:52.277Z",
  "offers": [
    {
      "@id": "https://data.datatourisme.fr/bb4eb9a5-7322-3417-96d8-b03663aac116",
      "schema:acceptedPaymentMethod": [
        {
          "@id": "kb:BlueCard",
          "@type": [
            "schema:PaymentMethod"
          ],
          "rdfs:label": {
            "de": [
              "Carte bleue"
            ],
            "pt": [
              "Cartão de pagamento (Carte bleue)"
            ],
            "en": [
              "Blue card"
            ],
            "it": [
              "Carta blu"
            ],
            "fr": [
              "Carte bleue"
            ],
            "es": [
              "Tarjeta bancaria"
            ],
            "nl": [
              "Carte Bleue"
            ]
          }
        },
        {
          "@id": "kb:Cash",
          "@type": [
            "schema:PaymentMethod"
          ],
          "rdfs:label": {
            "de": [
              "Art"
            ],
            "pt": [
              "Espécie"
            ],
            "en": [
              "Cash"
            ],
            "it": [
              "Contanti"
            ],
            "fr": [
              "Espèce"
            ],
            "es": [
              "Especie"
            ],
            "nl": [
              "Contant"
            ]
          }
        }
      ],
      "schema:priceSpecification": [
        {
          "@id": "https://data.datatourisme.fr/cca6dc93-a479-306c-ac73-f3966f026a8c",
          "schema:maxPrice": [
            "150"
          ],
          "schema:minPrice": [
            "1"
          ],
          "schema:priceCurrency": "EUR",
          "@type": [
            "schema:PriceSpecification"
          ]
        }
      ],
      "@type": [
        "schema:Offer",
        "Offer"
      ]
    }
  ]
}