{
  "@id": "https://data.datatourisme.fr/48/62e9b598-42f0-3798-bcb0-42bfe31155a6",
  "dc:identifier": "FMACHA0520004184",
  "schema:endDate": [
    "2022-08-10"
  ],
  "schema:startDate": [
    "2022-07-28"
  ],
  "@type": [
    "schema:Event",
    "schema:MusicEvent",
    "Concert",
    "CulturalEvent",
    "EntertainmentAndEvent",
    "PointOfInterest"
  ],
  "rdfs:label": {
    "fr": [
      "METAL PARK EN MUSIQUE"
    ]
  },
  "hasBeenCreatedBy": {
    "@id": "https://data.datatourisme.fr/8a7783bd-3f84-3280-96fa-8377a3aa1f10",
    "schema:address": [
      {
        "@id": "https://data.datatourisme.fr/48242e21-cf7b-3fac-bebe-475afbf09c59",
        "schema:addressLocality": "Chaumont",
        "schema:postOfficeBoxNumber": "CS 52048",
        "schema:postalCode": "52902",
        "schema:streetAddress": [
          "4, cours Marcel Baron"
        ],
        "@type": [
          "schema:PostalAddress",
          "PostalAddress"
        ],
        "cedex": "9",
        "hasAddressCity": {
          "@id": "kb:52121",
          "@type": [
            "City"
          ],
          "rdfs:label": {
            "de": [
              "Chaumont"
            ],
            "pt": [
              "Chaumont"
            ],
            "en": [
              "Chaumont"
            ],
            "it": [
              "Chaumont"
            ],
            "fr": [
              "Chaumont"
            ],
            "nl": [
              "Chaumont"
            ],
            "es": [
              "Chaumont"
            ]
          },
          "insee": "52121",
          "isPartOfDepartment": {
            "@id": "kb:France4452",
            "@type": [
              "Department"
            ],
            "rdfs:label": {
              "de": [
                "Haute-Marne"
              ],
              "pt": [
                "Haute-Marne"
              ],
              "en": [
                "Haute-Marne"
              ],
              "it": [
                "Haute-Marne"
              ],
              "fr": [
                "Haute-Marne"
              ],
              "nl": [
                "Haute-Marne"
              ],
              "es": [
                "Haute-Marne"
              ]
            },
            "insee": "52",
            "isPartOfRegion": {
              "@id": "kb:France44",
              "@type": [
                "Region"
              ],
              "rdfs:label": {
                "de": [
                  "Grand Est"
                ],
                "pt": [
                  "Grand Est"
                ],
                "en": [
                  "Grand Est"
                ],
                "it": [
                  "Grand Est"
                ],
                "fr": [
                  "Grand Est"
                ],
                "nl": [
                  "Grand Est"
                ],
                "es": [
                  "Grand Est"
                ]
              },
              "insee": "44",
              "isPartOfCountry": {
                "@id": "kb:France",
                "@type": [
                  "schema:Country"
                ],
                "rdfs:label": {
                  "de": [
                    "France",
                    "Frankreich"
                  ],
                  "pt": [
                    "França",
                    "France"
                  ],
                  "en": [
                    "France"
                  ],
                  "it": [
                    "France",
                    "Francia"
                  ],
                  "fr": [
                    "France"
                  ],
                  "nl": [
                    "France",
                    "Frankrijk"
                  ],
                  "es": [
                    "France",
                    "Francia"
                  ]
                }
              }
            }
          }
        }
      }
    ],
    "schema:email": [
      "info@tourisme-hautemarne.com"
    ],
    "schema:legalName": "Maison Départementale du Tourisme de la Haute-Marne",
    "schema:telephone": [
      "+33 3 25 30 39 00"
    ],
    "@type": [
      "schema:Organization",
      "foaf:Agent",
      "Agent"
    ],
    "foaf:homepage": [
      "https://www.tourisme-hautemarne.com/"
    ]
  },
  "hasBeenPublishedBy": [
    {
      "@id": "https://data.datatourisme.fr/081c4049-7ed3-3499-943a-07e169c91044",
      "schema:address": [
        {
          "@id": "https://data.datatourisme.fr/c2572c5c-b9d0-3ccf-a23b-c378cfab8f2f",
          "schema:addressLocality": "Chaumont",
          "schema:postalCode": "52902",
          "schema:streetAddress": [
            "4, cours Marcel Baron – CS 52048"
          ],
          "@type": [
            "schema:PostalAddress",
            "PostalAddress"
          ],
          "cedex": "9",
          "hasAddressCity": {
            "@id": "kb:52121",
            "@type": [
              "City"
            ],
            "rdfs:label": {
              "de": [
                "Chaumont"
              ],
              "pt": [
                "Chaumont"
              ],
              "en": [
                "Chaumont"
              ],
              "it": [
                "Chaumont"
              ],
              "fr": [
                "Chaumont"
              ],
              "nl": [
                "Chaumont"
              ],
              "es": [
                "Chaumont"
              ]
            },
            "insee": "52121",
            "isPartOfDepartment": {
              "@id": "kb:France4452",
              "@type": [
                "Department"
              ],
              "rdfs:label": {
                "de": [
                  "Haute-Marne"
                ],
                "pt": [
                  "Haute-Marne"
                ],
                "en": [
                  "Haute-Marne"
                ],
                "it": [
                  "Haute-Marne"
                ],
                "fr": [
                  "Haute-Marne"
                ],
                "nl": [
                  "Haute-Marne"
                ],
                "es": [
                  "Haute-Marne"
                ]
              },
              "insee": "52",
              "isPartOfRegion": {
                "@id": "kb:France44",
                "@type": [
                  "Region"
                ],
                "rdfs:label": {
                  "de": [
                    "Grand Est"
                  ],
                  "pt": [
                    "Grand Est"
                  ],
                  "en": [
                    "Grand Est"
                  ],
                  "it": [
                    "Grand Est"
                  ],
                  "fr": [
                    "Grand Est"
                  ],
                  "nl": [
                    "Grand Est"
                  ],
                  "es": [
                    "Grand Est"
                  ]
                },
                "insee": "44",
                "isPartOfCountry": {
                  "@id": "kb:France",
                  "@type": [
                    "schema:Country"
                  ],
                  "rdfs:label": {
                    "de": [
                      "France",
                      "Frankreich"
                    ],
                    "pt": [
                      "França",
                      "France"
                    ],
                    "en": [
                      "France"
                    ],
                    "it": [
                      "France",
                      "Francia"
                    ],
                    "fr": [
                      "France"
                    ],
                    "nl": [
                      "France",
                      "Frankrijk"
                    ],
                    "es": [
                      "France",
                      "Francia"
                    ]
                  }
                }
              }
            }
          }
        }
      ],
      "schema:legalName": "Maison Départementale du Tourisme de la Haute-Marne",
      "@type": [
        "schema:Organization",
        "foaf:Agent",
        "Agent"
      ]
    }
  ],
  "hasContact": [
    {
      "@id": "https://data.datatourisme.fr/59aadc73-df83-3d90-870b-c11241cd2fad",
      "schema:address": [
        {
          "@id": "https://data.datatourisme.fr/7dda3a7e-482c-3b7d-9552-6d63566e8138",
          "schema:addressLocality": "Dommartin-le-Franc",
          "schema:postalCode": "52110",
          "schema:streetAddress": [
            "13 rue du Maréchal Leclerc"
          ],
          "@type": [
            "schema:PostalAddress",
            "PostalAddress"
          ],
          "hasAddressCity": {
            "@id": "kb:52171",
            "@type": [
              "City"
            ],
            "rdfs:label": {
              "de": [
                "Dommartin-le-Franc"
              ],
              "pt": [
                "Dommartin-le-Franc"
              ],
              "en": [
                "Dommartin-le-Franc"
              ],
              "it": [
                "Dommartin-le-Franc"
              ],
              "fr": [
                "Dommartin-le-Franc"
              ],
              "nl": [
                "Dommartin-le-Franc"
              ],
              "es": [
                "Dommartin-le-Franc"
              ]
            },
            "insee": "52171",
            "isPartOfDepartment": {
              "@id": "kb:France4452",
              "@type": [
                "Department"
              ],
              "rdfs:label": {
                "de": [
                  "Haute-Marne"
                ],
                "pt": [
                  "Haute-Marne"
                ],
                "en": [
                  "Haute-Marne"
                ],
                "it": [
                  "Haute-Marne"
                ],
                "fr": [
                  "Haute-Marne"
                ],
                "nl": [
                  "Haute-Marne"
                ],
                "es": [
                  "Haute-Marne"
                ]
              },
              "insee": "52",
              "isPartOfRegion": {
                "@id": "kb:France44",
                "@type": [
                  "Region"
                ],
                "rdfs:label": {
                  "de": [
                    "Grand Est"
                  ],
                  "pt": [
                    "Grand Est"
                  ],
                  "en": [
                    "Grand Est"
                  ],
                  "it": [
                    "Grand Est"
                  ],
                  "fr": [
                    "Grand Est"
                  ],
                  "nl": [
                    "Grand Est"
                  ],
                  "es": [
                    "Grand Est"
                  ]
                },
                "insee": "44",
                "isPartOfCountry": {
                  "@id": "kb:France",
                  "@type": [
                    "schema:Country"
                  ],
                  "rdfs:label": {
                    "de": [
                      "France",
                      "Frankreich"
                    ],
                    "pt": [
                      "França",
                      "France"
                    ],
                    "en": [
                      "France"
                    ],
                    "it": [
                      "France",
                      "Francia"
                    ],
                    "fr": [
                      "France"
                    ],
                    "nl": [
                      "France",
                      "Frankrijk"
                    ],
                    "es": [
                      "France",
                      "Francia"
                    ]
                  }
                }
              }
            }
          }
        }
      ],
      "schema:email": [
        "metallurgicpark@mairie-saintdizier.fr"
      ],
      "schema:telephone": [
        "+33 3 25 04 07 07"
      ],
      "@type": [
        "foaf:Agent",
        "Agent"
      ],
      "foaf:homepage": [
        "http://www.metallurgicpark.fr/"
      ]
    }
  ],
  "hasDescription": [
    {
      "@id": "https://data.datatourisme.fr/676c4083-be12-3ed7-a2ea-ad76a2f1e2b3",
      "dc:description": {
        "de": [
          "Konzerte im Metallurgical Park:\n\n- 28. Juli: Duett für Klavier und Violine\nKammermusik, Film und Weltmusik\n\n- 10. August: Syrine Ben Moussa\nFröhliches Oud, orientalische Musik (Tunesien)"
        ],
        "en": [
          "Concerts at Metallurgical Park:\n\n- July 28: piano and violin duo\nchamber music, film and world music\n\n- August 10: Syrine Ben Moussa\njoyful oud, oriental music (Tunisia)"
        ],
        "it": [
          "Concerti nel Parco Métallurgic :\n\n- 28 luglio: duo pianoforte e violino\nmusica da camera, film e world music\n\n- 10 agosto: Syrine Ben Moussa\nsuonatore di oud, musica orientale (Tunisia)"
        ],
        "fr": [
          "Concerts à Métallurgic Park :\n\n- 28 Juillet : duo piano et violon\nmusique de chambre, musique de film et du monde\n\n- 10 août : Syrine Ben Moussa\njoyeuse de oud, musique orientale (Tunisie)"
        ],
        "es": [
          "Conciertos en el Parque Metalúrgico :\n\n- 28 de julio: dúo de piano y violín\nmúsica de cámara, cine y músicas del mundo\n\n- 10 de agosto: Syrine Ben Moussa\nalegre intérprete de laúd, música oriental (Túnez)"
        ],
        "nl": [
          "Concerten in Metallurgisch Park:\n\n- 28 juli: piano- en vioolduet\nkamermuziek, film en wereldmuziek\n\n- 10 augustus: Syrine Ben Moussa\nvrolijke oud, oosterse muziek (Tunesië)"
        ]
      },
      "@type": [
        "Description"
      ],
      "hasTranslatedProperty": [
        {
          "@id": "https://data.datatourisme.fr/0671ea71-30a7-3c6c-8ac8-7a68082ae6fc",
          "dc:contributor": [
            "https://api.deepl.com/v2/translate"
          ],
          "rdf:language": [
            "it"
          ],
          "rdf:predicate": [
            {
              "@id": "dc:description"
            }
          ]
        },
        {
          "@id": "https://data.datatourisme.fr/d7558f25-713a-367f-b62c-02ec2c1e3ffc",
          "dc:contributor": [
            "https://api.deepl.com/v2/translate"
          ],
          "rdf:language": [
            "es"
          ],
          "rdf:predicate": [
            {
              "@id": "dc:description"
            }
          ]
        }
      ]
    }
  ],
  "isLocatedAt": [
    {
      "@id": "https://data.datatourisme.fr/765bdbd6-1066-31a7-b478-bc4e54bf1c80",
      "schema:address": [
        {
          "@id": "https://data.datatourisme.fr/7dda3a7e-482c-3b7d-9552-6d63566e8138",
          "schema:addressLocality": "Dommartin-le-Franc",
          "schema:postalCode": "52110",
          "schema:streetAddress": [
            "13 rue du Maréchal Leclerc"
          ],
          "@type": [
            "schema:PostalAddress",
            "PostalAddress"
          ],
          "hasAddressCity": {
            "@id": "kb:52171",
            "@type": [
              "City"
            ],
            "rdfs:label": {
              "de": [
                "Dommartin-le-Franc"
              ],
              "pt": [
                "Dommartin-le-Franc"
              ],
              "en": [
                "Dommartin-le-Franc"
              ],
              "it": [
                "Dommartin-le-Franc"
              ],
              "fr": [
                "Dommartin-le-Franc"
              ],
              "nl": [
                "Dommartin-le-Franc"
              ],
              "es": [
                "Dommartin-le-Franc"
              ]
            },
            "insee": "52171",
            "isPartOfDepartment": {
              "@id": "kb:France4452",
              "@type": [
                "Department"
              ],
              "rdfs:label": {
                "de": [
                  "Haute-Marne"
                ],
                "pt": [
                  "Haute-Marne"
                ],
                "en": [
                  "Haute-Marne"
                ],
                "it": [
                  "Haute-Marne"
                ],
                "fr": [
                  "Haute-Marne"
                ],
                "nl": [
                  "Haute-Marne"
                ],
                "es": [
                  "Haute-Marne"
                ]
              },
              "insee": "52",
              "isPartOfRegion": {
                "@id": "kb:France44",
                "@type": [
                  "Region"
                ],
                "rdfs:label": {
                  "de": [
                    "Grand Est"
                  ],
                  "pt": [
                    "Grand Est"
                  ],
                  "en": [
                    "Grand Est"
                  ],
                  "it": [
                    "Grand Est"
                  ],
                  "fr": [
                    "Grand Est"
                  ],
                  "nl": [
                    "Grand Est"
                  ],
                  "es": [
                    "Grand Est"
                  ]
                },
                "insee": "44",
                "isPartOfCountry": {
                  "@id": "kb:France",
                  "@type": [
                    "schema:Country"
                  ],
                  "rdfs:label": {
                    "de": [
                      "France",
                      "Frankreich"
                    ],
                    "pt": [
                      "França",
                      "France"
                    ],
                    "en": [
                      "France"
                    ],
                    "it": [
                      "France",
                      "Francia"
                    ],
                    "fr": [
                      "France"
                    ],
                    "nl": [
                      "France",
                      "Frankrijk"
                    ],
                    "es": [
                      "France",
                      "Francia"
                    ]
                  }
                }
              }
            }
          }
        }
      ],
      "schema:geo": {
        "@id": "https://data.datatourisme.fr/b6afa46e-6ead-37dd-86a1-876188bd4cfa",
        "schema:latitude": "48.429286",
        "schema:longitude": "4.96122",
        "@type": [
          "schema:GeoCoordinates"
        ]
      },
      "schema:openingHoursSpecification": [
        {
          "@id": "https://data.datatourisme.fr/e764e006-96cc-36ee-b62c-3a157c0224a9",
          "schema:validFrom": "2022-07-28T00:00:00",
          "schema:validThrough": "2022-08-10T23:59:59",
          "@type": [
            "schema:OpeningHoursSpecification"
          ],
          "additionalInformation": {
            "fr": [
              "18h30"
            ]
          }
        }
      ],
      "@type": [
        "schema:Place",
        "Place"
      ]
    }
  ],
  "lastUpdate": "2022-08-08",
  "lastUpdateDatatourisme": "2022-12-23T00:37:38.381Z",
  "takesPlaceAt": [
    {
      "@id": "https://data.datatourisme.fr/94fcef83-7241-357f-a000-84c5475072c1",
      "@type": [
        "Period"
      ],
      "endDate": "2022-08-10",
      "openingDetails": {
        "fr": [
          "18h30"
        ]
      },
      "startDate": "2022-07-28"
    }
  ]
}