{
  "@id": "https://data.datatourisme.fr/13/0dc3f3ec-6dd9-3471-a7fd-8c55e183e599",
  "dc:identifier": "5843310",
  "schema:endDate": [
    "2023-12-31"
  ],
  "schema:startDate": [
    "2023-01-01"
  ],
  "@type": [
    "schema:Event",
    "schema:SaleEvent",
    "EntertainmentAndEvent",
    "Market",
    "PointOfInterest",
    "SaleEvent"
  ],
  "rdfs:comment": {
    "de": [
      "3 Stände am Dienstag bis 10 Stände am Samstag: Obst/Gemüse, Fisch, Fleischerei, Geflügel, Brot, Käse und Kleidung am Donnerstag und Samstag."
    ],
    "en": [
      "3 stalls every tuesdays and 10 stalls every saturdays : fruits/veggies, fishmonger, butcher, poultry, bread, cheeses...\r\nClothes stall on thursdays and saturdays."
    ],
    "it": [
      "da 3 bancarelle il martedì a 10 bancarelle il sabato: frutta/verdura, pesce, macelleria, pollame, pane, formaggio e abbigliamento il giovedì e il sabato."
    ],
    "fr": [
      "3 étales le mardi à 10 étales le samedi : fruits/légumes, poissonnerie, boucherie, volailler, pain, fromages et vêtements le jeudi et samedi."
    ],
    "es": [
      "De 3 puestos el martes a 10 puestos el sábado: fruta/verduras, pescado, carnicería, aves, pan, queso y ropa el jueves y el sábado."
    ],
    "nl": [
      "3 kramen op dinsdag tot 10 kramen op zaterdag: fruit/groenten, vis, slagerij, gevogelte, brood, kaas en kleding op donderdag en zaterdag."
    ]
  },
  "rdfs:label": {
    "fr": [
      "Marché de plein vent et marché couvert"
    ]
  },
  "hasBeenCreatedBy": {
    "@id": "https://data.datatourisme.fr/13/0ae3f79a-3023-3b6c-85a6-f7d298ba1310",
    "dc:identifier": "2065",
    "schema:email": [
      "elodie@destination-cognac.com",
      "emmanuelle@destination-cognac.com",
      "evelyne@destination-cognac.com",
      "pascale@destination-cognac.com"
    ],
    "schema:legalName": "Destination Cognac",
    "@type": [
      "schema:Organization",
      "foaf:Agent",
      "Agent"
    ],
    "foaf:homepage": [
      "https://www.destination-cognac.com/"
    ]
  },
  "hasBeenPublishedBy": [
    {
      "@id": "https://data.datatourisme.fr/ab49b1d8-4a8f-32b0-9489-a6b335bc8295",
      "schema:legalName": "Charentes Tourisme - source : Apidae Tourisme",
      "@type": [
        "schema:Organization",
        "foaf:Agent",
        "Agent"
      ],
      "foaf:homepage": [
        "https://www.apidae-tourisme.com/"
      ]
    }
  ],
  "hasContact": [
    {
      "@id": "https://data.datatourisme.fr/99f7a3c6-8678-30c2-8823-b4d65005c9e9",
      "schema:telephone": [
        "+33 5 45 97 12 42"
      ],
      "@type": [
        "foaf:Agent",
        "Agent"
      ]
    }
  ],
  "hasDescription": [
    {
      "@id": "https://data.datatourisme.fr/3fa8817e-e82a-3613-9642-179414b2fd84",
      "@type": [
        "Description"
      ],
      "hasTranslatedProperty": [
        {
          "@id": "https://data.datatourisme.fr/347aa04d-2cea-3b27-b5b7-f9373b09041b",
          "dc:contributor": [
            "https://api.deepl.com/v2/translate"
          ],
          "rdf:language": [
            "it"
          ],
          "rdf:predicate": [
            "shortDescription"
          ]
        },
        {
          "@id": "https://data.datatourisme.fr/a6b91c2b-3bae-3f0b-b914-7b77d7f81165",
          "dc:contributor": [
            "https://api.deepl.com/v2/translate"
          ],
          "rdf:language": [
            "de"
          ],
          "rdf:predicate": [
            "shortDescription"
          ]
        },
        {
          "@id": "https://data.datatourisme.fr/b7c2bcf4-b287-3af7-8965-6b0e6dbce372",
          "dc:contributor": [
            "https://api.deepl.com/v2/translate"
          ],
          "rdf:language": [
            "nl"
          ],
          "rdf:predicate": [
            "shortDescription"
          ]
        }
      ],
      "shortDescription": {
        "de": [
          "3 Stände am Dienstag bis 10 Stände am Samstag: Obst/Gemüse, Fisch, Fleischerei, Geflügel, Brot, Käse und Kleidung am Donnerstag und Samstag."
        ],
        "en": [
          "3 stalls every tuesdays and 10 stalls every saturdays : fruits/veggies, fishmonger, butcher, poultry, bread, cheeses...\r\nClothes stall on thursdays and saturdays."
        ],
        "it": [
          "da 3 bancarelle il martedì a 10 bancarelle il sabato: frutta/verdura, pesce, macelleria, pollame, pane, formaggio e abbigliamento il giovedì e il sabato."
        ],
        "fr": [
          "3 étales le mardi à 10 étales le samedi : fruits/légumes, poissonnerie, boucherie, volailler, pain, fromages et vêtements le jeudi et samedi."
        ],
        "es": [
          "De 3 puestos el martes a 10 puestos el sábado: fruta/verduras, pescado, carnicería, aves, pan, queso y ropa el jueves y el sábado."
        ],
        "nl": [
          "3 kramen op dinsdag tot 10 kramen op zaterdag: fruit/groenten, vis, slagerij, gevogelte, brood, kaas en kleding op donderdag en zaterdag."
        ]
      }
    }
  ],
  "hasTranslatedProperty": [
    {
      "@id": "https://data.datatourisme.fr/7d096f4c-33e2-36bb-98b2-2b0736205ba2",
      "dc:contributor": [
        "https://api.deepl.com/v2/translate"
      ],
      "rdf:language": [
        "it"
      ],
      "rdf:predicate": [
        {
          "@id": "rdfs:comment"
        }
      ]
    },
    {
      "@id": "https://data.datatourisme.fr/91d6c0ad-0aa6-3722-b769-28bf8efbeb2b",
      "dc:contributor": [
        "https://api.deepl.com/v2/translate"
      ],
      "rdf:language": [
        "nl"
      ],
      "rdf:predicate": [
        {
          "@id": "rdfs:comment"
        }
      ]
    },
    {
      "@id": "https://data.datatourisme.fr/c3ea45ad-b106-32c3-9ba4-4e20bdbe65ad",
      "dc:contributor": [
        "https://api.deepl.com/v2/translate"
      ],
      "rdf:language": [
        "de"
      ],
      "rdf:predicate": [
        {
          "@id": "rdfs:comment"
        }
      ]
    }
  ],
  "isLocatedAt": [
    {
      "@id": "https://data.datatourisme.fr/87d590a6-2edf-3c3a-b3d0-aea655b594a0",
      "schema:address": [
        {
          "@id": "https://data.datatourisme.fr/a0bfe88b-ab6c-3337-a1bd-74fc6ba70d3f",
          "schema:addressLocality": "Châteauneuf-sur-Charente",
          "schema:postalCode": "16120",
          "schema:streetAddress": [
            "Rue Berthe et Jules Noblet",
            "Rue Berthe"
          ],
          "@type": [
            "schema:PostalAddress",
            "PostalAddress"
          ],
          "hasAddressCity": {
            "@id": "kb:16090",
            "@type": [
              "City"
            ],
            "rdfs:label": {
              "de": [
                "Châteauneuf-sur-Charente"
              ],
              "pt": [
                "Châteauneuf-sur-Charente"
              ],
              "en": [
                "Châteauneuf-sur-Charente"
              ],
              "it": [
                "Châteauneuf-sur-Charente"
              ],
              "fr": [
                "Châteauneuf-sur-Charente"
              ],
              "nl": [
                "Châteauneuf-sur-Charente"
              ],
              "es": [
                "Châteauneuf-sur-Charente"
              ]
            },
            "insee": "16090",
            "isPartOfDepartment": {
              "@id": "kb:France7516",
              "@type": [
                "Department"
              ],
              "rdfs:label": {
                "de": [
                  "Charente"
                ],
                "pt": [
                  "Charente"
                ],
                "en": [
                  "Charente"
                ],
                "it": [
                  "Charente"
                ],
                "fr": [
                  "Charente"
                ],
                "nl": [
                  "Charente"
                ],
                "es": [
                  "Charente"
                ]
              },
              "insee": "16",
              "isPartOfRegion": {
                "@id": "kb:France75",
                "@type": [
                  "Region"
                ],
                "rdfs:label": {
                  "de": [
                    "Nouvelle-Aquitaine"
                  ],
                  "pt": [
                    "Nouvelle-Aquitaine"
                  ],
                  "en": [
                    "Nouvelle-Aquitaine"
                  ],
                  "it": [
                    "Nouvelle-Aquitaine"
                  ],
                  "fr": [
                    "Nouvelle-Aquitaine"
                  ],
                  "nl": [
                    "Nouvelle-Aquitaine"
                  ],
                  "es": [
                    "Nouvelle-Aquitaine"
                  ]
                },
                "insee": "75",
                "isPartOfCountry": {
                  "@id": "kb:France",
                  "@type": [
                    "schema:Country"
                  ],
                  "rdfs:label": {
                    "de": [
                      "France",
                      "Frankreich"
                    ],
                    "pt": [
                      "França",
                      "France"
                    ],
                    "en": [
                      "France"
                    ],
                    "it": [
                      "France",
                      "Francia"
                    ],
                    "fr": [
                      "France"
                    ],
                    "nl": [
                      "France",
                      "Frankrijk"
                    ],
                    "es": [
                      "France",
                      "Francia"
                    ]
                  }
                }
              }
            }
          }
        }
      ],
      "schema:geo": {
        "@id": "https://data.datatourisme.fr/4fbb9702-fe1e-3197-b3a6-ac34eb438abb",
        "schema:latitude": "45.599911",
        "schema:longitude": "-0.054509",
        "@type": [
          "schema:GeoCoordinates"
        ]
      },
      "schema:openingHoursSpecification": [
        {
          "@id": "https://data.datatourisme.fr/bb635f8b-6205-3375-8811-3685da9607ed",
          "schema:closes": "12:00:00",
          "schema:opens": "08:00:00",
          "schema:validFrom": "2023-01-01T00:00:00",
          "schema:validThrough": "2023-12-31T23:59:59",
          "@type": [
            "schema:OpeningHoursSpecification"
          ]
        }
      ],
      "@type": [
        "schema:Place",
        "Place"
      ]
    }
  ],
  "isOwnedBy": [
    {
      "@id": "https://data.datatourisme.fr/b2f223ca-b3f8-38b3-9aef-bb09899fb1d3",
      "schema:email": [
        "elodie@destination-cognac.com",
        "emmanuelle@destination-cognac.com",
        "evelyne@destination-cognac.com",
        "pascale@destination-cognac.com"
      ],
      "schema:legalName": "Destination Cognac",
      "@type": [
        "schema:Organization",
        "foaf:Agent",
        "Agent"
      ],
      "foaf:homepage": [
        "https://www.destination-cognac.com/"
      ]
    }
  ],
  "lastUpdate": "2022-05-25",
  "lastUpdateDatatourisme": "2023-02-01T18:07:36.085Z",
  "takesPlaceAt": [
    {
      "@id": "https://data.datatourisme.fr/afde52d0-5047-3f43-b8dd-b99333d7213c",
      "@type": [
        "Period",
        "RecurrentPeriod"
      ],
      "appliesOnDay": [
        {
          "@id": "schema:Saturday",
          "@type": [
            "schema:DayOfWeek"
          ],
          "rdfs:label": {
            "de": [
              "Samstag"
            ],
            "pt": [
              "Sábado"
            ],
            "en": [
              "Saturday"
            ],
            "it": [
              "Sabato"
            ],
            "fr": [
              "Samedi"
            ],
            "nl": [
              "Zaterdag"
            ],
            "es": [
              "Sábado"
            ]
          }
        },
        {
          "@id": "schema:Thursday",
          "@type": [
            "schema:DayOfWeek"
          ],
          "rdfs:label": {
            "de": [
              "Donnerstag"
            ],
            "pt": [
              "Quinta-feira"
            ],
            "en": [
              "Thursday"
            ],
            "it": [
              "Giovedì"
            ],
            "fr": [
              "Jeudi"
            ],
            "es": [
              "Jueves"
            ],
            "nl": [
              "Donderdag"
            ]
          }
        },
        {
          "@id": "schema:Tuesday",
          "@type": [
            "schema:DayOfWeek"
          ],
          "rdfs:label": {
            "de": [
              "Dienstag"
            ],
            "pt": [
              "Terça-feira"
            ],
            "en": [
              "Tuesday"
            ],
            "it": [
              "Martedì"
            ],
            "fr": [
              "Mardi"
            ],
            "es": [
              "Martes"
            ],
            "nl": [
              "Dinsdag"
            ]
          }
        }
      ],
      "endDate": "2023-12-31",
      "endTime": "12:00:00",
      "startDate": "2023-01-01",
      "startTime": "08:00:00"
    }
  ]
}