{
  "@id": "https://data.datatourisme.fr/48/dc0e449f-0e95-3501-8f8e-ebbebd43209c",
  "dc:identifier": "RESCHA0520000388",
  "@type": [
    "schema:FoodEstablishment",
    "FoodEstablishment",
    "PlaceOfInterest",
    "PointOfInterest"
  ],
  "rdfs:label": {
    "fr": [
      "LA TAVERNE DES GAULOIS"
    ]
  },
  "hasAudience": [
    {
      "@id": "kb:Groups",
      "@type": [
        "PeopleAudience"
      ],
      "rdfs:label": {
        "de": [
          "Gruppen"
        ],
        "pt": [
          "Grupos"
        ],
        "en": [
          "Groups"
        ],
        "it": [
          "Gruppi"
        ],
        "fr": [
          "Groupes"
        ],
        "es": [
          "Grupos"
        ],
        "nl": [
          "Groepen"
        ]
      }
    }
  ],
  "hasBeenCreatedBy": {
    "@id": "https://data.datatourisme.fr/8a7783bd-3f84-3280-96fa-8377a3aa1f10",
    "schema:address": [
      {
        "@id": "https://data.datatourisme.fr/48242e21-cf7b-3fac-bebe-475afbf09c59",
        "schema:addressLocality": "Chaumont",
        "schema:postOfficeBoxNumber": "CS 52048",
        "schema:postalCode": "52902",
        "schema:streetAddress": [
          "4, cours Marcel Baron"
        ],
        "@type": [
          "schema:PostalAddress",
          "PostalAddress"
        ],
        "cedex": "9",
        "hasAddressCity": {
          "@id": "kb:52121",
          "@type": [
            "City"
          ],
          "rdfs:label": {
            "de": [
              "Chaumont"
            ],
            "pt": [
              "Chaumont"
            ],
            "en": [
              "Chaumont"
            ],
            "it": [
              "Chaumont"
            ],
            "fr": [
              "Chaumont"
            ],
            "nl": [
              "Chaumont"
            ],
            "es": [
              "Chaumont"
            ]
          },
          "insee": "52121",
          "isPartOfDepartment": {
            "@id": "kb:France4452",
            "@type": [
              "Department"
            ],
            "rdfs:label": {
              "de": [
                "Haute-Marne"
              ],
              "pt": [
                "Haute-Marne"
              ],
              "en": [
                "Haute-Marne"
              ],
              "it": [
                "Haute-Marne"
              ],
              "fr": [
                "Haute-Marne"
              ],
              "nl": [
                "Haute-Marne"
              ],
              "es": [
                "Haute-Marne"
              ]
            },
            "insee": "52",
            "isPartOfRegion": {
              "@id": "kb:France44",
              "@type": [
                "Region"
              ],
              "rdfs:label": {
                "de": [
                  "Grand Est"
                ],
                "pt": [
                  "Grand Est"
                ],
                "en": [
                  "Grand Est"
                ],
                "it": [
                  "Grand Est"
                ],
                "fr": [
                  "Grand Est"
                ],
                "nl": [
                  "Grand Est"
                ],
                "es": [
                  "Grand Est"
                ]
              },
              "insee": "44",
              "isPartOfCountry": {
                "@id": "kb:France",
                "@type": [
                  "schema:Country"
                ],
                "rdfs:label": {
                  "de": [
                    "France",
                    "Frankreich"
                  ],
                  "pt": [
                    "França",
                    "France"
                  ],
                  "en": [
                    "France"
                  ],
                  "it": [
                    "France",
                    "Francia"
                  ],
                  "fr": [
                    "France"
                  ],
                  "nl": [
                    "France",
                    "Frankrijk"
                  ],
                  "es": [
                    "France",
                    "Francia"
                  ]
                }
              }
            }
          }
        }
      }
    ],
    "schema:email": [
      "info@tourisme-hautemarne.com"
    ],
    "schema:legalName": "Maison Départementale du Tourisme de la Haute-Marne",
    "schema:telephone": [
      "+33 3 25 30 39 00"
    ],
    "@type": [
      "schema:Organization",
      "foaf:Agent",
      "Agent"
    ],
    "foaf:homepage": [
      "https://www.tourisme-hautemarne.com/"
    ]
  },
  "hasBeenPublishedBy": [
    {
      "@id": "https://data.datatourisme.fr/081c4049-7ed3-3499-943a-07e169c91044",
      "schema:address": [
        {
          "@id": "https://data.datatourisme.fr/c2572c5c-b9d0-3ccf-a23b-c378cfab8f2f",
          "schema:addressLocality": "Chaumont",
          "schema:postalCode": "52902",
          "schema:streetAddress": [
            "4, cours Marcel Baron – CS 52048"
          ],
          "@type": [
            "schema:PostalAddress",
            "PostalAddress"
          ],
          "cedex": "9",
          "hasAddressCity": {
            "@id": "kb:52121",
            "@type": [
              "City"
            ],
            "rdfs:label": {
              "de": [
                "Chaumont"
              ],
              "pt": [
                "Chaumont"
              ],
              "en": [
                "Chaumont"
              ],
              "it": [
                "Chaumont"
              ],
              "fr": [
                "Chaumont"
              ],
              "nl": [
                "Chaumont"
              ],
              "es": [
                "Chaumont"
              ]
            },
            "insee": "52121",
            "isPartOfDepartment": {
              "@id": "kb:France4452",
              "@type": [
                "Department"
              ],
              "rdfs:label": {
                "de": [
                  "Haute-Marne"
                ],
                "pt": [
                  "Haute-Marne"
                ],
                "en": [
                  "Haute-Marne"
                ],
                "it": [
                  "Haute-Marne"
                ],
                "fr": [
                  "Haute-Marne"
                ],
                "nl": [
                  "Haute-Marne"
                ],
                "es": [
                  "Haute-Marne"
                ]
              },
              "insee": "52",
              "isPartOfRegion": {
                "@id": "kb:France44",
                "@type": [
                  "Region"
                ],
                "rdfs:label": {
                  "de": [
                    "Grand Est"
                  ],
                  "pt": [
                    "Grand Est"
                  ],
                  "en": [
                    "Grand Est"
                  ],
                  "it": [
                    "Grand Est"
                  ],
                  "fr": [
                    "Grand Est"
                  ],
                  "nl": [
                    "Grand Est"
                  ],
                  "es": [
                    "Grand Est"
                  ]
                },
                "insee": "44",
                "isPartOfCountry": {
                  "@id": "kb:France",
                  "@type": [
                    "schema:Country"
                  ],
                  "rdfs:label": {
                    "de": [
                      "France",
                      "Frankreich"
                    ],
                    "pt": [
                      "França",
                      "France"
                    ],
                    "en": [
                      "France"
                    ],
                    "it": [
                      "France",
                      "Francia"
                    ],
                    "fr": [
                      "France"
                    ],
                    "nl": [
                      "France",
                      "Frankrijk"
                    ],
                    "es": [
                      "France",
                      "Francia"
                    ]
                  }
                }
              }
            }
          }
        }
      ],
      "schema:legalName": "Maison Départementale du Tourisme de la Haute-Marne",
      "@type": [
        "schema:Organization",
        "foaf:Agent",
        "Agent"
      ]
    }
  ],
  "hasClientTarget": [
    {
      "@id": "kb:Groups",
      "@type": [
        "PeopleAudience"
      ],
      "rdfs:label": {
        "de": [
          "Gruppen"
        ],
        "pt": [
          "Grupos"
        ],
        "en": [
          "Groups"
        ],
        "it": [
          "Gruppi"
        ],
        "fr": [
          "Groupes"
        ],
        "es": [
          "Grupos"
        ],
        "nl": [
          "Groepen"
        ]
      }
    }
  ],
  "hasContact": [
    {
      "@id": "https://data.datatourisme.fr/36c3cf15-0cc0-3c1b-8a57-bab8ee2cb9f8",
      "schema:address": [
        {
          "@id": "https://data.datatourisme.fr/bdc82ae0-dc7d-32eb-ab60-425399a6e66b",
          "schema:addressLocality": "Manois",
          "schema:postalCode": "52700",
          "schema:streetAddress": [
            "27 Grande Rue",
            "Sylvia et Philippe MAILLOT"
          ],
          "@type": [
            "schema:PostalAddress",
            "PostalAddress"
          ],
          "hasAddressCity": {
            "@id": "kb:52306",
            "@type": [
              "City"
            ],
            "rdfs:label": {
              "de": [
                "Manois"
              ],
              "pt": [
                "Manois"
              ],
              "en": [
                "Manois"
              ],
              "it": [
                "Manois"
              ],
              "fr": [
                "Manois"
              ],
              "nl": [
                "Manois"
              ],
              "es": [
                "Manois"
              ]
            },
            "insee": "52306",
            "isPartOfDepartment": {
              "@id": "kb:France4452",
              "@type": [
                "Department"
              ],
              "rdfs:label": {
                "de": [
                  "Haute-Marne"
                ],
                "pt": [
                  "Haute-Marne"
                ],
                "en": [
                  "Haute-Marne"
                ],
                "it": [
                  "Haute-Marne"
                ],
                "fr": [
                  "Haute-Marne"
                ],
                "nl": [
                  "Haute-Marne"
                ],
                "es": [
                  "Haute-Marne"
                ]
              },
              "insee": "52",
              "isPartOfRegion": {
                "@id": "kb:France44",
                "@type": [
                  "Region"
                ],
                "rdfs:label": {
                  "de": [
                    "Grand Est"
                  ],
                  "pt": [
                    "Grand Est"
                  ],
                  "en": [
                    "Grand Est"
                  ],
                  "it": [
                    "Grand Est"
                  ],
                  "fr": [
                    "Grand Est"
                  ],
                  "nl": [
                    "Grand Est"
                  ],
                  "es": [
                    "Grand Est"
                  ]
                },
                "insee": "44",
                "isPartOfCountry": {
                  "@id": "kb:France",
                  "@type": [
                    "schema:Country"
                  ],
                  "rdfs:label": {
                    "de": [
                      "France",
                      "Frankreich"
                    ],
                    "pt": [
                      "França",
                      "France"
                    ],
                    "en": [
                      "France"
                    ],
                    "it": [
                      "France",
                      "Francia"
                    ],
                    "fr": [
                      "France"
                    ],
                    "nl": [
                      "France",
                      "Frankrijk"
                    ],
                    "es": [
                      "France",
                      "Francia"
                    ]
                  }
                }
              }
            }
          }
        }
      ],
      "schema:email": [
        "mamaildemanois@wanadoo.fr"
      ],
      "schema:familyName": [
        "MAILLOT"
      ],
      "schema:givenName": [
        "Sylwia et Philippe"
      ],
      "schema:legalName": "A la Taverne des Gaulois",
      "schema:telephone": [
        "+33 3 25 02 80 57"
      ],
      "@type": [
        "schema:Organization",
        "schema:Person",
        "foaf:Agent",
        "Agent"
      ]
    }
  ],
  "hasDescription": [
    {
      "@id": "https://data.datatourisme.fr/fed3a04a-d0f9-3729-b239-effbb1887eb1",
      "dc:description": {
        "de": [
          "Pays des 3 Vallées von Doulaincourt bis Andelot und bis an die Grenzen der Vogesen - eine atemberaubende Natur: Forellenflüsse, Orchideenland, Naturgebiet des Cul du Cerf, aber auch reich an bemerkenswertem religiösen Kulturerbe…"
        ],
        "en": [
          "The Three Valleys Region from Doulaincourt to Andelot, all the way to the borders of the Vosges, with nature that is breathtaking: trout streams, the region of orchids and of the “Cul du Cerf” (a precipice in the form of an amphitheatre). But it is also enriched with a remarkable religious heritage...\n\nThis tavern exudes generosity and friendliness. Before sitting down to eat, Philippe will refresh you with a craft beers of its neighboring Vosges or Coiffy wine glass that you will be pleased to discover. Then Sylwia will feast you with a simple and generous cuisine inspired by his native country, Poland. Do not hesitate to push the door of this typical place of our region, you will certainly be welcomed."
        ],
        "it": [
          "Il Pays des 3 Vallées, da Doulaincourt ad Andelot, ai margini dei Vosgi? Un ambiente naturale mozzafiato: fiumi di trote, la terra delle orchidee e il Cul du Cerf, ma anche un notevole patrimonio religioso?\n\nDall'altopiano degli Hauts-Pays, da Leurville ad Andelot, dove potrete ascoltare le voci di Michel Galabru e Eric Cantons che vi raccontano la storia del 1° trattato europeo del 587 davanti ad affreschi storici, passando per Orquevaux, dove avrete avuto l'opportunità di fare una delle passeggiate più tipiche della valle, quella del \"Cul du Cerf\", poi Humberville, arriverete a Manois seguendo il fiume omonimo.\n\nQuesta taverna emana generosità e convivialità. Prima di sedersi a tavola, Philippe vi disseterà con una delle sue birre artigianali dei vicini Vosgi o con un bicchiere di vino Coiffy che sarà lieto di farvi scoprire. Sylwia vi delizierà poi con la sua cucina semplice e generosa, ispirata alla sua terra d'origine, la Polonia. Non esitate a spingere la porta di questo locale tipico della nostra regione, sarete sicuramente i benvenuti.\n\nSpecialità culinarie \n\n- salumi fatti in casa (terrina, paté, formaggio di testa)\n- varie specialità polacche\n\nBar, ristorante, catering, tabacchi, giochi, calcio balilla, francobolli, punto verde."
        ],
        "fr": [
          "Pays des 3 Vallées de Doulaincourt à Andelot, jusqu’aux confins des Vosges … une nature à vous couper le souffle : rivières à truites, pays des orchidées et du Cul du Cerf mais aussi riche d’un patrimoine religieux remarquable …\n\nDu plateau des Hauts-Pays, de Leurville à Andelot où vous pourrez entendre les voix de Michel Galabru et Eric cantons vous conter l'histoire du 1er Traité Européen de 587devant des fresques historiques, en passant par Orquevaux, où vous aurez pu faire une des plus typique balades de la vallée, celle du « Cul du Cerf », puis Humberville, vous arriverez à Manois en suivant la rivière du même nom.\n\nCette taverne respire la générosité et la convivialité. Avant de passer à table, Philippe vous désaltèrera d’une de ses bières artisanales des Vosges voisines ou d’un verre de vin de Coiffy qu’il aura plaisir à vous faire découvrir. Sylwia vous régalera ensuite de sa cuisine simple et généreuse, inspirée de sa Pologne natale. N’hésitez pas à pousser la porte de cet établissement typique de notre région, vous y serez à coup sûr les bienvenus.\n\nSpécialités culinaires : \n\n- charcuterie maison (terrine, pâté, fromage de tête)\n- différentes spécialités polonaises\n\nBar, Restaurant, traiteur, tabac, jeux, babyfoot, timbres, point vert."
        ],
        "es": [
          "Pays des 3 Vallées, desde Doulaincourt hasta Andelot, al borde de los Vosgos... un entorno natural impresionante: ríos trucheros, país de las orquídeas y el Cul du Cerf, pero también un notable patrimonio religioso..\n\nDesde la meseta de Hauts-Pays, de Leurville a Andelot donde podrá escuchar las voces de Michel Galabru y Eric Cantons contándole la historia del 1er Tratado Europeo de 587 delante de frescos históricos, pasando por Orquevaux, donde habrá podido realizar uno de los paseos más típicos del valle, el del \"Cul du Cerf\", luego Humberville, llegará a Manois siguiendo el río del mismo nombre\n\nEsta taberna desprende generosidad y convivencia. Antes de sentarse a comer, Philippe saciará su sed con una de sus cervezas artesanales de los vecinos Vosgos o una copa de vino Coiffy que estará encantado de ayudarle a descubrir. A continuación, Sylwia le deleitará con su cocina sencilla y generosa, inspirada en su Polonia natal. No dude en empujar la puerta de este establecimiento típico de nuestra región, seguro que será bienvenido.\n\nEspecialidades culinarias \n\n- embutidos caseros (terrina, paté, queso de cabeza)\n- varias especialidades polacas\n\nBar, restaurante, catering, tabaco, juegos, futbolín, sellos, punto verde."
        ],
        "nl": [
          "Land van de 3 Valleien van Doulaincourt tot Andelot, tot aan de rand van de Vogezen: een adembenemende natuur: rivieren met forellen, graslanden met orchideeën, en het natuurverschijnsel de ‘Cul du Cerf’, maar ook opmerkelijke religieuze monumenten."
        ]
      },
      "@type": [
        "Description"
      ],
      "hasTranslatedProperty": [
        {
          "@id": "https://data.datatourisme.fr/042ce2cd-115a-3375-abe9-75fdb9f148a0",
          "dc:contributor": [
            "https://api.deepl.com/v2/translate"
          ],
          "rdf:language": [
            "es"
          ],
          "rdf:predicate": [
            {
              "@id": "dc:description"
            }
          ]
        },
        {
          "@id": "https://data.datatourisme.fr/24cdd5a0-c1a4-3a9a-8f57-3653fb54d70f",
          "dc:contributor": [
            "https://api.deepl.com/v2/translate"
          ],
          "rdf:language": [
            "it"
          ],
          "rdf:predicate": [
            {
              "@id": "dc:description"
            }
          ]
        }
      ]
    }
  ],
  "isLocatedAt": [
    {
      "@id": "https://data.datatourisme.fr/abf62895-08af-306d-87e2-ea0224a9df26",
      "schema:address": [
        {
          "@id": "https://data.datatourisme.fr/bdc82ae0-dc7d-32eb-ab60-425399a6e66b",
          "schema:addressLocality": "Manois",
          "schema:postalCode": "52700",
          "schema:streetAddress": [
            "27 Grande Rue",
            "Sylvia et Philippe MAILLOT"
          ],
          "@type": [
            "schema:PostalAddress",
            "PostalAddress"
          ],
          "hasAddressCity": {
            "@id": "kb:52306",
            "@type": [
              "City"
            ],
            "rdfs:label": {
              "de": [
                "Manois"
              ],
              "pt": [
                "Manois"
              ],
              "en": [
                "Manois"
              ],
              "it": [
                "Manois"
              ],
              "fr": [
                "Manois"
              ],
              "nl": [
                "Manois"
              ],
              "es": [
                "Manois"
              ]
            },
            "insee": "52306",
            "isPartOfDepartment": {
              "@id": "kb:France4452",
              "@type": [
                "Department"
              ],
              "rdfs:label": {
                "de": [
                  "Haute-Marne"
                ],
                "pt": [
                  "Haute-Marne"
                ],
                "en": [
                  "Haute-Marne"
                ],
                "it": [
                  "Haute-Marne"
                ],
                "fr": [
                  "Haute-Marne"
                ],
                "nl": [
                  "Haute-Marne"
                ],
                "es": [
                  "Haute-Marne"
                ]
              },
              "insee": "52",
              "isPartOfRegion": {
                "@id": "kb:France44",
                "@type": [
                  "Region"
                ],
                "rdfs:label": {
                  "de": [
                    "Grand Est"
                  ],
                  "pt": [
                    "Grand Est"
                  ],
                  "en": [
                    "Grand Est"
                  ],
                  "it": [
                    "Grand Est"
                  ],
                  "fr": [
                    "Grand Est"
                  ],
                  "nl": [
                    "Grand Est"
                  ],
                  "es": [
                    "Grand Est"
                  ]
                },
                "insee": "44",
                "isPartOfCountry": {
                  "@id": "kb:France",
                  "@type": [
                    "schema:Country"
                  ],
                  "rdfs:label": {
                    "de": [
                      "France",
                      "Frankreich"
                    ],
                    "pt": [
                      "França",
                      "France"
                    ],
                    "en": [
                      "France"
                    ],
                    "it": [
                      "France",
                      "Francia"
                    ],
                    "fr": [
                      "France"
                    ],
                    "nl": [
                      "France",
                      "Frankrijk"
                    ],
                    "es": [
                      "France",
                      "Francia"
                    ]
                  }
                }
              }
            }
          }
        }
      ],
      "schema:geo": {
        "@id": "https://data.datatourisme.fr/7241baed-40fe-3704-a0f7-f19fc9adc825",
        "schema:latitude": "48.2760408",
        "schema:longitude": "5.3627168",
        "@type": [
          "schema:GeoCoordinates"
        ]
      },
      "schema:openingHoursSpecification": [
        {
          "@id": "https://data.datatourisme.fr/050920f2-ca84-3093-8681-7007bf5f4e7f",
          "@type": [
            "schema:OpeningHoursSpecification"
          ],
          "additionalInformation": {
            "de": [
              "Geöffnet von Montag bis Sonntag von 7:30 bis 21:00 Uhr (Bar/Tabak) und von 12:00 bis 13:30 Uhr für die Gastronomie\nGastronomie: mit Reservierung am Wochenende, abends und an Feiertagen."
            ],
            "en": [
              "Open from Monday to Sunday from 7.30am to 9pm (bar/tobacco) and from 12pm to 1.30pm for catering\nCatering: by reservation on weekends, evenings and public holidays."
            ],
            "it": [
              "Aperto dal lunedì alla domenica dalle 7.30 alle 21.00 (bar/tabacchi) e dalle 12.00 alle 13.30 per il ristorante\nRistorazione: su prenotazione nei fine settimana, la sera e nei giorni festivi."
            ],
            "fr": [
              "Ouvert du lundi au dimanche de 7h30 à 21h (bar/tabac) et de 12h à 13h30 pour la restauration\nRestauration : sur réservation le week-end, le soir et les jours fériés."
            ],
            "nl": [
              "Open van maandag tot zondag van 7u30 tot 21u (bar/tabakszaak) en van 12u tot 13u30 voor het restaurant\nCatering: op reservering in het weekend, 's avonds en op feestdagen."
            ],
            "es": [
              "Abierto de lunes a domingo de 7:30 a 21:00 (bar/tabaco) y de 12:00 a 13:30 para el restaurante\nRestauración: con reserva los fines de semana, las noches y los días festivos."
            ]
          },
          "hasTranslatedProperty": [
            {
              "@id": "https://data.datatourisme.fr/60f66887-031f-3571-8a31-60ef07f36196",
              "dc:contributor": [
                "https://api.deepl.com/v2/translate"
              ],
              "rdf:language": [
                "nl"
              ],
              "rdf:predicate": [
                "additionalInformation"
              ]
            },
            {
              "@id": "https://data.datatourisme.fr/6101d2b9-0648-3c1f-b5e5-5b106fba2ef3",
              "dc:contributor": [
                "https://api.deepl.com/v2/translate"
              ],
              "rdf:language": [
                "it"
              ],
              "rdf:predicate": [
                "additionalInformation"
              ]
            },
            {
              "@id": "https://data.datatourisme.fr/bc9471ec-77e4-342e-ac5e-26094e696490",
              "dc:contributor": [
                "https://api.deepl.com/v2/translate"
              ],
              "rdf:language": [
                "es"
              ],
              "rdf:predicate": [
                "additionalInformation"
              ]
            },
            {
              "@id": "https://data.datatourisme.fr/d721ec39-15a6-3b49-a7f5-259379ba6960",
              "dc:contributor": [
                "https://api.deepl.com/v2/translate"
              ],
              "rdf:language": [
                "de"
              ],
              "rdf:predicate": [
                "additionalInformation"
              ]
            },
            {
              "@id": "https://data.datatourisme.fr/f492a846-c3b3-3ce9-9c28-302fc7c19b83",
              "dc:contributor": [
                "https://api.deepl.com/v2/translate"
              ],
              "rdf:language": [
                "en"
              ],
              "rdf:predicate": [
                "additionalInformation"
              ]
            }
          ]
        }
      ],
      "@type": [
        "schema:Place",
        "Place"
      ]
    }
  ],
  "lastUpdate": "2020-01-14",
  "lastUpdateDatatourisme": "2022-05-25T00:10:50.234Z",
  "offers": [
    {
      "@id": "https://data.datatourisme.fr/dac17763-3027-3798-a6a7-479665d50d6a",
      "schema:acceptedPaymentMethod": [
        {
          "@id": "kb:EurocardMastercard",
          "@type": [
            "schema:PaymentMethod"
          ],
          "rdfs:label": {
            "de": [
              "Eurocard – Mastercard"
            ],
            "pt": [
              "Eurocard — Mastercard"
            ],
            "en": [
              "Eurocard - mastercard"
            ],
            "it": [
              "Eurocard - mastercard"
            ],
            "fr": [
              "Eurocard - mastercard"
            ],
            "nl": [
              "Eurocard - Mastercard"
            ],
            "es": [
              "Eurocard - Mastercard"
            ]
          }
        },
        {
          "@id": "kb:Visa",
          "@type": [
            "schema:PaymentMethod"
          ],
          "rdfs:label": {
            "de": [
              "Visa"
            ],
            "pt": [
              "Visto"
            ],
            "en": [
              "Visa"
            ],
            "it": [
              "Visto"
            ],
            "fr": [
              "Visa"
            ],
            "nl": [
              "Visum"
            ],
            "es": [
              "Visa"
            ]
          }
        }
      ],
      "schema:priceSpecification": [
        {
          "@id": "https://data.datatourisme.fr/4adfec71-a4b7-38f3-bf25-055e1c3fb012",
          "schema:maxPrice": [
            "18.5"
          ],
          "schema:minPrice": [
            "15"
          ],
          "schema:priceCurrency": "EUR",
          "@type": [
            "schema:PriceSpecification",
            "PriceSpecification"
          ],
          "hasPricingOffer": [
            {
              "@id": "kb:AdultMenu",
              "@type": [
                "CateringPricingOffer"
              ],
              "rdfs:label": {
                "de": [
                  "Menü für Erwachsene"
                ],
                "pt": [
                  "Menu para adultos"
                ],
                "en": [
                  "Adult menu"
                ],
                "it": [
                  "Menù per adulti"
                ],
                "fr": [
                  "Menu adulte"
                ],
                "nl": [
                  "Volwassenenmenu"
                ],
                "es": [
                  "Menú para adultos"
                ]
              }
            }
          ]
        }
      ],
      "@type": [
        "schema:Offer",
        "Offer"
      ]
    }
  ]
}