{
  "@id": "https://data.datatourisme.fr/13/3eecae92-75a0-38fb-b51b-a158882e8436",
  "dc:identifier": "4781676",
  "@type": [
    "schema:LocalBusiness",
    "PlaceOfInterest",
    "PointOfInterest",
    "TastingProvider"
  ],
  "rdfs:label": {
    "fr": [
      "Le jardin du Lembron"
    ]
  },
  "hasBeenCreatedBy": {
    "@id": "https://data.datatourisme.fr/13/df12ecd0-77ef-38c2-b881-028604dbb8cc",
    "dc:identifier": "1523",
    "schema:email": [
      "julie.lobstein@capissoire.fr",
      "marlene.gaydier@capissoire.fr"
    ],
    "schema:legalName": "Auvergne Pays d'Issoire",
    "@type": [
      "schema:Organization",
      "foaf:Agent",
      "Agent"
    ],
    "foaf:homepage": [
      "http://www.issoire-tourisme.com/"
    ]
  },
  "hasBeenPublishedBy": [
    {
      "@id": "https://data.datatourisme.fr/8a9feb4b-2cbd-3d2c-b507-bd6c6776b23b",
      "schema:legalName": "Apidae Tourisme Scic SA - source : Apidae Tourisme",
      "@type": [
        "schema:Organization",
        "foaf:Agent",
        "Agent"
      ],
      "foaf:homepage": [
        "https://www.apidae-tourisme.com/"
      ]
    }
  ],
  "hasContact": [
    {
      "@id": "https://data.datatourisme.fr/10c0fb3b-ca4e-39fb-ad45-d7848712c165",
      "schema:email": [
        "lejardindulembron@gmail.com"
      ],
      "schema:telephone": [
        "+33 6 87 46 47 38"
      ],
      "@type": [
        "foaf:Agent",
        "Agent"
      ]
    }
  ],
  "isLocatedAt": [
    {
      "@id": "https://data.datatourisme.fr/0a21399e-6dfe-3b17-bb80-7cb687709c8d",
      "schema:address": [
        {
          "@id": "https://data.datatourisme.fr/139105e3-1350-3f5d-944e-67025fa7f5eb",
          "schema:addressLocality": "Saint-Germain-Lembron",
          "schema:postalCode": "63340",
          "schema:streetAddress": [
            "8 rue du Rampeau"
          ],
          "@type": [
            "schema:PostalAddress",
            "PostalAddress"
          ],
          "hasAddressCity": {
            "@id": "kb:63352",
            "@type": [
              "City"
            ],
            "rdfs:label": {
              "de": [
                "Saint-Germain-Lembron"
              ],
              "pt": [
                "Saint-Germain-Lembron"
              ],
              "en": [
                "Saint-Germain-Lembron"
              ],
              "it": [
                "Saint-Germain-Lembron"
              ],
              "fr": [
                "Saint-Germain-Lembron"
              ],
              "nl": [
                "Saint-Germain-Lembron"
              ],
              "es": [
                "Saint-Germain-Lembron"
              ]
            },
            "insee": "63352",
            "isPartOfDepartment": {
              "@id": "kb:France8463",
              "@type": [
                "Department"
              ],
              "rdfs:label": {
                "de": [
                  "Puy-de-Dôme"
                ],
                "pt": [
                  "Puy-de-Dôme"
                ],
                "en": [
                  "Puy-de-Dôme"
                ],
                "it": [
                  "Puy-de-Dôme"
                ],
                "fr": [
                  "Puy-de-Dôme"
                ],
                "nl": [
                  "Puy-de-Dôme"
                ],
                "es": [
                  "Puy-de-Dôme"
                ]
              },
              "insee": "63",
              "isPartOfRegion": {
                "@id": "kb:France84",
                "@type": [
                  "Region"
                ],
                "rdfs:label": {
                  "de": [
                    "Auvergne-Rhône-Alpes"
                  ],
                  "pt": [
                    "Auvergne-Rhône-Alpes"
                  ],
                  "en": [
                    "Auvergne-Rhône-Alpes"
                  ],
                  "it": [
                    "Auvergne-Rhône-Alpes"
                  ],
                  "fr": [
                    "Auvergne-Rhône-Alpes"
                  ],
                  "nl": [
                    "Auvergne-Rhône-Alpes"
                  ],
                  "es": [
                    "Auvergne-Rhône-Alpes"
                  ]
                },
                "insee": "84",
                "isPartOfCountry": {
                  "@id": "kb:France",
                  "@type": [
                    "schema:Country"
                  ],
                  "rdfs:label": {
                    "de": [
                      "France",
                      "Frankreich"
                    ],
                    "pt": [
                      "França",
                      "France"
                    ],
                    "en": [
                      "France"
                    ],
                    "it": [
                      "France",
                      "Francia"
                    ],
                    "fr": [
                      "France"
                    ],
                    "nl": [
                      "France",
                      "Frankrijk"
                    ],
                    "es": [
                      "France",
                      "Francia"
                    ]
                  }
                }
              }
            }
          }
        }
      ],
      "schema:geo": {
        "@id": "https://data.datatourisme.fr/09e6d775-ca75-3a89-8c25-ef7d7bcf99a2",
        "schema:latitude": "45.460214",
        "schema:longitude": "3.239684",
        "@type": [
          "schema:GeoCoordinates"
        ]
      },
      "schema:openingHoursSpecification": [
        {
          "@id": "https://data.datatourisme.fr/180d7738-55ce-37a0-8bd8-785a51422ddd",
          "schema:validFrom": "2023-05-01T00:00:00",
          "schema:validThrough": "2023-12-25T23:59:59",
          "@type": [
            "schema:OpeningHoursSpecification"
          ],
          "additionalInformation": {
            "de": [
              "Kommen Sie und kaufen Sie Ihr Gemüse: dienstags von 17:00 bis 19:00 Uhr und samstags von 9:00 bis 12:00 Uhr."
            ],
            "en": [
              "Come and buy your vegetables: Tuesday from 5 to 7 pm and Saturday from 9 to 12 am."
            ],
            "it": [
              "Venite a comprare la vostra verdura: il martedì dalle 17.00 alle 19.00 e il sabato dalle 9.00 alle 12.00."
            ],
            "fr": [
              "Venez acheter vos légumes : le mardi de 17h à 19h et le samedi de 9h à 12h."
            ],
            "es": [
              "Ven a comprar tus verduras: los martes de 17 a 19 horas y los sábados de 9 a 12 horas."
            ],
            "nl": [
              "Kom uw groenten kopen: dinsdag van 17 tot 19 uur en zaterdag van 9 tot 12 uur."
            ]
          },
          "hasTranslatedProperty": [
            {
              "@id": "https://data.datatourisme.fr/1148df86-971d-3f7c-96cb-e0525ec3e554",
              "dc:contributor": [
                "https://api.deepl.com/v2/translate"
              ],
              "rdf:language": [
                "nl"
              ],
              "rdf:predicate": [
                "additionalInformation"
              ]
            },
            {
              "@id": "https://data.datatourisme.fr/3e430f20-930b-317b-b77e-4654844b6830",
              "dc:contributor": [
                "https://api.deepl.com/v2/translate"
              ],
              "rdf:language": [
                "es"
              ],
              "rdf:predicate": [
                "additionalInformation"
              ]
            },
            {
              "@id": "https://data.datatourisme.fr/69faa451-35f6-3cc3-af39-946ffd279f0c",
              "dc:contributor": [
                "https://api.deepl.com/v2/translate"
              ],
              "rdf:language": [
                "it"
              ],
              "rdf:predicate": [
                "additionalInformation"
              ]
            },
            {
              "@id": "https://data.datatourisme.fr/7b998a36-a261-3032-80c6-8f250a947470",
              "dc:contributor": [
                "https://api.deepl.com/v2/translate"
              ],
              "rdf:language": [
                "de"
              ],
              "rdf:predicate": [
                "additionalInformation"
              ]
            },
            {
              "@id": "https://data.datatourisme.fr/7ce20116-0ccc-3bbd-929b-9aef164b93f1",
              "dc:contributor": [
                "https://api.deepl.com/v2/translate"
              ],
              "rdf:language": [
                "en"
              ],
              "rdf:predicate": [
                "additionalInformation"
              ]
            }
          ]
        }
      ],
      "@type": [
        "schema:Place",
        "Place"
      ]
    }
  ],
  "isOwnedBy": [
    {
      "@id": "https://data.datatourisme.fr/1817f90c-ccf2-3ef1-837d-4b4aa749155c",
      "schema:email": [
        "julie.lobstein@capissoire.fr",
        "marlene.gaydier@capissoire.fr"
      ],
      "schema:legalName": "Auvergne Pays d'Issoire",
      "@type": [
        "schema:Organization",
        "foaf:Agent",
        "Agent"
      ],
      "foaf:homepage": [
        "http://www.issoire-tourisme.com/"
      ]
    }
  ],
  "lastUpdate": "2022-09-13",
  "lastUpdateDatatourisme": "2023-02-01T18:07:35.699Z"
}