{
  "@id": "https://data.datatourisme.fr/30/467be4ba-882e-3546-ad33-91176c2fbf6d",
  "dc:identifier": "LOINOR050V52D62P",
  "@type": [
    "schema:FoodEstablishment",
    "BarOrPub",
    "FoodEstablishment",
    "PlaceOfInterest",
    "PointOfInterest",
    "SportsAndLeisurePlace"
  ],
  "rdfs:label": {
    "en": [
      "Le Chaudron"
    ],
    "fr": [
      "Le Chaudron"
    ]
  },
  "creationDate": "2023-03-02",
  "hasBeenCreatedBy": {
    "@id": "https://data.datatourisme.fr/30/0e3400bb-291a-38bd-a9ef-8f8f5dc0d15b",
    "dc:identifier": "463762c1-5e96-4f1c-8917-81671bd7e938",
    "schema:address": [
      {
        "@id": "https://data.datatourisme.fr/4a48d143-d269-3276-8377-b1267a985694",
        "schema:addressLocality": "Évreux",
        "schema:postalCode": "27000",
        "schema:streetAddress": [
          "14 Rue Charles Corbeau - le Doyenné"
        ],
        "@type": [
          "schema:PostalAddress",
          "PostalAddress"
        ],
        "hasAddressCity": {
          "@id": "kb:27229",
          "@type": [
            "City"
          ],
          "rdfs:label": {
            "de": [
              "Évreux"
            ],
            "pt": [
              "Évreux"
            ],
            "en": [
              "Évreux"
            ],
            "it": [
              "Évreux"
            ],
            "fr": [
              "Évreux"
            ],
            "nl": [
              "Évreux"
            ],
            "es": [
              "Évreux"
            ]
          },
          "insee": "27229",
          "isPartOfDepartment": {
            "@id": "kb:France2827",
            "@type": [
              "Department"
            ],
            "rdfs:label": {
              "de": [
                "Eure"
              ],
              "pt": [
                "Eure"
              ],
              "en": [
                "Eure"
              ],
              "it": [
                "Eure"
              ],
              "fr": [
                "Eure"
              ],
              "nl": [
                "Eure"
              ],
              "es": [
                "Eure"
              ]
            },
            "insee": "27",
            "isPartOfRegion": {
              "@id": "kb:France28",
              "@type": [
                "Region"
              ],
              "rdfs:label": {
                "de": [
                  "Normandie"
                ],
                "pt": [
                  "Normandie"
                ],
                "en": [
                  "Normandie"
                ],
                "it": [
                  "Normandie"
                ],
                "fr": [
                  "Normandie"
                ],
                "nl": [
                  "Normandie"
                ],
                "es": [
                  "Normandie"
                ]
              },
              "insee": "28",
              "isPartOfCountry": {
                "@id": "kb:France",
                "@type": [
                  "schema:Country"
                ],
                "rdfs:label": {
                  "de": [
                    "France",
                    "Frankreich"
                  ],
                  "pt": [
                    "França",
                    "France"
                  ],
                  "en": [
                    "France"
                  ],
                  "it": [
                    "France",
                    "Francia"
                  ],
                  "fr": [
                    "France"
                  ],
                  "nl": [
                    "France",
                    "Frankrijk"
                  ],
                  "es": [
                    "France",
                    "Francia"
                  ]
                }
              }
            }
          }
        }
      },
      {
        "@id": "https://data.datatourisme.fr/84c0f027-d95a-304b-9f00-e42a5f4ec9d3",
        "schema:addressLocality": "Cherbourg-en-Cotentin",
        "schema:streetAddress": [
          "39 rue des Portes"
        ],
        "@type": [
          "schema:PostalAddress",
          "PostalAddress"
        ],
        "hasAddressCity": {
          "@id": "kb:50129",
          "@type": [
            "City"
          ],
          "rdfs:label": {
            "de": [
              "Cherbourg-en-Cotentin"
            ],
            "pt": [
              "Cherbourg-en-Cotentin"
            ],
            "en": [
              "Cherbourg-en-Cotentin"
            ],
            "it": [
              "Cherbourg-en-Cotentin"
            ],
            "fr": [
              "Cherbourg-en-Cotentin"
            ],
            "nl": [
              "Cherbourg-en-Cotentin"
            ],
            "es": [
              "Cherbourg-en-Cotentin"
            ]
          },
          "insee": "50129",
          "isPartOfDepartment": {
            "@id": "kb:France2850",
            "@type": [
              "Department"
            ],
            "rdfs:label": {
              "de": [
                "Manche"
              ],
              "pt": [
                "Manche"
              ],
              "en": [
                "Manche"
              ],
              "it": [
                "Manche"
              ],
              "fr": [
                "Manche"
              ],
              "nl": [
                "Manche"
              ],
              "es": [
                "Manche"
              ]
            },
            "insee": "50",
            "isPartOfRegion": {
              "@id": "kb:France28",
              "@type": [
                "Region"
              ],
              "rdfs:label": {
                "de": [
                  "Normandie"
                ],
                "pt": [
                  "Normandie"
                ],
                "en": [
                  "Normandie"
                ],
                "it": [
                  "Normandie"
                ],
                "fr": [
                  "Normandie"
                ],
                "nl": [
                  "Normandie"
                ],
                "es": [
                  "Normandie"
                ]
              },
              "insee": "28",
              "isPartOfCountry": {
                "@id": "kb:France",
                "@type": [
                  "schema:Country"
                ],
                "rdfs:label": {
                  "de": [
                    "France",
                    "Frankreich"
                  ],
                  "pt": [
                    "França",
                    "France"
                  ],
                  "en": [
                    "France"
                  ],
                  "it": [
                    "France",
                    "Francia"
                  ],
                  "fr": [
                    "France"
                  ],
                  "nl": [
                    "France",
                    "Frankrijk"
                  ],
                  "es": [
                    "France",
                    "Francia"
                  ]
                }
              }
            }
          }
        }
      },
      {
        "@id": "https://data.datatourisme.fr/b0712bb1-0a7d-3fc7-a95e-1d1ff99534dc",
        "schema:addressLocality": "Évreux",
        "schema:postalCode": "27000",
        "schema:streetAddress": [
          "14 Rue Charles Corbeau - Le Doyenné"
        ],
        "@type": [
          "schema:PostalAddress",
          "PostalAddress"
        ],
        "hasAddressCity": {
          "@id": "kb:27229",
          "@type": [
            "City"
          ],
          "rdfs:label": {
            "de": [
              "Évreux"
            ],
            "pt": [
              "Évreux"
            ],
            "en": [
              "Évreux"
            ],
            "it": [
              "Évreux"
            ],
            "fr": [
              "Évreux"
            ],
            "nl": [
              "Évreux"
            ],
            "es": [
              "Évreux"
            ]
          },
          "insee": "27229",
          "isPartOfDepartment": {
            "@id": "kb:France2827",
            "@type": [
              "Department"
            ],
            "rdfs:label": {
              "de": [
                "Eure"
              ],
              "pt": [
                "Eure"
              ],
              "en": [
                "Eure"
              ],
              "it": [
                "Eure"
              ],
              "fr": [
                "Eure"
              ],
              "nl": [
                "Eure"
              ],
              "es": [
                "Eure"
              ]
            },
            "insee": "27",
            "isPartOfRegion": {
              "@id": "kb:France28",
              "@type": [
                "Region"
              ],
              "rdfs:label": {
                "de": [
                  "Normandie"
                ],
                "pt": [
                  "Normandie"
                ],
                "en": [
                  "Normandie"
                ],
                "it": [
                  "Normandie"
                ],
                "fr": [
                  "Normandie"
                ],
                "nl": [
                  "Normandie"
                ],
                "es": [
                  "Normandie"
                ]
              },
              "insee": "28",
              "isPartOfCountry": {
                "@id": "kb:France",
                "@type": [
                  "schema:Country"
                ],
                "rdfs:label": {
                  "de": [
                    "France",
                    "Frankreich"
                  ],
                  "pt": [
                    "França",
                    "France"
                  ],
                  "en": [
                    "France"
                  ],
                  "it": [
                    "France",
                    "Francia"
                  ],
                  "fr": [
                    "France"
                  ],
                  "nl": [
                    "France",
                    "Frankrijk"
                  ],
                  "es": [
                    "France",
                    "Francia"
                  ]
                }
              }
            }
          }
        }
      }
    ],
    "schema:email": [
      "partenariats@ot-cotentin.fr"
    ],
    "schema:legalName": "Normandie Tourisme / Attitude Manche",
    "@type": [
      "schema:Organization",
      "foaf:Agent",
      "Agent"
    ]
  },
  "hasBeenPublishedBy": [
    {
      "@id": "https://data.datatourisme.fr/adce4411-0f8d-3138-8d32-b8eb71125ab5",
      "schema:email": [
        "l.helbert@normandie-tourisme.fr"
      ],
      "schema:legalName": "Normandie Tourisme",
      "@type": [
        "schema:Organization",
        "foaf:Agent",
        "Agent"
      ],
      "foaf:homepage": [
        "https://www.normandie-tourisme.fr/"
      ]
    }
  ],
  "hasBookingContact": [
    {
      "@id": "https://data.datatourisme.fr/2d45eed1-d6c7-3db0-844a-4176bb7b48cc",
      "schema:telephone": [
        "+33 6 16 48 09 77"
      ],
      "@type": [
        "foaf:Agent",
        "Agent"
      ]
    }
  ],
  "hasContact": [
    {
      "@id": "https://data.datatourisme.fr/2d45eed1-d6c7-3db0-844a-4176bb7b48cc",
      "schema:telephone": [
        "+33 6 16 48 09 77"
      ],
      "@type": [
        "foaf:Agent",
        "Agent"
      ]
    },
    {
      "@id": "https://data.datatourisme.fr/db97c3e1-8da2-3fee-9feb-690a70e9e6bd",
      "schema:email": [
        "theohervieu50@gmail.com"
      ],
      "schema:telephone": [
        "+33 6 16 48 09 77"
      ],
      "@type": [
        "foaf:Agent",
        "Agent"
      ]
    }
  ],
  "isLocatedAt": [
    {
      "@id": "https://data.datatourisme.fr/1dd488ab-98c5-351e-ab76-580b1434b2e9",
      "schema:address": [
        {
          "@id": "https://data.datatourisme.fr/cb384d0d-4228-3c23-bebd-755cdf115686",
          "schema:addressLocality": "Cherbourg-en-Cotentin",
          "schema:postalCode": "50100",
          "schema:streetAddress": [
            "2 et 4 rue du Port",
            "CHERBOURG-OCTEVILLE"
          ],
          "@type": [
            "schema:PostalAddress",
            "PostalAddress"
          ],
          "hasAddressCity": {
            "@id": "kb:50129",
            "@type": [
              "City"
            ],
            "rdfs:label": {
              "de": [
                "Cherbourg-en-Cotentin"
              ],
              "pt": [
                "Cherbourg-en-Cotentin"
              ],
              "en": [
                "Cherbourg-en-Cotentin"
              ],
              "it": [
                "Cherbourg-en-Cotentin"
              ],
              "fr": [
                "Cherbourg-en-Cotentin"
              ],
              "nl": [
                "Cherbourg-en-Cotentin"
              ],
              "es": [
                "Cherbourg-en-Cotentin"
              ]
            },
            "insee": "50129",
            "isPartOfDepartment": {
              "@id": "kb:France2850",
              "@type": [
                "Department"
              ],
              "rdfs:label": {
                "de": [
                  "Manche"
                ],
                "pt": [
                  "Manche"
                ],
                "en": [
                  "Manche"
                ],
                "it": [
                  "Manche"
                ],
                "fr": [
                  "Manche"
                ],
                "nl": [
                  "Manche"
                ],
                "es": [
                  "Manche"
                ]
              },
              "insee": "50",
              "isPartOfRegion": {
                "@id": "kb:France28",
                "@type": [
                  "Region"
                ],
                "rdfs:label": {
                  "de": [
                    "Normandie"
                  ],
                  "pt": [
                    "Normandie"
                  ],
                  "en": [
                    "Normandie"
                  ],
                  "it": [
                    "Normandie"
                  ],
                  "fr": [
                    "Normandie"
                  ],
                  "nl": [
                    "Normandie"
                  ],
                  "es": [
                    "Normandie"
                  ]
                },
                "insee": "28",
                "isPartOfCountry": {
                  "@id": "kb:France",
                  "@type": [
                    "schema:Country"
                  ],
                  "rdfs:label": {
                    "de": [
                      "France",
                      "Frankreich"
                    ],
                    "pt": [
                      "França",
                      "France"
                    ],
                    "en": [
                      "France"
                    ],
                    "it": [
                      "France",
                      "Francia"
                    ],
                    "fr": [
                      "France"
                    ],
                    "nl": [
                      "France",
                      "Frankrijk"
                    ],
                    "es": [
                      "France",
                      "Francia"
                    ]
                  }
                }
              }
            }
          }
        }
      ],
      "schema:geo": {
        "@id": "https://data.datatourisme.fr/86cf32ae-2545-3379-be92-eba2f94407d8",
        "schema:latitude": "49.6402555",
        "schema:longitude": "-1.6224847",
        "@type": [
          "schema:GeoCoordinates"
        ]
      },
      "schema:openingHoursSpecification": [
        {
          "@id": "https://data.datatourisme.fr/440ba52d-805d-3c0c-8815-6f5eec28e57d",
          "schema:closes": "01:00:00",
          "schema:dayOfWeek": [
            {
              "@id": "schema:Tuesday",
              "@type": [
                "schema:DayOfWeek"
              ],
              "rdfs:label": {
                "de": [
                  "Dienstag"
                ],
                "pt": [
                  "Terça-feira"
                ],
                "en": [
                  "Tuesday"
                ],
                "it": [
                  "Martedì"
                ],
                "fr": [
                  "Mardi"
                ],
                "es": [
                  "Martes"
                ],
                "nl": [
                  "Dinsdag"
                ]
              }
            }
          ],
          "schema:opens": "17:00:00",
          "schema:validFrom": "2023-01-01T00:00:00",
          "schema:validThrough": "2023-12-31T00:00:00",
          "@type": [
            "schema:OpeningHoursSpecification"
          ],
          "additionalInformation": {
            "de": [
              "Dienstag und Mittwoch 17:00-1:00 Uhr.\nDonnerstag, Freitag und Samstag 17:00-2:00 Uhr."
            ],
            "en": [
              "Tuesday and Wednesday 5pm-1am.\nThursday, Friday, Saturday 5pm-2am."
            ],
            "it": [
              "Martedì e mercoledì 17.00-13.00.\nGiovedì, venerdì e sabato 17.00-2.00."
            ],
            "fr": [
              "Mardi et mercredi 17h-1h.\nJeudi, vendredi, samedi 17h-2h."
            ],
            "es": [
              "Martes y miércoles, de 17.00 a 1.00 horas.\nJueves, viernes y sábado de 17.00 a 2.00 h."
            ],
            "nl": [
              "Dinsdag en woensdag 5pm-1am.\nDonderdag, vrijdag, zaterdag 17.00-2.00 uur."
            ]
          },
          "hasTranslatedProperty": [
            {
              "@id": "https://data.datatourisme.fr/29df1c7f-ac5e-3aaa-8b1d-d50deb268de3",
              "dc:contributor": [
                "https://api.deepl.com/v2/translate"
              ],
              "rdf:language": [
                "it"
              ],
              "rdf:predicate": [
                "additionalInformation"
              ]
            },
            {
              "@id": "https://data.datatourisme.fr/78a5e5c7-b058-3921-a9c8-cc2650e77a1c",
              "dc:contributor": [
                "https://api.deepl.com/v2/translate"
              ],
              "rdf:language": [
                "nl"
              ],
              "rdf:predicate": [
                "additionalInformation"
              ]
            },
            {
              "@id": "https://data.datatourisme.fr/9a1893a4-eaa2-3330-b62d-95cf2c3cd305",
              "dc:contributor": [
                "https://api.deepl.com/v2/translate"
              ],
              "rdf:language": [
                "es"
              ],
              "rdf:predicate": [
                "additionalInformation"
              ]
            },
            {
              "@id": "https://data.datatourisme.fr/bfc0b1fb-123a-32fc-86d5-2faf8c42c23e",
              "dc:contributor": [
                "https://api.deepl.com/v2/translate"
              ],
              "rdf:language": [
                "de"
              ],
              "rdf:predicate": [
                "additionalInformation"
              ]
            },
            {
              "@id": "https://data.datatourisme.fr/f3997ddc-26f4-3160-b0f9-6ea670fdb6d1",
              "dc:contributor": [
                "https://api.deepl.com/v2/translate"
              ],
              "rdf:language": [
                "en"
              ],
              "rdf:predicate": [
                "additionalInformation"
              ]
            }
          ]
        },
        {
          "@id": "https://data.datatourisme.fr/547b9247-130c-31ed-a2d6-8505cbf0d4f0",
          "schema:closes": "02:00:00",
          "schema:dayOfWeek": [
            {
              "@id": "schema:Thursday",
              "@type": [
                "schema:DayOfWeek"
              ],
              "rdfs:label": {
                "de": [
                  "Donnerstag"
                ],
                "pt": [
                  "Quinta-feira"
                ],
                "en": [
                  "Thursday"
                ],
                "it": [
                  "Giovedì"
                ],
                "fr": [
                  "Jeudi"
                ],
                "es": [
                  "Jueves"
                ],
                "nl": [
                  "Donderdag"
                ]
              }
            }
          ],
          "schema:opens": "17:00:00",
          "schema:validFrom": "2023-01-01T00:00:00",
          "schema:validThrough": "2023-12-31T00:00:00",
          "@type": [
            "schema:OpeningHoursSpecification"
          ],
          "additionalInformation": {
            "de": [
              "Dienstag und Mittwoch 17:00-1:00 Uhr.\nDonnerstag, Freitag und Samstag 17:00-2:00 Uhr."
            ],
            "en": [
              "Tuesday and Wednesday 5pm-1am.\nThursday, Friday, Saturday 5pm-2am."
            ],
            "it": [
              "Martedì e mercoledì 17.00-13.00.\nGiovedì, venerdì e sabato 17.00-2.00."
            ],
            "fr": [
              "Mardi et mercredi 17h-1h.\nJeudi, vendredi, samedi 17h-2h."
            ],
            "es": [
              "Martes y miércoles, de 17.00 a 1.00 horas.\nJueves, viernes y sábado de 17.00 a 2.00 h."
            ],
            "nl": [
              "Dinsdag en woensdag 5pm-1am.\nDonderdag, vrijdag, zaterdag 17.00-2.00 uur."
            ]
          },
          "hasTranslatedProperty": [
            {
              "@id": "https://data.datatourisme.fr/339812ae-b785-39b4-b84a-8ad936323914",
              "dc:contributor": [
                "https://api.deepl.com/v2/translate"
              ],
              "rdf:language": [
                "it"
              ],
              "rdf:predicate": [
                "additionalInformation"
              ]
            },
            {
              "@id": "https://data.datatourisme.fr/6d374b0c-6ac4-3547-82e3-4bd8b3251b55",
              "dc:contributor": [
                "https://api.deepl.com/v2/translate"
              ],
              "rdf:language": [
                "de"
              ],
              "rdf:predicate": [
                "additionalInformation"
              ]
            },
            {
              "@id": "https://data.datatourisme.fr/77824a91-7c80-34a4-87a7-974e8612ff27",
              "dc:contributor": [
                "https://api.deepl.com/v2/translate"
              ],
              "rdf:language": [
                "es"
              ],
              "rdf:predicate": [
                "additionalInformation"
              ]
            },
            {
              "@id": "https://data.datatourisme.fr/b034689a-d93b-340c-a35c-3900861bf846",
              "dc:contributor": [
                "https://api.deepl.com/v2/translate"
              ],
              "rdf:language": [
                "en"
              ],
              "rdf:predicate": [
                "additionalInformation"
              ]
            },
            {
              "@id": "https://data.datatourisme.fr/be8a750d-cf45-3f32-8bea-cf7f8fada164",
              "dc:contributor": [
                "https://api.deepl.com/v2/translate"
              ],
              "rdf:language": [
                "nl"
              ],
              "rdf:predicate": [
                "additionalInformation"
              ]
            }
          ]
        },
        {
          "@id": "https://data.datatourisme.fr/6bde1808-dc72-3e89-8f4e-dd0316867967",
          "schema:closes": "02:00:00",
          "schema:dayOfWeek": [
            {
              "@id": "schema:Friday",
              "@type": [
                "schema:DayOfWeek"
              ],
              "rdfs:label": {
                "de": [
                  "Freitag"
                ],
                "pt": [
                  "Sexta-feira"
                ],
                "en": [
                  "Friday"
                ],
                "it": [
                  "Venerdì"
                ],
                "fr": [
                  "Vendredi"
                ],
                "nl": [
                  "Vrijdag"
                ],
                "es": [
                  "Viernes"
                ]
              }
            }
          ],
          "schema:opens": "17:00:00",
          "schema:validFrom": "2023-01-01T00:00:00",
          "schema:validThrough": "2023-12-31T00:00:00",
          "@type": [
            "schema:OpeningHoursSpecification"
          ],
          "additionalInformation": {
            "de": [
              "Dienstag und Mittwoch 17:00-1:00 Uhr.\nDonnerstag, Freitag und Samstag 17:00-2:00 Uhr."
            ],
            "en": [
              "Tuesday and Wednesday 5pm-1am.\nThursday, Friday, Saturday 5pm-2am."
            ],
            "it": [
              "Martedì e mercoledì 17.00-13.00.\nGiovedì, venerdì e sabato 17.00-2.00."
            ],
            "fr": [
              "Mardi et mercredi 17h-1h.\nJeudi, vendredi, samedi 17h-2h."
            ],
            "es": [
              "Martes y miércoles, de 17.00 a 1.00 horas.\nJueves, viernes y sábado de 17.00 a 2.00 h."
            ],
            "nl": [
              "Dinsdag en woensdag 5pm-1am.\nDonderdag, vrijdag, zaterdag 17.00-2.00 uur."
            ]
          },
          "hasTranslatedProperty": [
            {
              "@id": "https://data.datatourisme.fr/38e41300-2723-3465-b736-4cbaba6dd907",
              "dc:contributor": [
                "https://api.deepl.com/v2/translate"
              ],
              "rdf:language": [
                "nl"
              ],
              "rdf:predicate": [
                "additionalInformation"
              ]
            },
            {
              "@id": "https://data.datatourisme.fr/535e8563-6fcd-39da-ae5e-8bca9bcd64d2",
              "dc:contributor": [
                "https://api.deepl.com/v2/translate"
              ],
              "rdf:language": [
                "es"
              ],
              "rdf:predicate": [
                "additionalInformation"
              ]
            },
            {
              "@id": "https://data.datatourisme.fr/a3c25b55-f730-30da-9985-7637371b47e2",
              "dc:contributor": [
                "https://api.deepl.com/v2/translate"
              ],
              "rdf:language": [
                "de"
              ],
              "rdf:predicate": [
                "additionalInformation"
              ]
            },
            {
              "@id": "https://data.datatourisme.fr/c92b32de-5f72-37c8-949e-c9d18d92e213",
              "dc:contributor": [
                "https://api.deepl.com/v2/translate"
              ],
              "rdf:language": [
                "it"
              ],
              "rdf:predicate": [
                "additionalInformation"
              ]
            },
            {
              "@id": "https://data.datatourisme.fr/ed8fcbaf-0a18-3181-9d6d-8344debf34d8",
              "dc:contributor": [
                "https://api.deepl.com/v2/translate"
              ],
              "rdf:language": [
                "en"
              ],
              "rdf:predicate": [
                "additionalInformation"
              ]
            }
          ]
        },
        {
          "@id": "https://data.datatourisme.fr/865c6dbc-86d8-3956-88ce-da1e593ad3a4",
          "schema:closes": "01:00:00",
          "schema:dayOfWeek": [
            {
              "@id": "schema:Wednesday",
              "@type": [
                "schema:DayOfWeek"
              ],
              "rdfs:label": {
                "de": [
                  "Mittwoch"
                ],
                "pt": [
                  "Quarta-feira"
                ],
                "en": [
                  "Wednesday"
                ],
                "it": [
                  "Mercoledì"
                ],
                "fr": [
                  "Mercredi"
                ],
                "nl": [
                  "Woensdag"
                ],
                "es": [
                  "Miércoles"
                ]
              }
            }
          ],
          "schema:opens": "17:00:00",
          "schema:validFrom": "2023-01-01T00:00:00",
          "schema:validThrough": "2023-12-31T00:00:00",
          "@type": [
            "schema:OpeningHoursSpecification"
          ],
          "additionalInformation": {
            "de": [
              "Dienstag und Mittwoch 17:00-1:00 Uhr.\nDonnerstag, Freitag und Samstag 17:00-2:00 Uhr."
            ],
            "en": [
              "Tuesday and Wednesday 5pm-1am.\nThursday, Friday, Saturday 5pm-2am."
            ],
            "it": [
              "Martedì e mercoledì 17.00-13.00.\nGiovedì, venerdì e sabato 17.00-2.00."
            ],
            "fr": [
              "Mardi et mercredi 17h-1h.\nJeudi, vendredi, samedi 17h-2h."
            ],
            "es": [
              "Martes y miércoles, de 17.00 a 1.00 horas.\nJueves, viernes y sábado de 17.00 a 2.00 h."
            ],
            "nl": [
              "Dinsdag en woensdag 5pm-1am.\nDonderdag, vrijdag, zaterdag 17.00-2.00 uur."
            ]
          },
          "hasTranslatedProperty": [
            {
              "@id": "https://data.datatourisme.fr/26e9f336-1b09-3531-9cc7-408bbdcbd38d",
              "dc:contributor": [
                "https://api.deepl.com/v2/translate"
              ],
              "rdf:language": [
                "de"
              ],
              "rdf:predicate": [
                "additionalInformation"
              ]
            },
            {
              "@id": "https://data.datatourisme.fr/4c3762d5-a1cf-3c17-8852-cc362a4a3dbc",
              "dc:contributor": [
                "https://api.deepl.com/v2/translate"
              ],
              "rdf:language": [
                "en"
              ],
              "rdf:predicate": [
                "additionalInformation"
              ]
            },
            {
              "@id": "https://data.datatourisme.fr/642544fb-c795-3285-8de1-b3549d496e5d",
              "dc:contributor": [
                "https://api.deepl.com/v2/translate"
              ],
              "rdf:language": [
                "es"
              ],
              "rdf:predicate": [
                "additionalInformation"
              ]
            },
            {
              "@id": "https://data.datatourisme.fr/6618879a-f587-351e-8c65-6753d4a51b57",
              "dc:contributor": [
                "https://api.deepl.com/v2/translate"
              ],
              "rdf:language": [
                "nl"
              ],
              "rdf:predicate": [
                "additionalInformation"
              ]
            },
            {
              "@id": "https://data.datatourisme.fr/8ebba43a-6f38-33ac-9fe7-f429aa480728",
              "dc:contributor": [
                "https://api.deepl.com/v2/translate"
              ],
              "rdf:language": [
                "it"
              ],
              "rdf:predicate": [
                "additionalInformation"
              ]
            }
          ]
        },
        {
          "@id": "https://data.datatourisme.fr/b6d37abe-dc73-3077-862d-338c74852566",
          "schema:closes": "02:00:00",
          "schema:dayOfWeek": [
            {
              "@id": "schema:Saturday",
              "@type": [
                "schema:DayOfWeek"
              ],
              "rdfs:label": {
                "de": [
                  "Samstag"
                ],
                "pt": [
                  "Sábado"
                ],
                "en": [
                  "Saturday"
                ],
                "it": [
                  "Sabato"
                ],
                "fr": [
                  "Samedi"
                ],
                "nl": [
                  "Zaterdag"
                ],
                "es": [
                  "Sábado"
                ]
              }
            }
          ],
          "schema:opens": "17:00:00",
          "schema:validFrom": "2023-01-01T00:00:00",
          "schema:validThrough": "2023-12-31T00:00:00",
          "@type": [
            "schema:OpeningHoursSpecification"
          ],
          "additionalInformation": {
            "de": [
              "Dienstag und Mittwoch 17:00-1:00 Uhr.\nDonnerstag, Freitag und Samstag 17:00-2:00 Uhr."
            ],
            "en": [
              "Tuesday and Wednesday 5pm-1am.\nThursday, Friday, Saturday 5pm-2am."
            ],
            "it": [
              "Martedì e mercoledì 17.00-13.00.\nGiovedì, venerdì e sabato 17.00-2.00."
            ],
            "fr": [
              "Mardi et mercredi 17h-1h.\nJeudi, vendredi, samedi 17h-2h."
            ],
            "es": [
              "Martes y miércoles, de 17.00 a 1.00 horas.\nJueves, viernes y sábado de 17.00 a 2.00 h."
            ],
            "nl": [
              "Dinsdag en woensdag 5pm-1am.\nDonderdag, vrijdag, zaterdag 17.00-2.00 uur."
            ]
          },
          "hasTranslatedProperty": [
            {
              "@id": "https://data.datatourisme.fr/16e2f6a6-bf4b-381c-96a5-1a951f59647d",
              "dc:contributor": [
                "https://api.deepl.com/v2/translate"
              ],
              "rdf:language": [
                "es"
              ],
              "rdf:predicate": [
                "additionalInformation"
              ]
            },
            {
              "@id": "https://data.datatourisme.fr/3dd1b6f3-ce37-3adb-a176-901d893f33a0",
              "dc:contributor": [
                "https://api.deepl.com/v2/translate"
              ],
              "rdf:language": [
                "de"
              ],
              "rdf:predicate": [
                "additionalInformation"
              ]
            },
            {
              "@id": "https://data.datatourisme.fr/7749b3e5-2151-3234-a860-257be6ce1fde",
              "dc:contributor": [
                "https://api.deepl.com/v2/translate"
              ],
              "rdf:language": [
                "it"
              ],
              "rdf:predicate": [
                "additionalInformation"
              ]
            },
            {
              "@id": "https://data.datatourisme.fr/e95ca577-8f6f-3e26-bb13-ca72664da61f",
              "dc:contributor": [
                "https://api.deepl.com/v2/translate"
              ],
              "rdf:language": [
                "en"
              ],
              "rdf:predicate": [
                "additionalInformation"
              ]
            },
            {
              "@id": "https://data.datatourisme.fr/fb98ff12-867e-3b67-a2dd-b92312aba80c",
              "dc:contributor": [
                "https://api.deepl.com/v2/translate"
              ],
              "rdf:language": [
                "nl"
              ],
              "rdf:predicate": [
                "additionalInformation"
              ]
            }
          ]
        }
      ],
      "@type": [
        "schema:Place",
        "Place"
      ],
      "petsAllowed": true
    }
  ],
  "lastUpdate": "2023-05-30",
  "lastUpdateDatatourisme": "2023-06-01T09:43:18.08Z",
  "offers": [
    {
      "@id": "https://data.datatourisme.fr/bcf3ef54-9acb-3f5b-91ea-c12b1e0470cc",
      "schema:acceptedPaymentMethod": [
        {
          "@id": "kb:BlueCard",
          "@type": [
            "schema:PaymentMethod"
          ],
          "rdfs:label": {
            "de": [
              "Carte bleue"
            ],
            "pt": [
              "Cartão de pagamento (Carte bleue)"
            ],
            "en": [
              "Blue card"
            ],
            "it": [
              "Carta blu"
            ],
            "fr": [
              "Carte bleue"
            ],
            "es": [
              "Tarjeta bancaria"
            ],
            "nl": [
              "Carte Bleue"
            ]
          }
        },
        {
          "@id": "kb:Cash",
          "@type": [
            "schema:PaymentMethod"
          ],
          "rdfs:label": {
            "de": [
              "Art"
            ],
            "pt": [
              "Espécie"
            ],
            "en": [
              "Cash"
            ],
            "it": [
              "Contanti"
            ],
            "fr": [
              "Espèce"
            ],
            "es": [
              "Especie"
            ],
            "nl": [
              "Contant"
            ]
          }
        },
        {
          "@id": "kb:CreditCards",
          "@type": [
            "schema:PaymentMethod"
          ],
          "rdfs:label": {
            "de": [
              "Bankkarten"
            ],
            "pt": [
              "Cartões bancários"
            ],
            "en": [
              "Credit Cards"
            ],
            "it": [
              "Carte bancarie"
            ],
            "fr": [
              "Cartes bancaires"
            ],
            "es": [
              "Tarjetas bancarias"
            ],
            "nl": [
              "Bankkaarten"
            ]
          }
        }
      ],
      "@type": [
        "schema:Offer",
        "Offer"
      ]
    }
  ]
}