{
  "@id": "https://data.datatourisme.fr/32/14a0b19b-c4f3-3019-9391-fcd0a70c4ece",
  "dc:identifier": "COMMLAR034V523Y6X",
  "@type": [
    "schema:LocalBusiness",
    "BoutiqueOrLocalShop",
    "PlaceOfInterest",
    "PointOfInterest",
    "Store"
  ],
  "rdfs:label": {
    "en": [
      "MIMI MARKET"
    ],
    "fr": [
      "MIMI MARKET"
    ]
  },
  "availableLanguage": [
    "en",
    "fr"
  ],
  "creationDate": "2022-01-31",
  "hasBeenCreatedBy": {
    "@id": "https://data.datatourisme.fr/02964147-da89-318e-b863-4dc2e0d475b9",
    "schema:legalName": "OT PALAVAS-LES-FLOTS",
    "@type": [
      "schema:Organization",
      "foaf:Agent",
      "Agent"
    ]
  },
  "hasBeenPublishedBy": [
    {
      "@id": "https://data.datatourisme.fr/febedded-d61e-398a-afe4-6ddebe34211c",
      "schema:email": [
        "contact@herault-tourisme.com"
      ],
      "schema:legalName": "Hérault Tourisme",
      "schema:telephone": [
        "+33 4 67 67 71 71"
      ],
      "@type": [
        "schema:Organization",
        "foaf:Agent",
        "Agent"
      ],
      "foaf:homepage": [
        "http://www.herault-tourisme.com/"
      ]
    }
  ],
  "hasContact": [
    {
      "@id": "https://data.datatourisme.fr/13a0423d-d6fd-3b08-950b-d9f1f5c58e1b",
      "schema:email": [
        "mimimarket34@gmail.com"
      ],
      "schema:legalName": "MIMI MARKET",
      "schema:telephone": [
        "+33 4 67 65 49 19"
      ],
      "@type": [
        "schema:Organization",
        "foaf:Agent",
        "Agent"
      ]
    }
  ],
  "hasDescription": [
    {
      "@id": "https://data.datatourisme.fr/71059b62-360f-3919-8bab-aa45489c999d",
      "dc:description": {
        "de": [
          "ALLGEMEINE LEBENSMITTEL LOKALE PRODUKTE OBST UND GEMÜSE BIO-PRODUKTE UND LOSE WARE DEPOT VON HANDWERKLICHEM BROT UND BIO-BROT PAKET-RELAIS PICKUP"
        ],
        "en": [
          "GENERAL FOODSTUFFS LOCAL PRODUCTS FRUITS AND VEGETABLES ORGANIC PRODUCTS AND BULK ARTISANAL BREAD AND ORGANIC BREAD RELAY PARCEL PICKUP"
        ],
        "it": [
          "PRODOTTI ALIMENTARI GENERICI PRODOTTI LOCALI FRUTTA E VERDURA PRODOTTI BIOLOGICI E SFUSI PANE ARTIGIANALE E PANE BIOLOGICO RITIRO PACCHI A STAFFETTA"
        ],
        "fr": [
          "ALIMENTATION GENERALE PRODUITS LOCAUX FRUITS ET LEGUMES PRODUITS BIO ET VRAC DEPOT DE PAIN ARTISANAL ET PAIN BIO RELAIS COLIS PICKUP"
        ],
        "es": [
          "ALIMENTACIÓN GENERAL PRODUCTOS LOCALES FRUTAS Y VERDURAS PRODUCTOS ECOLÓGICOS Y A GRANEL PAN ARTESANAL Y PAN ECOLÓGICO RECOGIDA DE PAQUETES POR RELEVOS"
        ],
        "nl": [
          "ALGEMENE LEVENSMIDDELEN LOKALE PRODUCTEN GROENTEN EN FRUIT BIOLOGISCHE PRODUCTEN EN BULK AMBACHTELIJK BROOD EN BIOLOGISCH BROOD AFHALING VAN PAKKETTEN"
        ]
      },
      "@type": [
        "Description"
      ],
      "hasTranslatedProperty": [
        {
          "@id": "https://data.datatourisme.fr/5a545969-1c76-348d-b0a0-26a3dfa8f526",
          "dc:contributor": [
            "https://api.deepl.com/v2/translate"
          ],
          "rdf:language": [
            "it"
          ],
          "rdf:predicate": [
            {
              "@id": "dc:description"
            }
          ]
        }
      ]
    }
  ],
  "isLocatedAt": [
    {
      "@id": "https://data.datatourisme.fr/b5e55440-edc9-352d-99e5-a75376b30734",
      "schema:address": [
        {
          "@id": "https://data.datatourisme.fr/7e1ee7f5-a55e-3128-ba3b-ee33ac7e24de",
          "schema:addressLocality": "Palavas-les-Flots",
          "schema:postalCode": "34250",
          "schema:streetAddress": [
            "10 Boulevard Frédéric Fabrèges"
          ],
          "@type": [
            "schema:PostalAddress",
            "PostalAddress"
          ],
          "hasAddressCity": {
            "@id": "kb:34192",
            "@type": [
              "City"
            ],
            "rdfs:label": {
              "de": [
                "Palavas-les-Flots"
              ],
              "pt": [
                "Palavas-les-Flots"
              ],
              "en": [
                "Palavas-les-Flots"
              ],
              "it": [
                "Palavas-les-Flots"
              ],
              "fr": [
                "Palavas-les-Flots"
              ],
              "nl": [
                "Palavas-les-Flots"
              ],
              "es": [
                "Palavas-les-Flots"
              ]
            },
            "insee": "34192",
            "isPartOfDepartment": {
              "@id": "kb:France7634",
              "@type": [
                "Department"
              ],
              "rdfs:label": {
                "de": [
                  "Hérault"
                ],
                "pt": [
                  "Hérault"
                ],
                "en": [
                  "Hérault"
                ],
                "it": [
                  "Hérault"
                ],
                "fr": [
                  "Hérault"
                ],
                "nl": [
                  "Hérault"
                ],
                "es": [
                  "Hérault"
                ]
              },
              "insee": "34",
              "isPartOfRegion": {
                "@id": "kb:France76",
                "@type": [
                  "Region"
                ],
                "rdfs:label": {
                  "de": [
                    "Occitanie"
                  ],
                  "pt": [
                    "Occitanie"
                  ],
                  "en": [
                    "Occitanie"
                  ],
                  "it": [
                    "Occitanie"
                  ],
                  "fr": [
                    "Occitanie"
                  ],
                  "nl": [
                    "Occitanie"
                  ],
                  "es": [
                    "Occitanie"
                  ]
                },
                "insee": "76",
                "isPartOfCountry": {
                  "@id": "kb:France",
                  "@type": [
                    "schema:Country"
                  ],
                  "rdfs:label": {
                    "de": [
                      "France",
                      "Frankreich"
                    ],
                    "pt": [
                      "França",
                      "France"
                    ],
                    "en": [
                      "France"
                    ],
                    "it": [
                      "France",
                      "Francia"
                    ],
                    "fr": [
                      "France"
                    ],
                    "nl": [
                      "France",
                      "Frankrijk"
                    ],
                    "es": [
                      "France",
                      "Francia"
                    ]
                  }
                }
              }
            }
          }
        }
      ],
      "schema:geo": {
        "@id": "https://data.datatourisme.fr/530184c2-9897-36cb-8898-4766028935d3",
        "schema:latitude": "43.5295444",
        "schema:longitude": "3.924566",
        "@type": [
          "schema:GeoCoordinates"
        ]
      },
      "schema:openingHoursSpecification": [
        {
          "@id": "https://data.datatourisme.fr/2816749e-c0c3-3395-b404-323929d6422c",
          "schema:dayOfWeek": [
            {
              "@id": "schema:Tuesday",
              "@type": [
                "schema:DayOfWeek"
              ],
              "rdfs:label": {
                "de": [
                  "Dienstag"
                ],
                "pt": [
                  "Terça-feira"
                ],
                "en": [
                  "Tuesday"
                ],
                "it": [
                  "Martedì"
                ],
                "fr": [
                  "Mardi"
                ],
                "es": [
                  "Martes"
                ],
                "nl": [
                  "Dinsdag"
                ]
              }
            }
          ],
          "schema:validFrom": "2023-01-01T00:00:00",
          "schema:validThrough": "2023-12-31T23:59:59",
          "@type": [
            "schema:OpeningHoursSpecification"
          ],
          "additionalInformation": {
            "de": [
              "Montag 9h-13h\nDienstag Mittwoch Donnerstag Freitag Sonntag: 9-13 Uhr & 15.30-20 Uhr\nSamstag: 15.30-20 Uhr\nJULI & AUGUST: Montag bis Sonntag 8-13 Uhr & 15.30-21 Uhr"
            ],
            "en": [
              "Monday 9am-1pm\nTuesday Wednesday Thursday Friday Sunday: 9am-1pm & 3:30pm-8pm\nSaturday: 3:30-8pm\nJULY & AUGUST: Monday to Sunday 8am-1pm & 3:30pm-9pm"
            ],
            "it": [
              "Lunedì 9.00-13.00\nMartedì, mercoledì, giovedì, venerdì, domenica: dalle 9.00 alle 13.00 e dalle 15.30 alle 20.00\nSabato: 15:30-20:00\nLUGLIO E AGOSTO: dal lunedì alla domenica, dalle 8.00 alle 13.00 e dalle 15.30 alle 21.00"
            ],
            "fr": [
              "Lundi 9h-13h\nMardi Mercredi Jeudi Vendredi Dimanche : 9h-13h & 15h30-20h\nSamedi : 15h30-20h \nJUILLET & AOUT : lundi au dimanche 8h-13h & 15h30-21h"
            ],
            "nl": [
              "Maandag 9.00-1.00 uur\nDinsdag Woensdag Donderdag Vrijdag Zondag: 09:00-13:00 & 15:30-20:00\nZaterdag: 15.30-20.00 uur\nJULI & AUGUST: maandag t/m zondag 8.00-13.00 uur en 15.30-9.00 uur"
            ],
            "es": [
              "Lunes, de 9.00 a 13.00 horas\nMartes Miércoles Jueves Viernes Domingo: 9:00-13:00 y 15:30-20:00\nSábado: 3:30-8pm\nJULIO Y AGOSTO: de lunes a domingo, de 8.00 a 13.00 h. y de 15.30 a 21.00 h"
            ]
          },
          "hasTranslatedProperty": [
            {
              "@id": "https://data.datatourisme.fr/52555c0c-9b4e-39dd-ab21-3a4f6188d8c2",
              "dc:contributor": [
                "https://api.deepl.com/v2/translate"
              ],
              "rdf:language": [
                "nl"
              ],
              "rdf:predicate": [
                "additionalInformation"
              ]
            },
            {
              "@id": "https://data.datatourisme.fr/68d26f4e-ae99-3d98-a47d-77c4adf7ebbe",
              "dc:contributor": [
                "https://api.deepl.com/v2/translate"
              ],
              "rdf:language": [
                "es"
              ],
              "rdf:predicate": [
                "additionalInformation"
              ]
            },
            {
              "@id": "https://data.datatourisme.fr/6a6820de-628b-3064-8185-37975496b974",
              "dc:contributor": [
                "https://api.deepl.com/v2/translate"
              ],
              "rdf:language": [
                "de"
              ],
              "rdf:predicate": [
                "additionalInformation"
              ]
            },
            {
              "@id": "https://data.datatourisme.fr/8f547ff6-00a3-37e1-bb68-6fb06874924a",
              "dc:contributor": [
                "https://api.deepl.com/v2/translate"
              ],
              "rdf:language": [
                "en"
              ],
              "rdf:predicate": [
                "additionalInformation"
              ]
            },
            {
              "@id": "https://data.datatourisme.fr/a4847b64-eeb7-358e-a556-e3b50a0039d7",
              "dc:contributor": [
                "https://api.deepl.com/v2/translate"
              ],
              "rdf:language": [
                "it"
              ],
              "rdf:predicate": [
                "additionalInformation"
              ]
            }
          ]
        },
        {
          "@id": "https://data.datatourisme.fr/359d358d-02c9-3a7c-a9f6-8877712b2bb1",
          "schema:dayOfWeek": [
            {
              "@id": "schema:Thursday",
              "@type": [
                "schema:DayOfWeek"
              ],
              "rdfs:label": {
                "de": [
                  "Donnerstag"
                ],
                "pt": [
                  "Quinta-feira"
                ],
                "en": [
                  "Thursday"
                ],
                "it": [
                  "Giovedì"
                ],
                "fr": [
                  "Jeudi"
                ],
                "es": [
                  "Jueves"
                ],
                "nl": [
                  "Donderdag"
                ]
              }
            }
          ],
          "schema:validFrom": "2023-01-01T00:00:00",
          "schema:validThrough": "2023-12-31T23:59:59",
          "@type": [
            "schema:OpeningHoursSpecification"
          ],
          "additionalInformation": {
            "de": [
              "Montag 9h-13h\nDienstag Mittwoch Donnerstag Freitag Sonntag: 9-13 Uhr & 15.30-20 Uhr\nSamstag: 15.30-20 Uhr\nJULI & AUGUST: Montag bis Sonntag 8-13 Uhr & 15.30-21 Uhr"
            ],
            "en": [
              "Monday 9am-1pm\nTuesday Wednesday Thursday Friday Sunday: 9am-1pm & 3:30pm-8pm\nSaturday: 3:30-8pm\nJULY & AUGUST: Monday to Sunday 8am-1pm & 3:30pm-9pm"
            ],
            "it": [
              "Lunedì 9.00-13.00\nMartedì, mercoledì, giovedì, venerdì, domenica: dalle 9.00 alle 13.00 e dalle 15.30 alle 20.00\nSabato: 15:30-20:00\nLUGLIO E AGOSTO: dal lunedì alla domenica, dalle 8.00 alle 13.00 e dalle 15.30 alle 21.00"
            ],
            "fr": [
              "Lundi 9h-13h\nMardi Mercredi Jeudi Vendredi Dimanche : 9h-13h & 15h30-20h\nSamedi : 15h30-20h \nJUILLET & AOUT : lundi au dimanche 8h-13h & 15h30-21h"
            ],
            "nl": [
              "Maandag 9.00-1.00 uur\nDinsdag Woensdag Donderdag Vrijdag Zondag: 09:00-13:00 & 15:30-20:00\nZaterdag: 15.30-20.00 uur\nJULI & AUGUST: maandag t/m zondag 8.00-13.00 uur en 15.30-9.00 uur"
            ],
            "es": [
              "Lunes, de 9.00 a 13.00 horas\nMartes Miércoles Jueves Viernes Domingo: 9:00-13:00 y 15:30-20:00\nSábado: 3:30-8pm\nJULIO Y AGOSTO: de lunes a domingo, de 8.00 a 13.00 h. y de 15.30 a 21.00 h"
            ]
          },
          "hasTranslatedProperty": [
            {
              "@id": "https://data.datatourisme.fr/1e1a4e63-059b-329b-ba51-83cfc4fdd982",
              "dc:contributor": [
                "https://api.deepl.com/v2/translate"
              ],
              "rdf:language": [
                "nl"
              ],
              "rdf:predicate": [
                "additionalInformation"
              ]
            },
            {
              "@id": "https://data.datatourisme.fr/5c3c62dc-a9d1-38cc-bb15-66cea99fbb06",
              "dc:contributor": [
                "https://api.deepl.com/v2/translate"
              ],
              "rdf:language": [
                "de"
              ],
              "rdf:predicate": [
                "additionalInformation"
              ]
            },
            {
              "@id": "https://data.datatourisme.fr/64c82a1f-ebf2-3564-9403-50bb23a11f67",
              "dc:contributor": [
                "https://api.deepl.com/v2/translate"
              ],
              "rdf:language": [
                "it"
              ],
              "rdf:predicate": [
                "additionalInformation"
              ]
            },
            {
              "@id": "https://data.datatourisme.fr/95ee7e4c-022d-373f-a5f6-f1ea31e45919",
              "dc:contributor": [
                "https://api.deepl.com/v2/translate"
              ],
              "rdf:language": [
                "en"
              ],
              "rdf:predicate": [
                "additionalInformation"
              ]
            },
            {
              "@id": "https://data.datatourisme.fr/edea39bd-6d8d-3fef-9495-7914b8ccc227",
              "dc:contributor": [
                "https://api.deepl.com/v2/translate"
              ],
              "rdf:language": [
                "es"
              ],
              "rdf:predicate": [
                "additionalInformation"
              ]
            }
          ]
        },
        {
          "@id": "https://data.datatourisme.fr/40bdf679-ab89-368f-97fc-25fb686cdf74",
          "schema:dayOfWeek": [
            {
              "@id": "schema:Monday",
              "@type": [
                "schema:DayOfWeek"
              ],
              "rdfs:label": {
                "de": [
                  "Montag"
                ],
                "pt": [
                  "Segunda-feira"
                ],
                "en": [
                  "Monday"
                ],
                "it": [
                  "Lunedì"
                ],
                "fr": [
                  "Lundi"
                ],
                "nl": [
                  "Maandag"
                ],
                "es": [
                  "Lunes"
                ]
              }
            }
          ],
          "schema:validFrom": "2023-01-01T00:00:00",
          "schema:validThrough": "2023-12-31T23:59:59",
          "@type": [
            "schema:OpeningHoursSpecification"
          ],
          "additionalInformation": {
            "de": [
              "Montag 9h-13h\nDienstag Mittwoch Donnerstag Freitag Sonntag: 9-13 Uhr & 15.30-20 Uhr\nSamstag: 15.30-20 Uhr\nJULI & AUGUST: Montag bis Sonntag 8-13 Uhr & 15.30-21 Uhr"
            ],
            "en": [
              "Monday 9am-1pm\nTuesday Wednesday Thursday Friday Sunday: 9am-1pm & 3:30pm-8pm\nSaturday: 3:30-8pm\nJULY & AUGUST: Monday to Sunday 8am-1pm & 3:30pm-9pm"
            ],
            "it": [
              "Lunedì 9.00-13.00\nMartedì, mercoledì, giovedì, venerdì, domenica: dalle 9.00 alle 13.00 e dalle 15.30 alle 20.00\nSabato: 15:30-20:00\nLUGLIO E AGOSTO: dal lunedì alla domenica, dalle 8.00 alle 13.00 e dalle 15.30 alle 21.00"
            ],
            "fr": [
              "Lundi 9h-13h\nMardi Mercredi Jeudi Vendredi Dimanche : 9h-13h & 15h30-20h\nSamedi : 15h30-20h \nJUILLET & AOUT : lundi au dimanche 8h-13h & 15h30-21h"
            ],
            "nl": [
              "Maandag 9.00-1.00 uur\nDinsdag Woensdag Donderdag Vrijdag Zondag: 09:00-13:00 & 15:30-20:00\nZaterdag: 15.30-20.00 uur\nJULI & AUGUST: maandag t/m zondag 8.00-13.00 uur en 15.30-9.00 uur"
            ],
            "es": [
              "Lunes, de 9.00 a 13.00 horas\nMartes Miércoles Jueves Viernes Domingo: 9:00-13:00 y 15:30-20:00\nSábado: 3:30-8pm\nJULIO Y AGOSTO: de lunes a domingo, de 8.00 a 13.00 h. y de 15.30 a 21.00 h"
            ]
          },
          "hasTranslatedProperty": [
            {
              "@id": "https://data.datatourisme.fr/4b69ee82-af0d-3184-9e67-7ad3124ac0b2",
              "dc:contributor": [
                "https://api.deepl.com/v2/translate"
              ],
              "rdf:language": [
                "es"
              ],
              "rdf:predicate": [
                "additionalInformation"
              ]
            },
            {
              "@id": "https://data.datatourisme.fr/6c3b9a38-bc33-3c61-bcb1-ed438868498d",
              "dc:contributor": [
                "https://api.deepl.com/v2/translate"
              ],
              "rdf:language": [
                "en"
              ],
              "rdf:predicate": [
                "additionalInformation"
              ]
            },
            {
              "@id": "https://data.datatourisme.fr/deac8346-4e32-3f0b-bb15-19e794597f59",
              "dc:contributor": [
                "https://api.deepl.com/v2/translate"
              ],
              "rdf:language": [
                "it"
              ],
              "rdf:predicate": [
                "additionalInformation"
              ]
            },
            {
              "@id": "https://data.datatourisme.fr/f1887a90-06e1-3cfe-8a1f-b5e5a88f63a7",
              "dc:contributor": [
                "https://api.deepl.com/v2/translate"
              ],
              "rdf:language": [
                "de"
              ],
              "rdf:predicate": [
                "additionalInformation"
              ]
            },
            {
              "@id": "https://data.datatourisme.fr/f3e78b70-c8cc-3544-81ad-c6663d731f51",
              "dc:contributor": [
                "https://api.deepl.com/v2/translate"
              ],
              "rdf:language": [
                "nl"
              ],
              "rdf:predicate": [
                "additionalInformation"
              ]
            }
          ]
        },
        {
          "@id": "https://data.datatourisme.fr/4866e7dc-d31e-36c1-b326-cf44bef8d25a",
          "schema:dayOfWeek": [
            {
              "@id": "schema:Sunday",
              "@type": [
                "schema:DayOfWeek"
              ],
              "rdfs:label": {
                "de": [
                  "Sonntag"
                ],
                "pt": [
                  "Domingo"
                ],
                "en": [
                  "Sunday"
                ],
                "it": [
                  "Domenica"
                ],
                "fr": [
                  "Dimanche"
                ],
                "nl": [
                  "Zondag"
                ],
                "es": [
                  "Domingo"
                ]
              }
            }
          ],
          "schema:validFrom": "2023-01-01T00:00:00",
          "schema:validThrough": "2023-12-31T23:59:59",
          "@type": [
            "schema:OpeningHoursSpecification"
          ],
          "additionalInformation": {
            "de": [
              "Montag 9h-13h\nDienstag Mittwoch Donnerstag Freitag Sonntag: 9-13 Uhr & 15.30-20 Uhr\nSamstag: 15.30-20 Uhr\nJULI & AUGUST: Montag bis Sonntag 8-13 Uhr & 15.30-21 Uhr"
            ],
            "en": [
              "Monday 9am-1pm\nTuesday Wednesday Thursday Friday Sunday: 9am-1pm & 3:30pm-8pm\nSaturday: 3:30-8pm\nJULY & AUGUST: Monday to Sunday 8am-1pm & 3:30pm-9pm"
            ],
            "it": [
              "Lunedì 9.00-13.00\nMartedì, mercoledì, giovedì, venerdì, domenica: dalle 9.00 alle 13.00 e dalle 15.30 alle 20.00\nSabato: 15:30-20:00\nLUGLIO E AGOSTO: dal lunedì alla domenica, dalle 8.00 alle 13.00 e dalle 15.30 alle 21.00"
            ],
            "fr": [
              "Lundi 9h-13h\nMardi Mercredi Jeudi Vendredi Dimanche : 9h-13h & 15h30-20h\nSamedi : 15h30-20h \nJUILLET & AOUT : lundi au dimanche 8h-13h & 15h30-21h"
            ],
            "nl": [
              "Maandag 9.00-1.00 uur\nDinsdag Woensdag Donderdag Vrijdag Zondag: 09:00-13:00 & 15:30-20:00\nZaterdag: 15.30-20.00 uur\nJULI & AUGUST: maandag t/m zondag 8.00-13.00 uur en 15.30-9.00 uur"
            ],
            "es": [
              "Lunes, de 9.00 a 13.00 horas\nMartes Miércoles Jueves Viernes Domingo: 9:00-13:00 y 15:30-20:00\nSábado: 3:30-8pm\nJULIO Y AGOSTO: de lunes a domingo, de 8.00 a 13.00 h. y de 15.30 a 21.00 h"
            ]
          },
          "hasTranslatedProperty": [
            {
              "@id": "https://data.datatourisme.fr/1510d971-0791-32cb-b4bd-86d12011b5e8",
              "dc:contributor": [
                "https://api.deepl.com/v2/translate"
              ],
              "rdf:language": [
                "es"
              ],
              "rdf:predicate": [
                "additionalInformation"
              ]
            },
            {
              "@id": "https://data.datatourisme.fr/3956369f-11d7-34b5-b961-64d9a86602a6",
              "dc:contributor": [
                "https://api.deepl.com/v2/translate"
              ],
              "rdf:language": [
                "it"
              ],
              "rdf:predicate": [
                "additionalInformation"
              ]
            },
            {
              "@id": "https://data.datatourisme.fr/916c3fac-2362-3925-ac9a-02b3d1492703",
              "dc:contributor": [
                "https://api.deepl.com/v2/translate"
              ],
              "rdf:language": [
                "nl"
              ],
              "rdf:predicate": [
                "additionalInformation"
              ]
            },
            {
              "@id": "https://data.datatourisme.fr/d79e3139-ab9e-3f96-ba8c-26acdfb6611d",
              "dc:contributor": [
                "https://api.deepl.com/v2/translate"
              ],
              "rdf:language": [
                "en"
              ],
              "rdf:predicate": [
                "additionalInformation"
              ]
            },
            {
              "@id": "https://data.datatourisme.fr/e73bc61e-20c7-3ba4-9f38-29cd1519d456",
              "dc:contributor": [
                "https://api.deepl.com/v2/translate"
              ],
              "rdf:language": [
                "de"
              ],
              "rdf:predicate": [
                "additionalInformation"
              ]
            }
          ]
        },
        {
          "@id": "https://data.datatourisme.fr/9226f8a7-7c50-3ab0-ab34-487b957efef7",
          "schema:dayOfWeek": [
            {
              "@id": "schema:Friday",
              "@type": [
                "schema:DayOfWeek"
              ],
              "rdfs:label": {
                "de": [
                  "Freitag"
                ],
                "pt": [
                  "Sexta-feira"
                ],
                "en": [
                  "Friday"
                ],
                "it": [
                  "Venerdì"
                ],
                "fr": [
                  "Vendredi"
                ],
                "nl": [
                  "Vrijdag"
                ],
                "es": [
                  "Viernes"
                ]
              }
            }
          ],
          "schema:validFrom": "2023-01-01T00:00:00",
          "schema:validThrough": "2023-12-31T23:59:59",
          "@type": [
            "schema:OpeningHoursSpecification"
          ],
          "additionalInformation": {
            "de": [
              "Montag 9h-13h\nDienstag Mittwoch Donnerstag Freitag Sonntag: 9-13 Uhr & 15.30-20 Uhr\nSamstag: 15.30-20 Uhr\nJULI & AUGUST: Montag bis Sonntag 8-13 Uhr & 15.30-21 Uhr"
            ],
            "en": [
              "Monday 9am-1pm\nTuesday Wednesday Thursday Friday Sunday: 9am-1pm & 3:30pm-8pm\nSaturday: 3:30-8pm\nJULY & AUGUST: Monday to Sunday 8am-1pm & 3:30pm-9pm"
            ],
            "it": [
              "Lunedì 9.00-13.00\nMartedì, mercoledì, giovedì, venerdì, domenica: dalle 9.00 alle 13.00 e dalle 15.30 alle 20.00\nSabato: 15:30-20:00\nLUGLIO E AGOSTO: dal lunedì alla domenica, dalle 8.00 alle 13.00 e dalle 15.30 alle 21.00"
            ],
            "fr": [
              "Lundi 9h-13h\nMardi Mercredi Jeudi Vendredi Dimanche : 9h-13h & 15h30-20h\nSamedi : 15h30-20h \nJUILLET & AOUT : lundi au dimanche 8h-13h & 15h30-21h"
            ],
            "nl": [
              "Maandag 9.00-1.00 uur\nDinsdag Woensdag Donderdag Vrijdag Zondag: 09:00-13:00 & 15:30-20:00\nZaterdag: 15.30-20.00 uur\nJULI & AUGUST: maandag t/m zondag 8.00-13.00 uur en 15.30-9.00 uur"
            ],
            "es": [
              "Lunes, de 9.00 a 13.00 horas\nMartes Miércoles Jueves Viernes Domingo: 9:00-13:00 y 15:30-20:00\nSábado: 3:30-8pm\nJULIO Y AGOSTO: de lunes a domingo, de 8.00 a 13.00 h. y de 15.30 a 21.00 h"
            ]
          },
          "hasTranslatedProperty": [
            {
              "@id": "https://data.datatourisme.fr/190b5576-21af-379b-a8f1-4cb709990157",
              "dc:contributor": [
                "https://api.deepl.com/v2/translate"
              ],
              "rdf:language": [
                "es"
              ],
              "rdf:predicate": [
                "additionalInformation"
              ]
            },
            {
              "@id": "https://data.datatourisme.fr/26210833-7172-3dff-9d47-306ac84fa2f6",
              "dc:contributor": [
                "https://api.deepl.com/v2/translate"
              ],
              "rdf:language": [
                "nl"
              ],
              "rdf:predicate": [
                "additionalInformation"
              ]
            },
            {
              "@id": "https://data.datatourisme.fr/4a493329-4770-3859-b502-5a1113ded43b",
              "dc:contributor": [
                "https://api.deepl.com/v2/translate"
              ],
              "rdf:language": [
                "de"
              ],
              "rdf:predicate": [
                "additionalInformation"
              ]
            },
            {
              "@id": "https://data.datatourisme.fr/7c6a46ce-7b4e-34f6-976f-d5f186ab686e",
              "dc:contributor": [
                "https://api.deepl.com/v2/translate"
              ],
              "rdf:language": [
                "en"
              ],
              "rdf:predicate": [
                "additionalInformation"
              ]
            },
            {
              "@id": "https://data.datatourisme.fr/a237731c-19f2-327e-ae72-4faa3b62d75f",
              "dc:contributor": [
                "https://api.deepl.com/v2/translate"
              ],
              "rdf:language": [
                "it"
              ],
              "rdf:predicate": [
                "additionalInformation"
              ]
            }
          ]
        },
        {
          "@id": "https://data.datatourisme.fr/e0a9e7cf-d7f2-3b47-8cea-d2833fb37bc2",
          "schema:dayOfWeek": [
            {
              "@id": "schema:Wednesday",
              "@type": [
                "schema:DayOfWeek"
              ],
              "rdfs:label": {
                "de": [
                  "Mittwoch"
                ],
                "pt": [
                  "Quarta-feira"
                ],
                "en": [
                  "Wednesday"
                ],
                "it": [
                  "Mercoledì"
                ],
                "fr": [
                  "Mercredi"
                ],
                "nl": [
                  "Woensdag"
                ],
                "es": [
                  "Miércoles"
                ]
              }
            }
          ],
          "schema:validFrom": "2023-01-01T00:00:00",
          "schema:validThrough": "2023-12-31T23:59:59",
          "@type": [
            "schema:OpeningHoursSpecification"
          ],
          "additionalInformation": {
            "de": [
              "Montag 9h-13h\nDienstag Mittwoch Donnerstag Freitag Sonntag: 9-13 Uhr & 15.30-20 Uhr\nSamstag: 15.30-20 Uhr\nJULI & AUGUST: Montag bis Sonntag 8-13 Uhr & 15.30-21 Uhr"
            ],
            "en": [
              "Monday 9am-1pm\nTuesday Wednesday Thursday Friday Sunday: 9am-1pm & 3:30pm-8pm\nSaturday: 3:30-8pm\nJULY & AUGUST: Monday to Sunday 8am-1pm & 3:30pm-9pm"
            ],
            "it": [
              "Lunedì 9.00-13.00\nMartedì, mercoledì, giovedì, venerdì, domenica: dalle 9.00 alle 13.00 e dalle 15.30 alle 20.00\nSabato: 15:30-20:00\nLUGLIO E AGOSTO: dal lunedì alla domenica, dalle 8.00 alle 13.00 e dalle 15.30 alle 21.00"
            ],
            "fr": [
              "Lundi 9h-13h\nMardi Mercredi Jeudi Vendredi Dimanche : 9h-13h & 15h30-20h\nSamedi : 15h30-20h \nJUILLET & AOUT : lundi au dimanche 8h-13h & 15h30-21h"
            ],
            "nl": [
              "Maandag 9.00-1.00 uur\nDinsdag Woensdag Donderdag Vrijdag Zondag: 09:00-13:00 & 15:30-20:00\nZaterdag: 15.30-20.00 uur\nJULI & AUGUST: maandag t/m zondag 8.00-13.00 uur en 15.30-9.00 uur"
            ],
            "es": [
              "Lunes, de 9.00 a 13.00 horas\nMartes Miércoles Jueves Viernes Domingo: 9:00-13:00 y 15:30-20:00\nSábado: 3:30-8pm\nJULIO Y AGOSTO: de lunes a domingo, de 8.00 a 13.00 h. y de 15.30 a 21.00 h"
            ]
          },
          "hasTranslatedProperty": [
            {
              "@id": "https://data.datatourisme.fr/5eb9e0e4-9fc8-3170-b238-deb5f349ec35",
              "dc:contributor": [
                "https://api.deepl.com/v2/translate"
              ],
              "rdf:language": [
                "es"
              ],
              "rdf:predicate": [
                "additionalInformation"
              ]
            },
            {
              "@id": "https://data.datatourisme.fr/687e5cf1-7c97-3e19-b623-d835cd73e626",
              "dc:contributor": [
                "https://api.deepl.com/v2/translate"
              ],
              "rdf:language": [
                "de"
              ],
              "rdf:predicate": [
                "additionalInformation"
              ]
            },
            {
              "@id": "https://data.datatourisme.fr/ab48ad9a-1857-3c0c-8e9f-38f3142303bd",
              "dc:contributor": [
                "https://api.deepl.com/v2/translate"
              ],
              "rdf:language": [
                "en"
              ],
              "rdf:predicate": [
                "additionalInformation"
              ]
            },
            {
              "@id": "https://data.datatourisme.fr/acf543b3-6e31-37ff-b2c8-a4c783250f2c",
              "dc:contributor": [
                "https://api.deepl.com/v2/translate"
              ],
              "rdf:language": [
                "it"
              ],
              "rdf:predicate": [
                "additionalInformation"
              ]
            },
            {
              "@id": "https://data.datatourisme.fr/fb1bebe1-7b82-39a2-8a9f-d73597f323b2",
              "dc:contributor": [
                "https://api.deepl.com/v2/translate"
              ],
              "rdf:language": [
                "nl"
              ],
              "rdf:predicate": [
                "additionalInformation"
              ]
            }
          ]
        },
        {
          "@id": "https://data.datatourisme.fr/f7d9917a-ce94-34ff-b111-cd491e76c90d",
          "schema:dayOfWeek": [
            {
              "@id": "schema:Saturday",
              "@type": [
                "schema:DayOfWeek"
              ],
              "rdfs:label": {
                "de": [
                  "Samstag"
                ],
                "pt": [
                  "Sábado"
                ],
                "en": [
                  "Saturday"
                ],
                "it": [
                  "Sabato"
                ],
                "fr": [
                  "Samedi"
                ],
                "nl": [
                  "Zaterdag"
                ],
                "es": [
                  "Sábado"
                ]
              }
            }
          ],
          "schema:validFrom": "2023-01-01T00:00:00",
          "schema:validThrough": "2023-12-31T23:59:59",
          "@type": [
            "schema:OpeningHoursSpecification"
          ],
          "additionalInformation": {
            "de": [
              "Montag 9h-13h\nDienstag Mittwoch Donnerstag Freitag Sonntag: 9-13 Uhr & 15.30-20 Uhr\nSamstag: 15.30-20 Uhr\nJULI & AUGUST: Montag bis Sonntag 8-13 Uhr & 15.30-21 Uhr"
            ],
            "en": [
              "Monday 9am-1pm\nTuesday Wednesday Thursday Friday Sunday: 9am-1pm & 3:30pm-8pm\nSaturday: 3:30-8pm\nJULY & AUGUST: Monday to Sunday 8am-1pm & 3:30pm-9pm"
            ],
            "it": [
              "Lunedì 9.00-13.00\nMartedì, mercoledì, giovedì, venerdì, domenica: dalle 9.00 alle 13.00 e dalle 15.30 alle 20.00\nSabato: 15:30-20:00\nLUGLIO E AGOSTO: dal lunedì alla domenica, dalle 8.00 alle 13.00 e dalle 15.30 alle 21.00"
            ],
            "fr": [
              "Lundi 9h-13h\nMardi Mercredi Jeudi Vendredi Dimanche : 9h-13h & 15h30-20h\nSamedi : 15h30-20h \nJUILLET & AOUT : lundi au dimanche 8h-13h & 15h30-21h"
            ],
            "nl": [
              "Maandag 9.00-1.00 uur\nDinsdag Woensdag Donderdag Vrijdag Zondag: 09:00-13:00 & 15:30-20:00\nZaterdag: 15.30-20.00 uur\nJULI & AUGUST: maandag t/m zondag 8.00-13.00 uur en 15.30-9.00 uur"
            ],
            "es": [
              "Lunes, de 9.00 a 13.00 horas\nMartes Miércoles Jueves Viernes Domingo: 9:00-13:00 y 15:30-20:00\nSábado: 3:30-8pm\nJULIO Y AGOSTO: de lunes a domingo, de 8.00 a 13.00 h. y de 15.30 a 21.00 h"
            ]
          },
          "hasTranslatedProperty": [
            {
              "@id": "https://data.datatourisme.fr/1af7b9a6-7744-3bca-aa6f-d049f080acc4",
              "dc:contributor": [
                "https://api.deepl.com/v2/translate"
              ],
              "rdf:language": [
                "en"
              ],
              "rdf:predicate": [
                "additionalInformation"
              ]
            },
            {
              "@id": "https://data.datatourisme.fr/205b1def-04ef-3abd-8b0e-0aeebc3c9189",
              "dc:contributor": [
                "https://api.deepl.com/v2/translate"
              ],
              "rdf:language": [
                "it"
              ],
              "rdf:predicate": [
                "additionalInformation"
              ]
            },
            {
              "@id": "https://data.datatourisme.fr/739e0fb4-b537-35df-abc1-52673c2f9896",
              "dc:contributor": [
                "https://api.deepl.com/v2/translate"
              ],
              "rdf:language": [
                "nl"
              ],
              "rdf:predicate": [
                "additionalInformation"
              ]
            },
            {
              "@id": "https://data.datatourisme.fr/b86bed43-60eb-30c6-b974-daf13dc9c852",
              "dc:contributor": [
                "https://api.deepl.com/v2/translate"
              ],
              "rdf:language": [
                "es"
              ],
              "rdf:predicate": [
                "additionalInformation"
              ]
            },
            {
              "@id": "https://data.datatourisme.fr/bcdb52d8-550f-3ed4-8e10-8fa8a03e0392",
              "dc:contributor": [
                "https://api.deepl.com/v2/translate"
              ],
              "rdf:language": [
                "de"
              ],
              "rdf:predicate": [
                "additionalInformation"
              ]
            }
          ]
        }
      ],
      "@type": [
        "schema:Place",
        "Place"
      ]
    }
  ],
  "lastUpdate": "2023-06-21",
  "lastUpdateDatatourisme": "2023-06-21T23:38:52.276Z",
  "offers": [
    {
      "@id": "https://data.datatourisme.fr/28977f69-dd60-35a2-97e9-d8a31dc4288b",
      "schema:acceptedPaymentMethod": [
        {
          "@id": "kb:AmericanExpress",
          "@type": [
            "schema:PaymentMethod"
          ],
          "rdfs:label": {
            "de": [
              "American Express"
            ],
            "pt": [
              "American Express"
            ],
            "en": [
              "American express"
            ],
            "it": [
              "American Express"
            ],
            "fr": [
              "American express"
            ],
            "nl": [
              "American Express"
            ],
            "es": [
              "American Express"
            ]
          }
        },
        {
          "@id": "kb:BlueCard",
          "@type": [
            "schema:PaymentMethod"
          ],
          "rdfs:label": {
            "de": [
              "Carte bleue"
            ],
            "pt": [
              "Cartão de pagamento (Carte bleue)"
            ],
            "en": [
              "Blue card"
            ],
            "it": [
              "Carta blu"
            ],
            "fr": [
              "Carte bleue"
            ],
            "es": [
              "Tarjeta bancaria"
            ],
            "nl": [
              "Carte Bleue"
            ]
          }
        },
        {
          "@id": "kb:Cash",
          "@type": [
            "schema:PaymentMethod"
          ],
          "rdfs:label": {
            "de": [
              "Art"
            ],
            "pt": [
              "Espécie"
            ],
            "en": [
              "Cash"
            ],
            "it": [
              "Contanti"
            ],
            "fr": [
              "Espèce"
            ],
            "es": [
              "Especie"
            ],
            "nl": [
              "Contant"
            ]
          }
        }
      ],
      "@type": [
        "schema:Offer",
        "Offer"
      ]
    }
  ],
  "reducedMobilityAccess": false
}