{
  "@id": "https://data.datatourisme.fr/13/eeadce70-d52c-3b57-b207-bd69cba70cb9",
  "dc:identifier": "4905487",
  "@type": [
    "schema:FoodEstablishment",
    "schema:LocalBusiness",
    "BarOrPub",
    "FoodEstablishment",
    "PlaceOfInterest",
    "PointOfInterest",
    "Store"
  ],
  "rdfs:comment": {
    "de": [
      "Kleine Dienstleistungen, Lebensraum und lokale Freuden.\r\nBar Presse - Lebensmittelgeschäft - Postagentur - Poststelle.\r\nUnsere Öffnungszeiten werden aufgrund der Ausgangssperre geändert:\r\nSo ist der Lebensmittelladen dienstags bis freitags von 7:30 bis 12:30 Uhr und von 16:00 bis 18:00 Uhr geöffnet, ..."
    ],
    "en": [
      "Small services, living space and local festivities.\r\nPress bar - Grocery store - Postal agency - Point Poste.\r\nOur opening hours are modified according to the curfew:\r\nThe grocery store is open from Tuesday to Friday from 7:30 to 12:30 and from 16:00 to 18:00, ..."
    ],
    "it": [
      "Piccoli servizi, spazio vitale e feste locali.\r\nBar Press - Negozio di alimentari - Agenzia postale - Ufficio postale.\r\nI nostri orari di apertura sono modificati in base al coprifuoco:\r\nIl negozio di alimentari è aperto dal martedì al venerdì dalle 7.30 alle 12.30 e dalle 16.00 alle 18.00, ..."
    ],
    "fr": [
      "Petits services, espace de vie et réjouissances locales.\r\nBar Presse - Epicerie - Agence postale - Point Poste.\r\nNos horaires sont modifiés en fonction du couvre feu:\r\nAinsi l'épicerie est ouverte du mardi au vendredi de 7h30 à 12h30 et de 16h à 18h, ..."
    ],
    "es": [
      "Pequeños servicios, espacio de vida y fiestas locales.\r\nPrensa de bar - Tienda de comestibles - Agencia postal - Oficina de correos.\r\nNuestro horario de apertura se modifica en función del toque de queda:\r\nLa tienda de comestibles está abierta de martes a viernes de 7.30 a 12.30 y de 16 a 18 horas, ..."
    ],
    "nl": [
      "Kleine diensten, leefruimte en lokale festiviteiten.\r\nBar Press - Kruidenier - Postagentschap - Postkantoor.\r\nOnze openingstijden worden aangepast aan de avondklok:\r\nDe kruidenierswinkel is geopend van dinsdag tot en met vrijdag van 7.30 tot 12.30 uur en van 16.00 tot 18.00 uur, ..."
    ]
  },
  "rdfs:label": {
    "fr": [
      "Café-Epicerie des Huches"
    ]
  },
  "hasBeenCreatedBy": {
    "@id": "https://data.datatourisme.fr/13/90db9da4-fc54-34ab-95a9-fe495d555c06",
    "dc:identifier": "1420",
    "schema:email": [
      "corinne.vincent@lepuyenvelay.fr",
      "florence.brustel@lepuyenvelay.fr",
      "karine.wassner@lepuyenvelay.fr"
    ],
    "schema:legalName": "Office de Tourisme de l'agglomération du Puy-en-Velay",
    "@type": [
      "schema:Organization",
      "foaf:Agent",
      "Agent"
    ],
    "foaf:homepage": [
      "https://www.lepuyenvelay-tourisme.fr/"
    ]
  },
  "hasBeenPublishedBy": [
    {
      "@id": "https://data.datatourisme.fr/36ac2aa2-25d7-341e-b68a-2e78c6066065",
      "schema:legalName": "Maison du Tourisme de la Haute-Loire - source : Apidae Tourisme",
      "@type": [
        "schema:Organization",
        "foaf:Agent",
        "Agent"
      ],
      "foaf:homepage": [
        "https://www.apidae-tourisme.com/"
      ]
    }
  ],
  "hasContact": [
    {
      "@id": "https://data.datatourisme.fr/9864f190-2cea-3594-bd79-2874bebde6fb",
      "schema:email": [
        "leshuches@gmail.com"
      ],
      "schema:telephone": [
        "+33 4 71 05 21 36"
      ],
      "@type": [
        "foaf:Agent",
        "Agent"
      ]
    }
  ],
  "hasDescription": [
    {
      "@id": "https://data.datatourisme.fr/04d86130-f9d7-3ab5-b190-43a133f47e62",
      "@type": [
        "Description"
      ],
      "hasTranslatedProperty": [
        {
          "@id": "https://data.datatourisme.fr/18f78579-2242-30d2-89b5-3802c6baef4d",
          "dc:contributor": [
            "https://api.deepl.com/v2/translate"
          ],
          "rdf:language": [
            "de"
          ],
          "rdf:predicate": [
            "shortDescription"
          ]
        },
        {
          "@id": "https://data.datatourisme.fr/26b92512-576c-3afd-9f17-fabe496c4930",
          "dc:contributor": [
            "https://api.deepl.com/v2/translate"
          ],
          "rdf:language": [
            "es"
          ],
          "rdf:predicate": [
            "shortDescription"
          ]
        },
        {
          "@id": "https://data.datatourisme.fr/760bd6e6-2376-38e5-9861-7f08eeff7a0e",
          "dc:contributor": [
            "https://api.deepl.com/v2/translate"
          ],
          "rdf:language": [
            "it"
          ],
          "rdf:predicate": [
            "shortDescription"
          ]
        },
        {
          "@id": "https://data.datatourisme.fr/89bd17fe-f5dc-3073-a2bb-26ff7ccf224b",
          "dc:contributor": [
            "https://api.deepl.com/v2/translate"
          ],
          "rdf:language": [
            "nl"
          ],
          "rdf:predicate": [
            "shortDescription"
          ]
        },
        {
          "@id": "https://data.datatourisme.fr/e6d950d2-db17-38c5-9dad-e77480b83a39",
          "dc:contributor": [
            "https://api.deepl.com/v2/translate"
          ],
          "rdf:language": [
            "en"
          ],
          "rdf:predicate": [
            "shortDescription"
          ]
        }
      ],
      "shortDescription": {
        "de": [
          "Kleine Dienstleistungen, Lebensraum und lokale Freuden.\r\nBar Presse - Lebensmittelgeschäft - Postagentur - Poststelle.\r\nUnsere Öffnungszeiten werden aufgrund der Ausgangssperre geändert:\r\nSo ist der Lebensmittelladen dienstags bis freitags von 7:30 bis 12:30 Uhr und von 16:00 bis 18:00 Uhr geöffnet, ..."
        ],
        "en": [
          "Small services, living space and local festivities.\r\nPress bar - Grocery store - Postal agency - Point Poste.\r\nOur opening hours are modified according to the curfew:\r\nThe grocery store is open from Tuesday to Friday from 7:30 to 12:30 and from 16:00 to 18:00, ..."
        ],
        "it": [
          "Piccoli servizi, spazio vitale e feste locali.\r\nBar Press - Negozio di alimentari - Agenzia postale - Ufficio postale.\r\nI nostri orari di apertura sono modificati in base al coprifuoco:\r\nIl negozio di alimentari è aperto dal martedì al venerdì dalle 7.30 alle 12.30 e dalle 16.00 alle 18.00, ..."
        ],
        "fr": [
          "Petits services, espace de vie et réjouissances locales.\r\nBar Presse - Epicerie - Agence postale - Point Poste.\r\nNos horaires sont modifiés en fonction du couvre feu:\r\nAinsi l'épicerie est ouverte du mardi au vendredi de 7h30 à 12h30 et de 16h à 18h, ..."
        ],
        "es": [
          "Pequeños servicios, espacio de vida y fiestas locales.\r\nPrensa de bar - Tienda de comestibles - Agencia postal - Oficina de correos.\r\nNuestro horario de apertura se modifica en función del toque de queda:\r\nLa tienda de comestibles está abierta de martes a viernes de 7.30 a 12.30 y de 16 a 18 horas, ..."
        ],
        "nl": [
          "Kleine diensten, leefruimte en lokale festiviteiten.\r\nBar Press - Kruidenier - Postagentschap - Postkantoor.\r\nOnze openingstijden worden aangepast aan de avondklok:\r\nDe kruidenierswinkel is geopend van dinsdag tot en met vrijdag van 7.30 tot 12.30 uur en van 16.00 tot 18.00 uur, ..."
        ]
      }
    }
  ],
  "hasTranslatedProperty": [
    {
      "@id": "https://data.datatourisme.fr/27c7b502-3714-382f-9cb7-d1bbac9206b1",
      "dc:contributor": [
        "https://api.deepl.com/v2/translate"
      ],
      "rdf:language": [
        "en"
      ],
      "rdf:predicate": [
        {
          "@id": "rdfs:comment"
        }
      ]
    },
    {
      "@id": "https://data.datatourisme.fr/45a100e8-52e4-3908-8876-0a79fd76f1d3",
      "dc:contributor": [
        "https://api.deepl.com/v2/translate"
      ],
      "rdf:language": [
        "nl"
      ],
      "rdf:predicate": [
        {
          "@id": "rdfs:comment"
        }
      ]
    },
    {
      "@id": "https://data.datatourisme.fr/81b91d3e-5a10-3c9d-ab46-dad88d518fc8",
      "dc:contributor": [
        "https://api.deepl.com/v2/translate"
      ],
      "rdf:language": [
        "de"
      ],
      "rdf:predicate": [
        {
          "@id": "rdfs:comment"
        }
      ]
    },
    {
      "@id": "https://data.datatourisme.fr/95e1a0ec-2172-3221-bf27-d3f490f5518d",
      "dc:contributor": [
        "https://api.deepl.com/v2/translate"
      ],
      "rdf:language": [
        "it"
      ],
      "rdf:predicate": [
        {
          "@id": "rdfs:comment"
        }
      ]
    },
    {
      "@id": "https://data.datatourisme.fr/a89100c9-8307-33ba-841d-050dff2e76a8",
      "dc:contributor": [
        "https://api.deepl.com/v2/translate"
      ],
      "rdf:language": [
        "es"
      ],
      "rdf:predicate": [
        {
          "@id": "rdfs:comment"
        }
      ]
    }
  ],
  "isLocatedAt": [
    {
      "@id": "https://data.datatourisme.fr/f7be259d-276b-37fd-aac1-e2e35ffc1b63",
      "schema:address": [
        {
          "@id": "https://data.datatourisme.fr/f79cc54f-5ff5-337c-a27e-6f0b66316e48",
          "schema:addressLocality": "Saint-Étienne-Lardeyrol",
          "schema:postalCode": "43260",
          "schema:streetAddress": [
            "Café-Epicerie des Huches",
            "Le Bourg"
          ],
          "@type": [
            "schema:PostalAddress",
            "PostalAddress"
          ],
          "hasAddressCity": {
            "@id": "kb:43181",
            "@type": [
              "City"
            ],
            "rdfs:label": {
              "de": [
                "Saint-Étienne-Lardeyrol"
              ],
              "pt": [
                "Saint-Étienne-Lardeyrol"
              ],
              "en": [
                "Saint-Étienne-Lardeyrol"
              ],
              "it": [
                "Saint-Étienne-Lardeyrol"
              ],
              "fr": [
                "Saint-Étienne-Lardeyrol"
              ],
              "nl": [
                "Saint-Étienne-Lardeyrol"
              ],
              "es": [
                "Saint-Étienne-Lardeyrol"
              ]
            },
            "insee": "43181",
            "isPartOfDepartment": {
              "@id": "kb:France8443",
              "@type": [
                "Department"
              ],
              "rdfs:label": {
                "de": [
                  "Haute-Loire"
                ],
                "pt": [
                  "Haute-Loire"
                ],
                "en": [
                  "Haute-Loire"
                ],
                "it": [
                  "Haute-Loire"
                ],
                "fr": [
                  "Haute-Loire"
                ],
                "nl": [
                  "Haute-Loire"
                ],
                "es": [
                  "Haute-Loire"
                ]
              },
              "insee": "43",
              "isPartOfRegion": {
                "@id": "kb:France84",
                "@type": [
                  "Region"
                ],
                "rdfs:label": {
                  "de": [
                    "Auvergne-Rhône-Alpes"
                  ],
                  "pt": [
                    "Auvergne-Rhône-Alpes"
                  ],
                  "en": [
                    "Auvergne-Rhône-Alpes"
                  ],
                  "it": [
                    "Auvergne-Rhône-Alpes"
                  ],
                  "fr": [
                    "Auvergne-Rhône-Alpes"
                  ],
                  "nl": [
                    "Auvergne-Rhône-Alpes"
                  ],
                  "es": [
                    "Auvergne-Rhône-Alpes"
                  ]
                },
                "insee": "84",
                "isPartOfCountry": {
                  "@id": "kb:France",
                  "@type": [
                    "schema:Country"
                  ],
                  "rdfs:label": {
                    "de": [
                      "France",
                      "Frankreich"
                    ],
                    "pt": [
                      "França",
                      "France"
                    ],
                    "en": [
                      "France"
                    ],
                    "it": [
                      "France",
                      "Francia"
                    ],
                    "fr": [
                      "France"
                    ],
                    "nl": [
                      "France",
                      "Frankrijk"
                    ],
                    "es": [
                      "France",
                      "Francia"
                    ]
                  }
                }
              }
            }
          }
        }
      ],
      "schema:geo": {
        "@id": "https://data.datatourisme.fr/f4f3908e-00c1-31be-98cd-8af08ecbb0bd",
        "schema:latitude": "45.070787",
        "schema:longitude": "4.000277",
        "@type": [
          "schema:GeoCoordinates"
        ]
      },
      "schema:openingHoursSpecification": [
        {
          "@id": "https://data.datatourisme.fr/f87e535a-636d-3343-ad63-8a03392e7511",
          "schema:validFrom": "2023-01-01T00:00:00",
          "schema:validThrough": "2023-12-31T23:59:59",
          "@type": [
            "schema:OpeningHoursSpecification"
          ]
        }
      ],
      "@type": [
        "schema:Place",
        "Place"
      ]
    }
  ],
  "isOwnedBy": [
    {
      "@id": "https://data.datatourisme.fr/d7dfd47e-c605-39b6-9b42-c46773b63868",
      "schema:email": [
        "corinne.vincent@lepuyenvelay.fr",
        "florence.brustel@lepuyenvelay.fr"
      ],
      "schema:legalName": "Office de Tourisme de l'agglomération du Puy-en-Velay",
      "@type": [
        "schema:Organization",
        "foaf:Agent",
        "Agent"
      ],
      "foaf:homepage": [
        "https://www.lepuyenvelay-tourisme.fr/"
      ]
    }
  ],
  "lastUpdate": "2021-01-19",
  "lastUpdateDatatourisme": "2023-05-30T05:49:20.4Z"
}