{
  "@id": "https://data.datatourisme.fr/30/a2921d2d-0346-36e8-b5df-ead42e4173cd",
  "dc:identifier": "ORGNOR061FS0273B",
  "@type": [
    "schema:TouristInformationCenter",
    "LocalTouristOffice",
    "PlaceOfInterest",
    "PointOfInterest",
    "TouristInformationCenter"
  ],
  "rdfs:label": {
    "en": [
      "Syndicat d'Initiatives Tourisme et Commerce du Pays de Courtomer"
    ],
    "fr": [
      "Syndicat d'Initiatives Tourisme et Commerce du Pays de Courtomer"
    ]
  },
  "creationDate": "2009-03-18",
  "hasBeenCreatedBy": {
    "@id": "https://data.datatourisme.fr/30/55aef97f-295d-34ed-9fa3-904a3fca5963",
    "dc:identifier": "2ba2a0ff-13f9-4f80-bdbd-a522239b9e46",
    "schema:address": [
      {
        "@id": "https://data.datatourisme.fr/926ebf43-a3b3-317d-a3e0-a162e9eda186",
        "schema:addressLocality": "Le Pin-au-Haras",
        "schema:postalCode": "61017",
        "schema:streetAddress": [
          "27 boulevard de Strasbourg",
          "CS 30528",
          "Conseil Départemental de l'Orne"
        ],
        "@type": [
          "schema:PostalAddress",
          "PostalAddress"
        ],
        "hasAddressCity": {
          "@id": "kb:61328",
          "@type": [
            "City"
          ],
          "rdfs:label": {
            "de": [
              "Le Pin-au-Haras"
            ],
            "pt": [
              "Le Pin-au-Haras"
            ],
            "en": [
              "Le Pin-au-Haras"
            ],
            "it": [
              "Le Pin-au-Haras"
            ],
            "fr": [
              "Le Pin-au-Haras"
            ],
            "nl": [
              "Le Pin-au-Haras"
            ],
            "es": [
              "Le Pin-au-Haras"
            ]
          },
          "insee": "61328",
          "isPartOfDepartment": {
            "@id": "kb:France2861",
            "@type": [
              "Department"
            ],
            "rdfs:label": {
              "de": [
                "Orne"
              ],
              "pt": [
                "Orne"
              ],
              "en": [
                "Orne"
              ],
              "it": [
                "Orne"
              ],
              "fr": [
                "Orne"
              ],
              "nl": [
                "Orne"
              ],
              "es": [
                "Orne"
              ]
            },
            "insee": "61",
            "isPartOfRegion": {
              "@id": "kb:France28",
              "@type": [
                "Region"
              ],
              "rdfs:label": {
                "de": [
                  "Normandie"
                ],
                "pt": [
                  "Normandie"
                ],
                "en": [
                  "Normandie"
                ],
                "it": [
                  "Normandie"
                ],
                "fr": [
                  "Normandie"
                ],
                "nl": [
                  "Normandie"
                ],
                "es": [
                  "Normandie"
                ]
              },
              "insee": "28",
              "isPartOfCountry": {
                "@id": "kb:France",
                "@type": [
                  "schema:Country"
                ],
                "rdfs:label": {
                  "de": [
                    "France",
                    "Frankreich"
                  ],
                  "pt": [
                    "França",
                    "France"
                  ],
                  "en": [
                    "France"
                  ],
                  "it": [
                    "France",
                    "Francia"
                  ],
                  "fr": [
                    "France"
                  ],
                  "nl": [
                    "France",
                    "Frankrijk"
                  ],
                  "es": [
                    "France",
                    "Francia"
                  ]
                }
              }
            }
          }
        }
      },
      {
        "@id": "https://data.datatourisme.fr/a288a150-8e89-34dd-82b2-533a5431aefd",
        "schema:addressLocality": "Longny les Villages",
        "schema:postalCode": "61017",
        "schema:streetAddress": [
          "27 boulevard de Strasbourg",
          "CS 30528",
          "Conseil Départemental de l'Orne"
        ],
        "@type": [
          "schema:PostalAddress",
          "PostalAddress"
        ],
        "hasAddressCity": {
          "@id": "kb:61230",
          "@type": [
            "City"
          ],
          "rdfs:label": {
            "de": [
              "Longny les Villages"
            ],
            "pt": [
              "Longny les Villages"
            ],
            "en": [
              "Longny les Villages"
            ],
            "it": [
              "Longny les Villages"
            ],
            "fr": [
              "Longny les Villages"
            ],
            "nl": [
              "Longny les Villages"
            ],
            "es": [
              "Longny les Villages"
            ]
          },
          "insee": "61230",
          "isPartOfDepartment": {
            "@id": "kb:France2861",
            "@type": [
              "Department"
            ],
            "rdfs:label": {
              "de": [
                "Orne"
              ],
              "pt": [
                "Orne"
              ],
              "en": [
                "Orne"
              ],
              "it": [
                "Orne"
              ],
              "fr": [
                "Orne"
              ],
              "nl": [
                "Orne"
              ],
              "es": [
                "Orne"
              ]
            },
            "insee": "61",
            "isPartOfRegion": {
              "@id": "kb:France28",
              "@type": [
                "Region"
              ],
              "rdfs:label": {
                "de": [
                  "Normandie"
                ],
                "pt": [
                  "Normandie"
                ],
                "en": [
                  "Normandie"
                ],
                "it": [
                  "Normandie"
                ],
                "fr": [
                  "Normandie"
                ],
                "nl": [
                  "Normandie"
                ],
                "es": [
                  "Normandie"
                ]
              },
              "insee": "28",
              "isPartOfCountry": {
                "@id": "kb:France",
                "@type": [
                  "schema:Country"
                ],
                "rdfs:label": {
                  "de": [
                    "France",
                    "Frankreich"
                  ],
                  "pt": [
                    "França",
                    "France"
                  ],
                  "en": [
                    "France"
                  ],
                  "it": [
                    "France",
                    "Francia"
                  ],
                  "fr": [
                    "France"
                  ],
                  "nl": [
                    "France",
                    "Frankrijk"
                  ],
                  "es": [
                    "France",
                    "Francia"
                  ]
                }
              }
            }
          }
        }
      },
      {
        "@id": "https://data.datatourisme.fr/b0712bb1-0a7d-3fc7-a95e-1d1ff99534dc",
        "schema:addressLocality": "Évreux",
        "schema:postalCode": "27000",
        "schema:streetAddress": [
          "14 Rue Charles Corbeau - Le Doyenné"
        ],
        "@type": [
          "schema:PostalAddress",
          "PostalAddress"
        ],
        "hasAddressCity": {
          "@id": "kb:27229",
          "@type": [
            "City"
          ],
          "rdfs:label": {
            "de": [
              "Évreux"
            ],
            "pt": [
              "Évreux"
            ],
            "en": [
              "Évreux"
            ],
            "it": [
              "Évreux"
            ],
            "fr": [
              "Évreux"
            ],
            "nl": [
              "Évreux"
            ],
            "es": [
              "Évreux"
            ]
          },
          "insee": "27229",
          "isPartOfDepartment": {
            "@id": "kb:France2827",
            "@type": [
              "Department"
            ],
            "rdfs:label": {
              "de": [
                "Eure"
              ],
              "pt": [
                "Eure"
              ],
              "en": [
                "Eure"
              ],
              "it": [
                "Eure"
              ],
              "fr": [
                "Eure"
              ],
              "nl": [
                "Eure"
              ],
              "es": [
                "Eure"
              ]
            },
            "insee": "27",
            "isPartOfRegion": {
              "@id": "kb:France28",
              "@type": [
                "Region"
              ],
              "rdfs:label": {
                "de": [
                  "Normandie"
                ],
                "pt": [
                  "Normandie"
                ],
                "en": [
                  "Normandie"
                ],
                "it": [
                  "Normandie"
                ],
                "fr": [
                  "Normandie"
                ],
                "nl": [
                  "Normandie"
                ],
                "es": [
                  "Normandie"
                ]
              },
              "insee": "28",
              "isPartOfCountry": {
                "@id": "kb:France",
                "@type": [
                  "schema:Country"
                ],
                "rdfs:label": {
                  "de": [
                    "France",
                    "Frankreich"
                  ],
                  "pt": [
                    "França",
                    "France"
                  ],
                  "en": [
                    "France"
                  ],
                  "it": [
                    "France",
                    "Francia"
                  ],
                  "fr": [
                    "France"
                  ],
                  "nl": [
                    "France",
                    "Frankrijk"
                  ],
                  "es": [
                    "France",
                    "Francia"
                  ]
                }
              }
            }
          }
        }
      },
      {
        "@id": "https://data.datatourisme.fr/c5eb8f3b-d3b5-3c89-864f-71a05d0bc9fc",
        "schema:addressLocality": "Alençon",
        "schema:postalCode": "61017",
        "schema:streetAddress": [
          "27 boulevard de Strasbourg",
          "CS 30528",
          "Conseil Départemental de l'Orne"
        ],
        "@type": [
          "schema:PostalAddress",
          "PostalAddress"
        ],
        "hasAddressCity": {
          "@id": "kb:61001",
          "@type": [
            "City"
          ],
          "rdfs:label": {
            "de": [
              "Alençon"
            ],
            "pt": [
              "Alençon"
            ],
            "en": [
              "Alençon"
            ],
            "it": [
              "Alençon"
            ],
            "fr": [
              "Alençon"
            ],
            "nl": [
              "Alençon"
            ],
            "es": [
              "Alençon"
            ]
          },
          "insee": "61001",
          "isPartOfDepartment": {
            "@id": "kb:France2861",
            "@type": [
              "Department"
            ],
            "rdfs:label": {
              "de": [
                "Orne"
              ],
              "pt": [
                "Orne"
              ],
              "en": [
                "Orne"
              ],
              "it": [
                "Orne"
              ],
              "fr": [
                "Orne"
              ],
              "nl": [
                "Orne"
              ],
              "es": [
                "Orne"
              ]
            },
            "insee": "61",
            "isPartOfRegion": {
              "@id": "kb:France28",
              "@type": [
                "Region"
              ],
              "rdfs:label": {
                "de": [
                  "Normandie"
                ],
                "pt": [
                  "Normandie"
                ],
                "en": [
                  "Normandie"
                ],
                "it": [
                  "Normandie"
                ],
                "fr": [
                  "Normandie"
                ],
                "nl": [
                  "Normandie"
                ],
                "es": [
                  "Normandie"
                ]
              },
              "insee": "28",
              "isPartOfCountry": {
                "@id": "kb:France",
                "@type": [
                  "schema:Country"
                ],
                "rdfs:label": {
                  "de": [
                    "France",
                    "Frankreich"
                  ],
                  "pt": [
                    "França",
                    "France"
                  ],
                  "en": [
                    "France"
                  ],
                  "it": [
                    "France",
                    "Francia"
                  ],
                  "fr": [
                    "France"
                  ],
                  "nl": [
                    "France",
                    "Frankrijk"
                  ],
                  "es": [
                    "France",
                    "Francia"
                  ]
                }
              }
            }
          }
        }
      },
      {
        "@id": "https://data.datatourisme.fr/fc5174ff-f888-3e86-94a3-b549e00c87aa",
        "schema:addressLocality": "Carrouges",
        "schema:postalCode": "61017",
        "schema:streetAddress": [
          "27 boulevard de Strasbourg",
          "CS 30528",
          "Conseil Départemental de l'Orne"
        ],
        "@type": [
          "schema:PostalAddress",
          "PostalAddress"
        ],
        "hasAddressCity": {
          "@id": "kb:61074",
          "@type": [
            "City"
          ],
          "rdfs:label": {
            "de": [
              "Carrouges"
            ],
            "pt": [
              "Carrouges"
            ],
            "en": [
              "Carrouges"
            ],
            "it": [
              "Carrouges"
            ],
            "fr": [
              "Carrouges"
            ],
            "nl": [
              "Carrouges"
            ],
            "es": [
              "Carrouges"
            ]
          },
          "insee": "61074",
          "isPartOfDepartment": {
            "@id": "kb:France2861",
            "@type": [
              "Department"
            ],
            "rdfs:label": {
              "de": [
                "Orne"
              ],
              "pt": [
                "Orne"
              ],
              "en": [
                "Orne"
              ],
              "it": [
                "Orne"
              ],
              "fr": [
                "Orne"
              ],
              "nl": [
                "Orne"
              ],
              "es": [
                "Orne"
              ]
            },
            "insee": "61",
            "isPartOfRegion": {
              "@id": "kb:France28",
              "@type": [
                "Region"
              ],
              "rdfs:label": {
                "de": [
                  "Normandie"
                ],
                "pt": [
                  "Normandie"
                ],
                "en": [
                  "Normandie"
                ],
                "it": [
                  "Normandie"
                ],
                "fr": [
                  "Normandie"
                ],
                "nl": [
                  "Normandie"
                ],
                "es": [
                  "Normandie"
                ]
              },
              "insee": "28",
              "isPartOfCountry": {
                "@id": "kb:France",
                "@type": [
                  "schema:Country"
                ],
                "rdfs:label": {
                  "de": [
                    "France",
                    "Frankreich"
                  ],
                  "pt": [
                    "França",
                    "France"
                  ],
                  "en": [
                    "France"
                  ],
                  "it": [
                    "France",
                    "Francia"
                  ],
                  "fr": [
                    "France"
                  ],
                  "nl": [
                    "France",
                    "Frankrijk"
                  ],
                  "es": [
                    "France",
                    "Francia"
                  ]
                }
              }
            }
          }
        }
      }
    ],
    "schema:email": [
      "tourisme61@orne.fr"
    ],
    "schema:legalName": "Normandie Tourisme / Orne Tourisme",
    "@type": [
      "schema:Organization",
      "foaf:Agent",
      "Agent"
    ]
  },
  "hasBeenPublishedBy": [
    {
      "@id": "https://data.datatourisme.fr/adce4411-0f8d-3138-8d32-b8eb71125ab5",
      "schema:email": [
        "l.helbert@normandie-tourisme.fr"
      ],
      "schema:legalName": "Normandie Tourisme",
      "@type": [
        "schema:Organization",
        "foaf:Agent",
        "Agent"
      ],
      "foaf:homepage": [
        "https://www.normandie-tourisme.fr/"
      ]
    }
  ],
  "hasContact": [
    {
      "@id": "https://data.datatourisme.fr/bf1f1baa-a5b9-349a-a205-d8d8b5e324fa",
      "schema:email": [
        "courtomer.s.i@wanadoo.fr"
      ],
      "schema:telephone": [
        "+33 2 33 31 87 70"
      ],
      "@type": [
        "foaf:Agent",
        "Agent"
      ],
      "foaf:homepage": [
        "http://www.tourisme-courtomer.fr/"
      ]
    }
  ],
  "hasDescription": [
    {
      "@id": "https://data.datatourisme.fr/194fd0b9-5501-35fe-8891-a9ce30ae98b9",
      "dc:description": {
        "de": [
          "Der Tourismus- und Handelsverband des Pays de Courtomer fördert Aktivitäten im Zusammenhang mit Handel und Tourismus in einem Gebiet, das ein Dutzend Gemeinden umfasst, und weist auf Veranstaltungen und Dienstleistungen hin, die vom Tourismusbüro der Communauté de communes de la Vallée de la Haute Sarthe angeboten werden.\nCourtomer liegt nordöstlich von Alençon, 15 km von Sées und 13 km von Le Mêle sur Sarthe entfernt."
        ],
        "en": [
          "The Tourism and Commerce of Courtomer promotes activities related to commerce and tourism in a territory that includes a dozen municipalities and indicates the events and services offered by the tourist office of the Community of Municipalities of the Upper Sarthe Valley.\nCourtomer is located northeast of Alençon, 15 km from Sées and 13 km from Le Mêle sur Sarthe."
        ],
        "it": [
          "Il Sindacato di iniziativa turistica e commerciale Pays de Courtomer promuove le attività legate al commercio e al turismo in un territorio che comprende una dozzina di comuni e segnala gli eventi e i servizi offerti dall'ufficio turistico della Communauté de communes de la Vallée de la Haute Sarthe.\nCourtomer si trova a nord-est di Alençon, a 15 km da Sées e a 13 km da Le Mêle sur Sarthe."
        ],
        "fr": [
          "Le syndicat d'initiatives Tourisme et Commerce du Pays de Courtomer promeut les activités liées au commerce et tourisme sur un territoire regroupant une douzaine de communes et signale les événements et services proposés par l'office du tourisme de la Communauté de communes de la Vallée de la Haute Sarthe.\nCourtomer se situe au nord-est d'Alençon, à 15 km de Sées et à 13 km du Mêle sur Sarthe."
        ],
        "nl": [
          "Het syndicaat voor toerisme en handel van het Pays de Courtomer bevordert de activiteiten op het gebied van handel en toerisme in een gebied dat een tiental gemeenten omvat en geeft aan welke evenementen en diensten worden aangeboden door de toeristische dienst van de Communauté de communes de la Vallée de la Haute Sarthe.\nCourtomer ligt ten noordoosten van Alençon, op 15 km van Sées en 13 km van Le Mêle sur Sarthe."
        ],
        "es": [
          "El sindicato de iniciativa Turismo y Comercio del Pays de Courtomer promueve las actividades relacionadas con el comercio y el turismo en un territorio que comprende una docena de municipios e indica los eventos y servicios que ofrece la oficina de turismo de la Communauté de communes de la Vallée de la Haute Sarthe.\nCourtomer se encuentra al noreste de Alençon, a 15 km de Sées y a 13 km de Le Mêle sur Sarthe."
        ]
      },
      "@type": [
        "Description"
      ],
      "hasTranslatedProperty": [
        {
          "@id": "https://data.datatourisme.fr/46c41431-568b-3989-98f0-10cd4c459d96",
          "dc:contributor": [
            "https://api.deepl.com/v2/translate"
          ],
          "rdf:language": [
            "es"
          ],
          "rdf:predicate": [
            {
              "@id": "dc:description"
            }
          ]
        },
        {
          "@id": "https://data.datatourisme.fr/68e37c09-63d5-3e54-aad3-84098a2b189b",
          "dc:contributor": [
            "https://api.deepl.com/v2/translate"
          ],
          "rdf:language": [
            "en"
          ],
          "rdf:predicate": [
            {
              "@id": "dc:description"
            }
          ]
        },
        {
          "@id": "https://data.datatourisme.fr/6c8f5446-d09e-350d-9be0-6209a8370757",
          "dc:contributor": [
            "https://api.deepl.com/v2/translate"
          ],
          "rdf:language": [
            "nl"
          ],
          "rdf:predicate": [
            {
              "@id": "dc:description"
            }
          ]
        },
        {
          "@id": "https://data.datatourisme.fr/722be6dd-c60e-3e19-ac8f-b16ac75769dd",
          "dc:contributor": [
            "https://api.deepl.com/v2/translate"
          ],
          "rdf:language": [
            "it"
          ],
          "rdf:predicate": [
            {
              "@id": "dc:description"
            }
          ]
        },
        {
          "@id": "https://data.datatourisme.fr/768eab4e-9d04-3d03-bd4c-b3f741dfaaa6",
          "dc:contributor": [
            "https://api.deepl.com/v2/translate"
          ],
          "rdf:language": [
            "de"
          ],
          "rdf:predicate": [
            {
              "@id": "dc:description"
            }
          ]
        }
      ]
    }
  ],
  "isLocatedAt": [
    {
      "@id": "https://data.datatourisme.fr/ec0a266b-d828-35f0-a679-e109c8753fea",
      "schema:address": [
        {
          "@id": "https://data.datatourisme.fr/1c562a0e-bc1e-38d5-8df9-e4941d42b1c6",
          "schema:addressLocality": "Courtomer",
          "schema:postalCode": "61390",
          "schema:streetAddress": [
            "17 Place Albert Roger"
          ],
          "@type": [
            "schema:PostalAddress",
            "PostalAddress"
          ],
          "hasAddressCity": {
            "@id": "kb:61133",
            "@type": [
              "City"
            ],
            "rdfs:label": {
              "de": [
                "Courtomer"
              ],
              "pt": [
                "Courtomer"
              ],
              "en": [
                "Courtomer"
              ],
              "it": [
                "Courtomer"
              ],
              "fr": [
                "Courtomer"
              ],
              "nl": [
                "Courtomer"
              ],
              "es": [
                "Courtomer"
              ]
            },
            "insee": "61133",
            "isPartOfDepartment": {
              "@id": "kb:France2861",
              "@type": [
                "Department"
              ],
              "rdfs:label": {
                "de": [
                  "Orne"
                ],
                "pt": [
                  "Orne"
                ],
                "en": [
                  "Orne"
                ],
                "it": [
                  "Orne"
                ],
                "fr": [
                  "Orne"
                ],
                "nl": [
                  "Orne"
                ],
                "es": [
                  "Orne"
                ]
              },
              "insee": "61",
              "isPartOfRegion": {
                "@id": "kb:France28",
                "@type": [
                  "Region"
                ],
                "rdfs:label": {
                  "de": [
                    "Normandie"
                  ],
                  "pt": [
                    "Normandie"
                  ],
                  "en": [
                    "Normandie"
                  ],
                  "it": [
                    "Normandie"
                  ],
                  "fr": [
                    "Normandie"
                  ],
                  "nl": [
                    "Normandie"
                  ],
                  "es": [
                    "Normandie"
                  ]
                },
                "insee": "28",
                "isPartOfCountry": {
                  "@id": "kb:France",
                  "@type": [
                    "schema:Country"
                  ],
                  "rdfs:label": {
                    "de": [
                      "France",
                      "Frankreich"
                    ],
                    "pt": [
                      "França",
                      "France"
                    ],
                    "en": [
                      "France"
                    ],
                    "it": [
                      "France",
                      "Francia"
                    ],
                    "fr": [
                      "France"
                    ],
                    "nl": [
                      "France",
                      "Frankrijk"
                    ],
                    "es": [
                      "France",
                      "Francia"
                    ]
                  }
                }
              }
            }
          }
        }
      ],
      "schema:geo": {
        "@id": "https://data.datatourisme.fr/5515f152-a0ef-311d-bbdc-517098946518",
        "schema:latitude": "48.6273449",
        "schema:longitude": "0.3565879",
        "@type": [
          "schema:GeoCoordinates"
        ]
      },
      "schema:openingHoursSpecification": [
        {
          "@id": "https://data.datatourisme.fr/06f06640-6876-36c1-92df-3ce890aae899",
          "schema:closes": "12:00:00",
          "schema:dayOfWeek": [
            {
              "@id": "schema:Thursday",
              "@type": [
                "schema:DayOfWeek"
              ],
              "rdfs:label": {
                "de": [
                  "Donnerstag"
                ],
                "pt": [
                  "Quinta-feira"
                ],
                "en": [
                  "Thursday"
                ],
                "it": [
                  "Giovedì"
                ],
                "fr": [
                  "Jeudi"
                ],
                "es": [
                  "Jueves"
                ],
                "nl": [
                  "Donderdag"
                ]
              }
            }
          ],
          "schema:opens": "09:00:00",
          "schema:validFrom": "2023-01-02T00:00:00",
          "schema:validThrough": "2023-12-31T00:00:00",
          "@type": [
            "schema:OpeningHoursSpecification"
          ],
          "additionalInformation": {
            "de": [
              "Geöffnet am Montag , Donnerstag und Samstag von 9:00 bis 12:00 Uhr und von 14:30 bis 17:30 Uhr, am Mittwoch und Freitag von 9:00 bis 12:00 Uhr."
            ],
            "en": [
              "Open Monday, Thursday and Saturday from 9am to 12pm and from 2:30pm to 5:30pm, Wednesday and Friday from 9am to 12pm."
            ],
            "it": [
              "Aperto lunedì, giovedì e sabato dalle 9.00 alle 12.00 e dalle 14.30 alle 17.30, mercoledì e venerdì dalle 9.00 alle 12.00."
            ],
            "fr": [
              "Ouvert le lundi , le jeudi et le samedi de 9h à 12h et de 14h30 à 17h30, le mercredi  et le vendredi de 9h à 12h."
            ],
            "nl": [
              "Geopend op maandag, donderdag en zaterdag van 9 tot 12 uur en van 14.30 tot 17.30 uur, op woensdag en vrijdag van 9 tot 12 uur."
            ],
            "es": [
              "Abierto lunes, jueves y sábado de 9.00 a 12.00 y de 14.30 a 17.30, miércoles y viernes de 9.00 a 12.00."
            ]
          },
          "hasTranslatedProperty": [
            {
              "@id": "https://data.datatourisme.fr/663ebab5-3a3d-374a-95e1-61a267337358",
              "dc:contributor": [
                "https://api.deepl.com/v2/translate"
              ],
              "rdf:language": [
                "en"
              ],
              "rdf:predicate": [
                "additionalInformation"
              ]
            },
            {
              "@id": "https://data.datatourisme.fr/740b236a-9dcc-3c2a-9f65-d482cb217bec",
              "dc:contributor": [
                "https://api.deepl.com/v2/translate"
              ],
              "rdf:language": [
                "de"
              ],
              "rdf:predicate": [
                "additionalInformation"
              ]
            },
            {
              "@id": "https://data.datatourisme.fr/91b5a5ee-0357-32be-b57e-d9671356243a",
              "dc:contributor": [
                "https://api.deepl.com/v2/translate"
              ],
              "rdf:language": [
                "nl"
              ],
              "rdf:predicate": [
                "additionalInformation"
              ]
            },
            {
              "@id": "https://data.datatourisme.fr/c025f66d-90d4-3e34-8240-68518896b9d6",
              "dc:contributor": [
                "https://api.deepl.com/v2/translate"
              ],
              "rdf:language": [
                "es"
              ],
              "rdf:predicate": [
                "additionalInformation"
              ]
            },
            {
              "@id": "https://data.datatourisme.fr/fc86aa80-73c8-3392-8326-0ce827ca6513",
              "dc:contributor": [
                "https://api.deepl.com/v2/translate"
              ],
              "rdf:language": [
                "it"
              ],
              "rdf:predicate": [
                "additionalInformation"
              ]
            }
          ]
        },
        {
          "@id": "https://data.datatourisme.fr/24aca573-6244-3c77-84d7-dc8a14057f29",
          "schema:closes": "12:00:00",
          "schema:dayOfWeek": [
            {
              "@id": "schema:Saturday",
              "@type": [
                "schema:DayOfWeek"
              ],
              "rdfs:label": {
                "de": [
                  "Samstag"
                ],
                "pt": [
                  "Sábado"
                ],
                "en": [
                  "Saturday"
                ],
                "it": [
                  "Sabato"
                ],
                "fr": [
                  "Samedi"
                ],
                "nl": [
                  "Zaterdag"
                ],
                "es": [
                  "Sábado"
                ]
              }
            }
          ],
          "schema:opens": "09:00:00",
          "schema:validFrom": "2023-01-02T00:00:00",
          "schema:validThrough": "2023-12-31T00:00:00",
          "@type": [
            "schema:OpeningHoursSpecification"
          ],
          "additionalInformation": {
            "de": [
              "Geöffnet am Montag , Donnerstag und Samstag von 9:00 bis 12:00 Uhr und von 14:30 bis 17:30 Uhr, am Mittwoch und Freitag von 9:00 bis 12:00 Uhr."
            ],
            "en": [
              "Open Monday, Thursday and Saturday from 9am to 12pm and from 2:30pm to 5:30pm, Wednesday and Friday from 9am to 12pm."
            ],
            "it": [
              "Aperto lunedì, giovedì e sabato dalle 9.00 alle 12.00 e dalle 14.30 alle 17.30, mercoledì e venerdì dalle 9.00 alle 12.00."
            ],
            "fr": [
              "Ouvert le lundi , le jeudi et le samedi de 9h à 12h et de 14h30 à 17h30, le mercredi  et le vendredi de 9h à 12h."
            ],
            "nl": [
              "Geopend op maandag, donderdag en zaterdag van 9 tot 12 uur en van 14.30 tot 17.30 uur, op woensdag en vrijdag van 9 tot 12 uur."
            ],
            "es": [
              "Abierto lunes, jueves y sábado de 9.00 a 12.00 y de 14.30 a 17.30, miércoles y viernes de 9.00 a 12.00."
            ]
          },
          "hasTranslatedProperty": [
            {
              "@id": "https://data.datatourisme.fr/3157fcee-7ca5-3b75-b6a6-361903085cf2",
              "dc:contributor": [
                "https://api.deepl.com/v2/translate"
              ],
              "rdf:language": [
                "de"
              ],
              "rdf:predicate": [
                "additionalInformation"
              ]
            },
            {
              "@id": "https://data.datatourisme.fr/809a824e-2d27-30e1-b2a6-144a95341e59",
              "dc:contributor": [
                "https://api.deepl.com/v2/translate"
              ],
              "rdf:language": [
                "es"
              ],
              "rdf:predicate": [
                "additionalInformation"
              ]
            },
            {
              "@id": "https://data.datatourisme.fr/b5e35dd1-27ef-3a37-8b24-0dc2082a0070",
              "dc:contributor": [
                "https://api.deepl.com/v2/translate"
              ],
              "rdf:language": [
                "en"
              ],
              "rdf:predicate": [
                "additionalInformation"
              ]
            },
            {
              "@id": "https://data.datatourisme.fr/cb63b036-6ddc-3573-917f-2fa28663a0e6",
              "dc:contributor": [
                "https://api.deepl.com/v2/translate"
              ],
              "rdf:language": [
                "it"
              ],
              "rdf:predicate": [
                "additionalInformation"
              ]
            },
            {
              "@id": "https://data.datatourisme.fr/cdd1c7f6-f3f4-34cb-ba41-5dd07d2da1cd",
              "dc:contributor": [
                "https://api.deepl.com/v2/translate"
              ],
              "rdf:language": [
                "nl"
              ],
              "rdf:predicate": [
                "additionalInformation"
              ]
            }
          ]
        },
        {
          "@id": "https://data.datatourisme.fr/2555898b-813c-3df3-ab56-c185bc6a482d",
          "schema:closes": "12:00:00",
          "schema:dayOfWeek": [
            {
              "@id": "schema:Friday",
              "@type": [
                "schema:DayOfWeek"
              ],
              "rdfs:label": {
                "de": [
                  "Freitag"
                ],
                "pt": [
                  "Sexta-feira"
                ],
                "en": [
                  "Friday"
                ],
                "it": [
                  "Venerdì"
                ],
                "fr": [
                  "Vendredi"
                ],
                "nl": [
                  "Vrijdag"
                ],
                "es": [
                  "Viernes"
                ]
              }
            }
          ],
          "schema:opens": "09:00:00",
          "schema:validFrom": "2023-01-02T00:00:00",
          "schema:validThrough": "2023-12-31T00:00:00",
          "@type": [
            "schema:OpeningHoursSpecification"
          ],
          "additionalInformation": {
            "de": [
              "Geöffnet am Montag , Donnerstag und Samstag von 9:00 bis 12:00 Uhr und von 14:30 bis 17:30 Uhr, am Mittwoch und Freitag von 9:00 bis 12:00 Uhr."
            ],
            "en": [
              "Open Monday, Thursday and Saturday from 9am to 12pm and from 2:30pm to 5:30pm, Wednesday and Friday from 9am to 12pm."
            ],
            "it": [
              "Aperto lunedì, giovedì e sabato dalle 9.00 alle 12.00 e dalle 14.30 alle 17.30, mercoledì e venerdì dalle 9.00 alle 12.00."
            ],
            "fr": [
              "Ouvert le lundi , le jeudi et le samedi de 9h à 12h et de 14h30 à 17h30, le mercredi  et le vendredi de 9h à 12h."
            ],
            "nl": [
              "Geopend op maandag, donderdag en zaterdag van 9 tot 12 uur en van 14.30 tot 17.30 uur, op woensdag en vrijdag van 9 tot 12 uur."
            ],
            "es": [
              "Abierto lunes, jueves y sábado de 9.00 a 12.00 y de 14.30 a 17.30, miércoles y viernes de 9.00 a 12.00."
            ]
          },
          "hasTranslatedProperty": [
            {
              "@id": "https://data.datatourisme.fr/0e1d3fe3-931c-33bf-9ac1-a4542251daf8",
              "dc:contributor": [
                "https://api.deepl.com/v2/translate"
              ],
              "rdf:language": [
                "en"
              ],
              "rdf:predicate": [
                "additionalInformation"
              ]
            },
            {
              "@id": "https://data.datatourisme.fr/3f0937cd-03c7-3b61-82fa-6cd40e7109dc",
              "dc:contributor": [
                "https://api.deepl.com/v2/translate"
              ],
              "rdf:language": [
                "nl"
              ],
              "rdf:predicate": [
                "additionalInformation"
              ]
            },
            {
              "@id": "https://data.datatourisme.fr/53a04c7d-2964-3f51-8f7e-7f073883b2d8",
              "dc:contributor": [
                "https://api.deepl.com/v2/translate"
              ],
              "rdf:language": [
                "de"
              ],
              "rdf:predicate": [
                "additionalInformation"
              ]
            },
            {
              "@id": "https://data.datatourisme.fr/667411ca-2cac-30df-9585-c3764d3fe2bb",
              "dc:contributor": [
                "https://api.deepl.com/v2/translate"
              ],
              "rdf:language": [
                "es"
              ],
              "rdf:predicate": [
                "additionalInformation"
              ]
            },
            {
              "@id": "https://data.datatourisme.fr/f6c8a672-a46d-3a58-a9a5-389889c89d85",
              "dc:contributor": [
                "https://api.deepl.com/v2/translate"
              ],
              "rdf:language": [
                "it"
              ],
              "rdf:predicate": [
                "additionalInformation"
              ]
            }
          ]
        },
        {
          "@id": "https://data.datatourisme.fr/53dcd432-26c4-39f8-b53d-60e8f7beafaa",
          "schema:closes": "17:30:00",
          "schema:dayOfWeek": [
            {
              "@id": "schema:Monday",
              "@type": [
                "schema:DayOfWeek"
              ],
              "rdfs:label": {
                "de": [
                  "Montag"
                ],
                "pt": [
                  "Segunda-feira"
                ],
                "en": [
                  "Monday"
                ],
                "it": [
                  "Lunedì"
                ],
                "fr": [
                  "Lundi"
                ],
                "nl": [
                  "Maandag"
                ],
                "es": [
                  "Lunes"
                ]
              }
            }
          ],
          "schema:opens": "14:30:00",
          "schema:validFrom": "2023-01-02T00:00:00",
          "schema:validThrough": "2023-12-31T00:00:00",
          "@type": [
            "schema:OpeningHoursSpecification"
          ],
          "additionalInformation": {
            "de": [
              "Geöffnet am Montag , Donnerstag und Samstag von 9:00 bis 12:00 Uhr und von 14:30 bis 17:30 Uhr, am Mittwoch und Freitag von 9:00 bis 12:00 Uhr."
            ],
            "en": [
              "Open Monday, Thursday and Saturday from 9am to 12pm and from 2:30pm to 5:30pm, Wednesday and Friday from 9am to 12pm."
            ],
            "it": [
              "Aperto lunedì, giovedì e sabato dalle 9.00 alle 12.00 e dalle 14.30 alle 17.30, mercoledì e venerdì dalle 9.00 alle 12.00."
            ],
            "fr": [
              "Ouvert le lundi , le jeudi et le samedi de 9h à 12h et de 14h30 à 17h30, le mercredi  et le vendredi de 9h à 12h."
            ],
            "nl": [
              "Geopend op maandag, donderdag en zaterdag van 9 tot 12 uur en van 14.30 tot 17.30 uur, op woensdag en vrijdag van 9 tot 12 uur."
            ],
            "es": [
              "Abierto lunes, jueves y sábado de 9.00 a 12.00 y de 14.30 a 17.30, miércoles y viernes de 9.00 a 12.00."
            ]
          },
          "hasTranslatedProperty": [
            {
              "@id": "https://data.datatourisme.fr/7f8c514f-4276-367a-9478-b56ea4386f00",
              "dc:contributor": [
                "https://api.deepl.com/v2/translate"
              ],
              "rdf:language": [
                "en"
              ],
              "rdf:predicate": [
                "additionalInformation"
              ]
            },
            {
              "@id": "https://data.datatourisme.fr/9950d823-96e7-309f-bc53-66b53e90864a",
              "dc:contributor": [
                "https://api.deepl.com/v2/translate"
              ],
              "rdf:language": [
                "de"
              ],
              "rdf:predicate": [
                "additionalInformation"
              ]
            },
            {
              "@id": "https://data.datatourisme.fr/abadcde5-707c-3f9c-8289-b3c92892326a",
              "dc:contributor": [
                "https://api.deepl.com/v2/translate"
              ],
              "rdf:language": [
                "it"
              ],
              "rdf:predicate": [
                "additionalInformation"
              ]
            },
            {
              "@id": "https://data.datatourisme.fr/ec96775f-8046-3c09-ae82-7ab3b8df956a",
              "dc:contributor": [
                "https://api.deepl.com/v2/translate"
              ],
              "rdf:language": [
                "es"
              ],
              "rdf:predicate": [
                "additionalInformation"
              ]
            },
            {
              "@id": "https://data.datatourisme.fr/ece6433c-a8b0-3a76-8679-a00d34f8d960",
              "dc:contributor": [
                "https://api.deepl.com/v2/translate"
              ],
              "rdf:language": [
                "nl"
              ],
              "rdf:predicate": [
                "additionalInformation"
              ]
            }
          ]
        },
        {
          "@id": "https://data.datatourisme.fr/84258578-9317-3b7d-b059-5e6856731239",
          "schema:closes": "12:00:00",
          "schema:dayOfWeek": [
            {
              "@id": "schema:Wednesday",
              "@type": [
                "schema:DayOfWeek"
              ],
              "rdfs:label": {
                "de": [
                  "Mittwoch"
                ],
                "pt": [
                  "Quarta-feira"
                ],
                "en": [
                  "Wednesday"
                ],
                "it": [
                  "Mercoledì"
                ],
                "fr": [
                  "Mercredi"
                ],
                "nl": [
                  "Woensdag"
                ],
                "es": [
                  "Miércoles"
                ]
              }
            }
          ],
          "schema:opens": "09:00:00",
          "schema:validFrom": "2023-01-02T00:00:00",
          "schema:validThrough": "2023-12-31T00:00:00",
          "@type": [
            "schema:OpeningHoursSpecification"
          ],
          "additionalInformation": {
            "de": [
              "Geöffnet am Montag , Donnerstag und Samstag von 9:00 bis 12:00 Uhr und von 14:30 bis 17:30 Uhr, am Mittwoch und Freitag von 9:00 bis 12:00 Uhr."
            ],
            "en": [
              "Open Monday, Thursday and Saturday from 9am to 12pm and from 2:30pm to 5:30pm, Wednesday and Friday from 9am to 12pm."
            ],
            "it": [
              "Aperto lunedì, giovedì e sabato dalle 9.00 alle 12.00 e dalle 14.30 alle 17.30, mercoledì e venerdì dalle 9.00 alle 12.00."
            ],
            "fr": [
              "Ouvert le lundi , le jeudi et le samedi de 9h à 12h et de 14h30 à 17h30, le mercredi  et le vendredi de 9h à 12h."
            ],
            "nl": [
              "Geopend op maandag, donderdag en zaterdag van 9 tot 12 uur en van 14.30 tot 17.30 uur, op woensdag en vrijdag van 9 tot 12 uur."
            ],
            "es": [
              "Abierto lunes, jueves y sábado de 9.00 a 12.00 y de 14.30 a 17.30, miércoles y viernes de 9.00 a 12.00."
            ]
          },
          "hasTranslatedProperty": [
            {
              "@id": "https://data.datatourisme.fr/5142fc80-7006-39e9-b670-7a8a5e8ade13",
              "dc:contributor": [
                "https://api.deepl.com/v2/translate"
              ],
              "rdf:language": [
                "de"
              ],
              "rdf:predicate": [
                "additionalInformation"
              ]
            },
            {
              "@id": "https://data.datatourisme.fr/52ec91cb-ca16-334b-a27a-be65c3ecaaef",
              "dc:contributor": [
                "https://api.deepl.com/v2/translate"
              ],
              "rdf:language": [
                "en"
              ],
              "rdf:predicate": [
                "additionalInformation"
              ]
            },
            {
              "@id": "https://data.datatourisme.fr/7a6b4954-9921-3e2a-8bc1-3d2bb969c571",
              "dc:contributor": [
                "https://api.deepl.com/v2/translate"
              ],
              "rdf:language": [
                "it"
              ],
              "rdf:predicate": [
                "additionalInformation"
              ]
            },
            {
              "@id": "https://data.datatourisme.fr/95201fdc-ca41-32c9-95fe-848174f5154e",
              "dc:contributor": [
                "https://api.deepl.com/v2/translate"
              ],
              "rdf:language": [
                "nl"
              ],
              "rdf:predicate": [
                "additionalInformation"
              ]
            },
            {
              "@id": "https://data.datatourisme.fr/d9846200-75ce-336b-aad7-8b524b7e450d",
              "dc:contributor": [
                "https://api.deepl.com/v2/translate"
              ],
              "rdf:language": [
                "es"
              ],
              "rdf:predicate": [
                "additionalInformation"
              ]
            }
          ]
        },
        {
          "@id": "https://data.datatourisme.fr/af59b516-a06c-313b-918a-5ffd19b1af96",
          "schema:closes": "17:30:00",
          "schema:dayOfWeek": [
            {
              "@id": "schema:Saturday",
              "@type": [
                "schema:DayOfWeek"
              ],
              "rdfs:label": {
                "de": [
                  "Samstag"
                ],
                "pt": [
                  "Sábado"
                ],
                "en": [
                  "Saturday"
                ],
                "it": [
                  "Sabato"
                ],
                "fr": [
                  "Samedi"
                ],
                "nl": [
                  "Zaterdag"
                ],
                "es": [
                  "Sábado"
                ]
              }
            }
          ],
          "schema:opens": "14:30:00",
          "schema:validFrom": "2023-01-02T00:00:00",
          "schema:validThrough": "2023-12-31T00:00:00",
          "@type": [
            "schema:OpeningHoursSpecification"
          ],
          "additionalInformation": {
            "de": [
              "Geöffnet am Montag , Donnerstag und Samstag von 9:00 bis 12:00 Uhr und von 14:30 bis 17:30 Uhr, am Mittwoch und Freitag von 9:00 bis 12:00 Uhr."
            ],
            "en": [
              "Open Monday, Thursday and Saturday from 9am to 12pm and from 2:30pm to 5:30pm, Wednesday and Friday from 9am to 12pm."
            ],
            "it": [
              "Aperto lunedì, giovedì e sabato dalle 9.00 alle 12.00 e dalle 14.30 alle 17.30, mercoledì e venerdì dalle 9.00 alle 12.00."
            ],
            "fr": [
              "Ouvert le lundi , le jeudi et le samedi de 9h à 12h et de 14h30 à 17h30, le mercredi  et le vendredi de 9h à 12h."
            ],
            "nl": [
              "Geopend op maandag, donderdag en zaterdag van 9 tot 12 uur en van 14.30 tot 17.30 uur, op woensdag en vrijdag van 9 tot 12 uur."
            ],
            "es": [
              "Abierto lunes, jueves y sábado de 9.00 a 12.00 y de 14.30 a 17.30, miércoles y viernes de 9.00 a 12.00."
            ]
          },
          "hasTranslatedProperty": [
            {
              "@id": "https://data.datatourisme.fr/56dcc9df-ee0f-3575-bac0-93d43d735880",
              "dc:contributor": [
                "https://api.deepl.com/v2/translate"
              ],
              "rdf:language": [
                "en"
              ],
              "rdf:predicate": [
                "additionalInformation"
              ]
            },
            {
              "@id": "https://data.datatourisme.fr/8d8de716-6f44-3bb6-8c91-1b41a88ddb12",
              "dc:contributor": [
                "https://api.deepl.com/v2/translate"
              ],
              "rdf:language": [
                "de"
              ],
              "rdf:predicate": [
                "additionalInformation"
              ]
            },
            {
              "@id": "https://data.datatourisme.fr/a72e1afb-ea70-37d5-87bd-11520b8bb9b8",
              "dc:contributor": [
                "https://api.deepl.com/v2/translate"
              ],
              "rdf:language": [
                "it"
              ],
              "rdf:predicate": [
                "additionalInformation"
              ]
            },
            {
              "@id": "https://data.datatourisme.fr/da7d4355-4a65-33bd-9f83-66116906e616",
              "dc:contributor": [
                "https://api.deepl.com/v2/translate"
              ],
              "rdf:language": [
                "nl"
              ],
              "rdf:predicate": [
                "additionalInformation"
              ]
            },
            {
              "@id": "https://data.datatourisme.fr/e8a44cae-730a-3cdf-85ba-2fc4485879c0",
              "dc:contributor": [
                "https://api.deepl.com/v2/translate"
              ],
              "rdf:language": [
                "es"
              ],
              "rdf:predicate": [
                "additionalInformation"
              ]
            }
          ]
        },
        {
          "@id": "https://data.datatourisme.fr/c9f32d86-4ca0-3080-8d9f-dbab8722d67b",
          "schema:closes": "12:00:00",
          "schema:dayOfWeek": [
            {
              "@id": "schema:Monday",
              "@type": [
                "schema:DayOfWeek"
              ],
              "rdfs:label": {
                "de": [
                  "Montag"
                ],
                "pt": [
                  "Segunda-feira"
                ],
                "en": [
                  "Monday"
                ],
                "it": [
                  "Lunedì"
                ],
                "fr": [
                  "Lundi"
                ],
                "nl": [
                  "Maandag"
                ],
                "es": [
                  "Lunes"
                ]
              }
            }
          ],
          "schema:opens": "09:00:00",
          "schema:validFrom": "2023-01-02T00:00:00",
          "schema:validThrough": "2023-12-31T00:00:00",
          "@type": [
            "schema:OpeningHoursSpecification"
          ],
          "additionalInformation": {
            "de": [
              "Geöffnet am Montag , Donnerstag und Samstag von 9:00 bis 12:00 Uhr und von 14:30 bis 17:30 Uhr, am Mittwoch und Freitag von 9:00 bis 12:00 Uhr."
            ],
            "en": [
              "Open Monday, Thursday and Saturday from 9am to 12pm and from 2:30pm to 5:30pm, Wednesday and Friday from 9am to 12pm."
            ],
            "it": [
              "Aperto lunedì, giovedì e sabato dalle 9.00 alle 12.00 e dalle 14.30 alle 17.30, mercoledì e venerdì dalle 9.00 alle 12.00."
            ],
            "fr": [
              "Ouvert le lundi , le jeudi et le samedi de 9h à 12h et de 14h30 à 17h30, le mercredi  et le vendredi de 9h à 12h."
            ],
            "nl": [
              "Geopend op maandag, donderdag en zaterdag van 9 tot 12 uur en van 14.30 tot 17.30 uur, op woensdag en vrijdag van 9 tot 12 uur."
            ],
            "es": [
              "Abierto lunes, jueves y sábado de 9.00 a 12.00 y de 14.30 a 17.30, miércoles y viernes de 9.00 a 12.00."
            ]
          },
          "hasTranslatedProperty": [
            {
              "@id": "https://data.datatourisme.fr/1408470d-835c-3efa-b41b-9da5ccf7033c",
              "dc:contributor": [
                "https://api.deepl.com/v2/translate"
              ],
              "rdf:language": [
                "nl"
              ],
              "rdf:predicate": [
                "additionalInformation"
              ]
            },
            {
              "@id": "https://data.datatourisme.fr/5f4ca796-2c08-3fdd-85e2-475f59f99c3f",
              "dc:contributor": [
                "https://api.deepl.com/v2/translate"
              ],
              "rdf:language": [
                "de"
              ],
              "rdf:predicate": [
                "additionalInformation"
              ]
            },
            {
              "@id": "https://data.datatourisme.fr/6cbfaa43-3bfb-32ce-8f07-02fbf78ce6d8",
              "dc:contributor": [
                "https://api.deepl.com/v2/translate"
              ],
              "rdf:language": [
                "it"
              ],
              "rdf:predicate": [
                "additionalInformation"
              ]
            },
            {
              "@id": "https://data.datatourisme.fr/8104e4b8-ddff-37dc-96e1-1efbee3d59b2",
              "dc:contributor": [
                "https://api.deepl.com/v2/translate"
              ],
              "rdf:language": [
                "en"
              ],
              "rdf:predicate": [
                "additionalInformation"
              ]
            },
            {
              "@id": "https://data.datatourisme.fr/f69c2073-3d91-3d5d-9dea-f14c0fa1f1c6",
              "dc:contributor": [
                "https://api.deepl.com/v2/translate"
              ],
              "rdf:language": [
                "es"
              ],
              "rdf:predicate": [
                "additionalInformation"
              ]
            }
          ]
        },
        {
          "@id": "https://data.datatourisme.fr/dac28553-1eab-38fe-be94-280b6a150e60",
          "schema:closes": "17:30:00",
          "schema:dayOfWeek": [
            {
              "@id": "schema:Thursday",
              "@type": [
                "schema:DayOfWeek"
              ],
              "rdfs:label": {
                "de": [
                  "Donnerstag"
                ],
                "pt": [
                  "Quinta-feira"
                ],
                "en": [
                  "Thursday"
                ],
                "it": [
                  "Giovedì"
                ],
                "fr": [
                  "Jeudi"
                ],
                "es": [
                  "Jueves"
                ],
                "nl": [
                  "Donderdag"
                ]
              }
            }
          ],
          "schema:opens": "14:30:00",
          "schema:validFrom": "2023-01-02T00:00:00",
          "schema:validThrough": "2023-12-31T00:00:00",
          "@type": [
            "schema:OpeningHoursSpecification"
          ],
          "additionalInformation": {
            "de": [
              "Geöffnet am Montag , Donnerstag und Samstag von 9:00 bis 12:00 Uhr und von 14:30 bis 17:30 Uhr, am Mittwoch und Freitag von 9:00 bis 12:00 Uhr."
            ],
            "en": [
              "Open Monday, Thursday and Saturday from 9am to 12pm and from 2:30pm to 5:30pm, Wednesday and Friday from 9am to 12pm."
            ],
            "it": [
              "Aperto lunedì, giovedì e sabato dalle 9.00 alle 12.00 e dalle 14.30 alle 17.30, mercoledì e venerdì dalle 9.00 alle 12.00."
            ],
            "fr": [
              "Ouvert le lundi , le jeudi et le samedi de 9h à 12h et de 14h30 à 17h30, le mercredi  et le vendredi de 9h à 12h."
            ],
            "nl": [
              "Geopend op maandag, donderdag en zaterdag van 9 tot 12 uur en van 14.30 tot 17.30 uur, op woensdag en vrijdag van 9 tot 12 uur."
            ],
            "es": [
              "Abierto lunes, jueves y sábado de 9.00 a 12.00 y de 14.30 a 17.30, miércoles y viernes de 9.00 a 12.00."
            ]
          },
          "hasTranslatedProperty": [
            {
              "@id": "https://data.datatourisme.fr/124c07d8-cfe9-3c69-b498-9df4712507ae",
              "dc:contributor": [
                "https://api.deepl.com/v2/translate"
              ],
              "rdf:language": [
                "es"
              ],
              "rdf:predicate": [
                "additionalInformation"
              ]
            },
            {
              "@id": "https://data.datatourisme.fr/3a0d82d2-4649-3319-84a0-4da00e491ed9",
              "dc:contributor": [
                "https://api.deepl.com/v2/translate"
              ],
              "rdf:language": [
                "en"
              ],
              "rdf:predicate": [
                "additionalInformation"
              ]
            },
            {
              "@id": "https://data.datatourisme.fr/49c81e83-9001-3a27-a20b-37f66d91d1f0",
              "dc:contributor": [
                "https://api.deepl.com/v2/translate"
              ],
              "rdf:language": [
                "nl"
              ],
              "rdf:predicate": [
                "additionalInformation"
              ]
            },
            {
              "@id": "https://data.datatourisme.fr/791cbc73-95f4-371e-a9eb-27e90d7b6d5a",
              "dc:contributor": [
                "https://api.deepl.com/v2/translate"
              ],
              "rdf:language": [
                "de"
              ],
              "rdf:predicate": [
                "additionalInformation"
              ]
            },
            {
              "@id": "https://data.datatourisme.fr/7f13e129-5b0e-3f57-8eb8-574511bec358",
              "dc:contributor": [
                "https://api.deepl.com/v2/translate"
              ],
              "rdf:language": [
                "it"
              ],
              "rdf:predicate": [
                "additionalInformation"
              ]
            }
          ]
        }
      ],
      "@type": [
        "schema:Place",
        "Place"
      ]
    }
  ],
  "lastUpdate": "2023-02-10",
  "lastUpdateDatatourisme": "2023-02-11T03:14:43.632Z"
}