{
  "@id": "https://data.datatourisme.fr/36/a23cbffb-0958-3e3b-8e9c-fa1f94073809",
  "dc:identifier": "M6511MIP065V5218NM",
  "@type": [
    "schema:Accommodation",
    "schema:LodgingBusiness",
    "Accommodation",
    "CamperVanArea",
    "CampingAndCaravanning",
    "PlaceOfInterest",
    "PointOfInterest"
  ],
  "rdfs:label": {
    "en": [
      "AIRE MUNICIPALE CAMPING-CAR PARK"
    ],
    "fr": [
      "AIRE MUNICIPALE CAMPING-CAR PARK"
    ],
    "es": [
      "AIRE MUNICIPALE CAMPING-CAR PARK"
    ]
  },
  "hasBeenCreatedBy": {
    "@id": "https://data.datatourisme.fr/96e146f9-b74b-38c8-92a2-5fb89aace39d",
    "schema:legalName": "HAUTES PYRENEES TOURISME ENVIRONNEMENT",
    "@type": [
      "schema:Organization",
      "foaf:Agent",
      "Agent"
    ]
  },
  "hasBeenPublishedBy": [
    {
      "@id": "https://data.datatourisme.fr/7d3e58d7-59ca-3925-9fce-9efc8ba1fc49",
      "schema:email": [
        "tourisme-hautes-pyrenees@ha-py.fr"
      ],
      "@type": [
        "foaf:Agent",
        "Agent"
      ]
    }
  ],
  "hasContact": [
    {
      "@id": "https://data.datatourisme.fr/5b7003e6-62c0-37bb-92e2-372c845463cb",
      "schema:address": [
        {
          "@id": "https://data.datatourisme.fr/9bfb0d64-c353-34e4-9a8e-ff7650ed2976",
          "schema:addressLocality": "Luz-Saint-Sauveur",
          "schema:postalCode": "65120",
          "schema:streetAddress": [
            "Avenue Impératrice Eugénie",
            "Quartier thermal"
          ],
          "@type": [
            "schema:PostalAddress",
            "PostalAddress"
          ],
          "hasAddressCity": {
            "@id": "kb:65295",
            "@type": [
              "City"
            ],
            "rdfs:label": {
              "de": [
                "Luz-Saint-Sauveur"
              ],
              "pt": [
                "Luz-Saint-Sauveur"
              ],
              "en": [
                "Luz-Saint-Sauveur"
              ],
              "it": [
                "Luz-Saint-Sauveur"
              ],
              "fr": [
                "Luz-Saint-Sauveur"
              ],
              "nl": [
                "Luz-Saint-Sauveur"
              ],
              "es": [
                "Luz-Saint-Sauveur"
              ]
            },
            "insee": "65295",
            "isPartOfDepartment": {
              "@id": "kb:France7665",
              "@type": [
                "Department"
              ],
              "rdfs:label": {
                "de": [
                  "Hautes-Pyrénées"
                ],
                "pt": [
                  "Hautes-Pyrénées"
                ],
                "en": [
                  "Hautes-Pyrénées"
                ],
                "it": [
                  "Hautes-Pyrénées"
                ],
                "fr": [
                  "Hautes-Pyrénées"
                ],
                "nl": [
                  "Hautes-Pyrénées"
                ],
                "es": [
                  "Hautes-Pyrénées"
                ]
              },
              "insee": "65",
              "isPartOfRegion": {
                "@id": "kb:France76",
                "@type": [
                  "Region"
                ],
                "rdfs:label": {
                  "de": [
                    "Occitanie"
                  ],
                  "pt": [
                    "Occitanie"
                  ],
                  "en": [
                    "Occitanie"
                  ],
                  "it": [
                    "Occitanie"
                  ],
                  "fr": [
                    "Occitanie"
                  ],
                  "nl": [
                    "Occitanie"
                  ],
                  "es": [
                    "Occitanie"
                  ]
                },
                "insee": "76",
                "isPartOfCountry": {
                  "@id": "kb:France",
                  "@type": [
                    "schema:Country"
                  ],
                  "rdfs:label": {
                    "de": [
                      "France",
                      "Frankreich"
                    ],
                    "pt": [
                      "França",
                      "France"
                    ],
                    "en": [
                      "France"
                    ],
                    "it": [
                      "France",
                      "Francia"
                    ],
                    "fr": [
                      "France"
                    ],
                    "nl": [
                      "France",
                      "Frankrijk"
                    ],
                    "es": [
                      "France",
                      "Francia"
                    ]
                  }
                }
              }
            }
          }
        }
      ],
      "schema:email": [
        "ot@luz.org"
      ],
      "schema:legalName": "AIRE MUNICIPALE CAMPING-CAR PARK",
      "schema:telephone": [
        "+33 5 62 92 30 30"
      ],
      "@type": [
        "schema:Organization",
        "foaf:Agent",
        "Agent"
      ]
    }
  ],
  "hasDescription": [
    {
      "@id": "https://data.datatourisme.fr/a5264c8b-cbd4-3322-82a0-b79591ddda64",
      "dc:description": {
        "de": [
          "Willkommen auf dem CAMPING-CAR PARK in Luz-Saint-Sauveur!\nVom Platz aus erreichen Sie über das Thermalviertel oder die Napoleonbrücke sehr schnell das Zentrum von Luz-Saint-Sauveur mit seinen Geschäften.\n\nVor Ort haben Sie Zugang zu einem reservierten und gesicherten Parkplatz mit 14 Stellplätzen (Möglichkeit, die verfügbaren Plätze in Echtzeit über die Website und die mobile Anwendung abzurufen) und angepassten Dienstleistungen: Wasser- und Stromsäulen, Entleerungszone, Strom: 20 Säulen mit 6A, telefonische Unterstützung rund um die Uhr in 9 Sprachen."
        ],
        "en": [
          "Welcome to the CAMPING-CAR PARK of Luz-Saint-Sauveur !\nFrom the area, you will quickly reach the center of Luz-Saint-Sauveur and its shops by the thermal district or the Napoleon bridge.\n\nOn the spot, you will have access to a reserved and secured parking of 14 places (possibility of consulting the available places in real time thanks to the website and the mobile application) and adapted services: water and electricity service terminals, emptying zone, electricity: 20 terminals of 6A, 24/24h telephone assistance in 9 languages."
        ],
        "it": [
          "Benvenuti al CAMPING-CAR PARK di Luz-Saint-Sauveur!\nDalla zona è possibile raggiungere rapidamente il centro di Luz-Saint-Sauveur e i suoi negozi attraverso il quartiere termale o il ponte Napoleone.\n\nSul posto, avrete accesso a un parcheggio riservato e sicuro con 14 posti (possibilità di consultare i posti disponibili in tempo reale grazie al sito web e all'applicazione mobile) e a servizi adeguati: terminali di servizio per l'acqua e l'elettricità, zona di svuotamento, elettricità: 20 terminali 6A, assistenza telefonica 24 ore su 24 in 9 lingue."
        ],
        "fr": [
          "Bienvenue sur l'aire CAMPING-CAR PARK de Luz-Saint-Sauveur !\nDepuis l'aire, vous rejoindrez très rapidement, par le quartier thermal ou le pont Napoléon, le centre de Luz-Saint-Sauveur et ses commerces.\n\nSur place, vous aurez accès à un parking réservé et sécurisé de 14 emplacements (possibilité de consulter les places disponibles en réel grâce au site internet et à l'application mobile) et des services adaptés : bornes de services eau et électricité, zone de vidange, électricité : 20 bornes de 6A, assistance téléphonique 24/24h en 9 langues."
        ],
        "es": [
          "¡Bienvenido al CAMPING-CAR PARK de Luz-Saint-Sauveur!\nDesde la zona, se llega rápidamente al centro de Luz-Saint-Sauveur y a sus comercios por el barrio termal o el puente Napoleón.\n\nIn situ, tendrá acceso a un aparcamiento reservado y seguro de 14 plazas (posibilidad de consultar las plazas disponibles en tiempo real gracias a la página web y a la aplicación móvil) y a servicios adaptados: terminales de servicio de agua y electricidad, zona de vaciado, electricidad: 20 terminales 6A, asistencia telefónica 24 horas en 9 idiomas."
        ],
        "nl": [
          "Welkom op de CAMPING-CAR PARK van Luz-Saint-Sauveur!\nVanuit het gebied bereikt u snel het centrum van Luz-Saint-Sauveur en zijn winkels via de thermale wijk of de Napoleonbrug.\n\nTer plaatse hebt u toegang tot een gereserveerde en beveiligde parkeerplaats met 14 plaatsen (mogelijkheid om de beschikbare plaatsen in real time te raadplegen dankzij de website en de mobiele applicatie) en aangepaste diensten: terminals voor water- en elektriciteitsdiensten, ledigingszone, elektriciteit: 20 terminals van 6A, 24 uur per dag telefonische bijstand in 9 talen."
        ]
      },
      "@type": [
        "Description"
      ],
      "hasTranslatedProperty": [
        {
          "@id": "https://data.datatourisme.fr/4202158e-8cee-39f5-8a24-4892a7a766d9",
          "dc:contributor": [
            "https://api.deepl.com/v2/translate"
          ],
          "rdf:language": [
            "en"
          ],
          "rdf:predicate": [
            {
              "@id": "dc:description"
            }
          ]
        },
        {
          "@id": "https://data.datatourisme.fr/5f3e5b33-f132-321b-b167-2e060d3728e0",
          "dc:contributor": [
            "https://api.deepl.com/v2/translate"
          ],
          "rdf:language": [
            "nl"
          ],
          "rdf:predicate": [
            {
              "@id": "dc:description"
            }
          ]
        },
        {
          "@id": "https://data.datatourisme.fr/6d1026e1-ad9f-3ce3-b578-6e52f533bb4b",
          "dc:contributor": [
            "https://api.deepl.com/v2/translate"
          ],
          "rdf:language": [
            "es"
          ],
          "rdf:predicate": [
            {
              "@id": "dc:description"
            }
          ]
        },
        {
          "@id": "https://data.datatourisme.fr/942abbe9-0541-3025-b5fb-c1495910bd16",
          "dc:contributor": [
            "https://api.deepl.com/v2/translate"
          ],
          "rdf:language": [
            "de"
          ],
          "rdf:predicate": [
            {
              "@id": "dc:description"
            }
          ]
        },
        {
          "@id": "https://data.datatourisme.fr/c91b81b4-a3f8-3386-abb7-97ec0a378b5d",
          "dc:contributor": [
            "https://api.deepl.com/v2/translate"
          ],
          "rdf:language": [
            "it"
          ],
          "rdf:predicate": [
            {
              "@id": "dc:description"
            }
          ]
        }
      ]
    }
  ],
  "isLocatedAt": [
    {
      "@id": "https://data.datatourisme.fr/1e0169c2-0ea6-3897-91f0-42be240cce52",
      "schema:address": [
        {
          "@id": "https://data.datatourisme.fr/9bfb0d64-c353-34e4-9a8e-ff7650ed2976",
          "schema:addressLocality": "Luz-Saint-Sauveur",
          "schema:postalCode": "65120",
          "schema:streetAddress": [
            "Avenue Impératrice Eugénie",
            "Quartier thermal"
          ],
          "@type": [
            "schema:PostalAddress",
            "PostalAddress"
          ],
          "hasAddressCity": {
            "@id": "kb:65295",
            "@type": [
              "City"
            ],
            "rdfs:label": {
              "de": [
                "Luz-Saint-Sauveur"
              ],
              "pt": [
                "Luz-Saint-Sauveur"
              ],
              "en": [
                "Luz-Saint-Sauveur"
              ],
              "it": [
                "Luz-Saint-Sauveur"
              ],
              "fr": [
                "Luz-Saint-Sauveur"
              ],
              "nl": [
                "Luz-Saint-Sauveur"
              ],
              "es": [
                "Luz-Saint-Sauveur"
              ]
            },
            "insee": "65295",
            "isPartOfDepartment": {
              "@id": "kb:France7665",
              "@type": [
                "Department"
              ],
              "rdfs:label": {
                "de": [
                  "Hautes-Pyrénées"
                ],
                "pt": [
                  "Hautes-Pyrénées"
                ],
                "en": [
                  "Hautes-Pyrénées"
                ],
                "it": [
                  "Hautes-Pyrénées"
                ],
                "fr": [
                  "Hautes-Pyrénées"
                ],
                "nl": [
                  "Hautes-Pyrénées"
                ],
                "es": [
                  "Hautes-Pyrénées"
                ]
              },
              "insee": "65",
              "isPartOfRegion": {
                "@id": "kb:France76",
                "@type": [
                  "Region"
                ],
                "rdfs:label": {
                  "de": [
                    "Occitanie"
                  ],
                  "pt": [
                    "Occitanie"
                  ],
                  "en": [
                    "Occitanie"
                  ],
                  "it": [
                    "Occitanie"
                  ],
                  "fr": [
                    "Occitanie"
                  ],
                  "nl": [
                    "Occitanie"
                  ],
                  "es": [
                    "Occitanie"
                  ]
                },
                "insee": "76",
                "isPartOfCountry": {
                  "@id": "kb:France",
                  "@type": [
                    "schema:Country"
                  ],
                  "rdfs:label": {
                    "de": [
                      "France",
                      "Frankreich"
                    ],
                    "pt": [
                      "França",
                      "France"
                    ],
                    "en": [
                      "France"
                    ],
                    "it": [
                      "France",
                      "Francia"
                    ],
                    "fr": [
                      "France"
                    ],
                    "nl": [
                      "France",
                      "Frankrijk"
                    ],
                    "es": [
                      "France",
                      "Francia"
                    ]
                  }
                }
              }
            }
          }
        }
      ],
      "schema:geo": {
        "@id": "https://data.datatourisme.fr/3ecdd698-d895-3710-9159-34e739ba98ad",
        "schema:latitude": "42.8624422",
        "schema:longitude": "-0.0095187",
        "@type": [
          "schema:GeoCoordinates"
        ]
      },
      "schema:openingHoursSpecification": [
        {
          "@id": "https://data.datatourisme.fr/3ccf64fe-3152-381a-8b46-7789e642acde",
          "schema:dayOfWeek": [
            {
              "@id": "schema:Friday",
              "@type": [
                "schema:DayOfWeek"
              ],
              "rdfs:label": {
                "de": [
                  "Freitag"
                ],
                "pt": [
                  "Sexta-feira"
                ],
                "en": [
                  "Friday"
                ],
                "it": [
                  "Venerdì"
                ],
                "fr": [
                  "Vendredi"
                ],
                "nl": [
                  "Vrijdag"
                ],
                "es": [
                  "Viernes"
                ]
              }
            },
            {
              "@id": "schema:Monday",
              "@type": [
                "schema:DayOfWeek"
              ],
              "rdfs:label": {
                "de": [
                  "Montag"
                ],
                "pt": [
                  "Segunda-feira"
                ],
                "en": [
                  "Monday"
                ],
                "it": [
                  "Lunedì"
                ],
                "fr": [
                  "Lundi"
                ],
                "nl": [
                  "Maandag"
                ],
                "es": [
                  "Lunes"
                ]
              }
            },
            {
              "@id": "schema:Saturday",
              "@type": [
                "schema:DayOfWeek"
              ],
              "rdfs:label": {
                "de": [
                  "Samstag"
                ],
                "pt": [
                  "Sábado"
                ],
                "en": [
                  "Saturday"
                ],
                "it": [
                  "Sabato"
                ],
                "fr": [
                  "Samedi"
                ],
                "nl": [
                  "Zaterdag"
                ],
                "es": [
                  "Sábado"
                ]
              }
            },
            {
              "@id": "schema:Sunday",
              "@type": [
                "schema:DayOfWeek"
              ],
              "rdfs:label": {
                "de": [
                  "Sonntag"
                ],
                "pt": [
                  "Domingo"
                ],
                "en": [
                  "Sunday"
                ],
                "it": [
                  "Domenica"
                ],
                "fr": [
                  "Dimanche"
                ],
                "nl": [
                  "Zondag"
                ],
                "es": [
                  "Domingo"
                ]
              }
            },
            {
              "@id": "schema:Thursday",
              "@type": [
                "schema:DayOfWeek"
              ],
              "rdfs:label": {
                "de": [
                  "Donnerstag"
                ],
                "pt": [
                  "Quinta-feira"
                ],
                "en": [
                  "Thursday"
                ],
                "it": [
                  "Giovedì"
                ],
                "fr": [
                  "Jeudi"
                ],
                "es": [
                  "Jueves"
                ],
                "nl": [
                  "Donderdag"
                ]
              }
            },
            {
              "@id": "schema:Tuesday",
              "@type": [
                "schema:DayOfWeek"
              ],
              "rdfs:label": {
                "de": [
                  "Dienstag"
                ],
                "pt": [
                  "Terça-feira"
                ],
                "en": [
                  "Tuesday"
                ],
                "it": [
                  "Martedì"
                ],
                "fr": [
                  "Mardi"
                ],
                "es": [
                  "Martes"
                ],
                "nl": [
                  "Dinsdag"
                ]
              }
            },
            {
              "@id": "schema:Wednesday",
              "@type": [
                "schema:DayOfWeek"
              ],
              "rdfs:label": {
                "de": [
                  "Mittwoch"
                ],
                "pt": [
                  "Quarta-feira"
                ],
                "en": [
                  "Wednesday"
                ],
                "it": [
                  "Mercoledì"
                ],
                "fr": [
                  "Mercredi"
                ],
                "nl": [
                  "Woensdag"
                ],
                "es": [
                  "Miércoles"
                ]
              }
            }
          ],
          "schema:validFrom": "2023-01-01T00:00:00",
          "schema:validThrough": "2023-12-31T00:00:00",
          "@type": [
            "schema:OpeningHoursSpecification"
          ],
          "additionalInformation": {
            "de": [
              "Rund um die Uhr geöffnet."
            ],
            "en": [
              "Open 24 hours a day."
            ],
            "it": [
              "Aperto 24 ore su 24."
            ],
            "fr": [
              "Ouverte 24h/24h."
            ],
            "es": [
              "Abierto las 24 horas del día."
            ],
            "nl": [
              "24 uur per dag geopend."
            ]
          },
          "hasTranslatedProperty": [
            {
              "@id": "https://data.datatourisme.fr/6a4834bd-0d1e-36bf-a042-d4cfde0e6375",
              "dc:contributor": [
                "https://api.deepl.com/v2/translate"
              ],
              "rdf:language": [
                "nl"
              ],
              "rdf:predicate": [
                "additionalInformation"
              ]
            },
            {
              "@id": "https://data.datatourisme.fr/a50b2d8c-5d5a-32d4-9400-e7f896bb3756",
              "dc:contributor": [
                "https://api.deepl.com/v2/translate"
              ],
              "rdf:language": [
                "de"
              ],
              "rdf:predicate": [
                "additionalInformation"
              ]
            },
            {
              "@id": "https://data.datatourisme.fr/bd3c63d0-62d7-386e-adf2-9b505bfd0faf",
              "dc:contributor": [
                "https://api.deepl.com/v2/translate"
              ],
              "rdf:language": [
                "en"
              ],
              "rdf:predicate": [
                "additionalInformation"
              ]
            },
            {
              "@id": "https://data.datatourisme.fr/d99bb681-99c6-3456-9b3a-78d9bd931167",
              "dc:contributor": [
                "https://api.deepl.com/v2/translate"
              ],
              "rdf:language": [
                "it"
              ],
              "rdf:predicate": [
                "additionalInformation"
              ]
            },
            {
              "@id": "https://data.datatourisme.fr/da3001d4-1734-34af-86fe-d9d478453ef8",
              "dc:contributor": [
                "https://api.deepl.com/v2/translate"
              ],
              "rdf:language": [
                "es"
              ],
              "rdf:predicate": [
                "additionalInformation"
              ]
            }
          ]
        }
      ],
      "@type": [
        "schema:Place",
        "Place"
      ],
      "altInsee": [
        "LUZ-SAINT-SAUVEUR"
      ],
      "petsAllowed": true
    }
  ],
  "lastUpdate": "2023-02-02",
  "lastUpdateDatatourisme": "2023-02-03T04:08:27.185Z",
  "offers": [
    {
      "@id": "https://data.datatourisme.fr/f411ee21-e246-3ef9-8b4a-e3c0b7d18bb5",
      "schema:acceptedPaymentMethod": [
        {
          "@id": "kb:BlueCard",
          "@type": [
            "schema:PaymentMethod"
          ],
          "rdfs:label": {
            "de": [
              "Carte bleue"
            ],
            "pt": [
              "Cartão de pagamento (Carte bleue)"
            ],
            "en": [
              "Blue card"
            ],
            "it": [
              "Carta blu"
            ],
            "fr": [
              "Carte bleue"
            ],
            "es": [
              "Tarjeta bancaria"
            ],
            "nl": [
              "Carte Bleue"
            ]
          }
        },
        {
          "@id": "kb:Visa",
          "@type": [
            "schema:PaymentMethod"
          ],
          "rdfs:label": {
            "de": [
              "Visa"
            ],
            "pt": [
              "Visto"
            ],
            "en": [
              "Visa"
            ],
            "it": [
              "Visto"
            ],
            "fr": [
              "Visa"
            ],
            "nl": [
              "Visum"
            ],
            "es": [
              "Visa"
            ]
          }
        }
      ],
      "@type": [
        "schema:Offer",
        "Offer"
      ]
    }
  ]
}