{
  "@id": "https://data.datatourisme.fr/13/2b9cdebb-444d-3b2f-a838-0860104f0573",
  "dc:identifier": "112345",
  "schema:endDate": [
    "2023-12-31"
  ],
  "schema:startDate": [
    "2023-01-01"
  ],
  "@type": [
    "schema:Event",
    "schema:SaleEvent",
    "EntertainmentAndEvent",
    "Market",
    "PointOfInterest",
    "SaleEvent"
  ],
  "rdfs:comment": {
    "de": [
      "Wöchentlich stattfindender Markt. Finden Sie in der Rue du Pont Neuf, Rue du Commerce, Rue du Révérend Père Favre und Place Joseph Philippe einen qualitativ hochwertigen Markt für Lebensmittel und Manufakturwaren."
    ],
    "en": [
      "Weekly market. Find at Rue du Pont Neuf, Rue du Commerce, Rue du Révérend Père Favre and Place Joseph Philippe, a quality food and manufactured goods market."
    ],
    "it": [
      "Mercato settimanale. In Rue du Pont Neuf, Rue du Commerce, Rue du Révérend Père Favre e Place Joseph Philippe si trova un mercato alimentare e manifatturiero di qualità."
    ],
    "fr": [
      "Marché hebdomadaire. Retrouvez à la Rue du Pont Neuf, Rue du Commerce, Rue du Révérend Père Favre et Place Joseph Philippe, un marché alimentaire et manufacturé de qualité."
    ],
    "nl": [
      "Wekelijkse markt. In de Rue du Pont Neuf, Rue du Commerce, Rue du Révérend Père Favre en Place Joseph Philippe vindt u een hoogwaardige levensmiddelen- en productiemarkt."
    ],
    "es": [
      "Mercado semanal. En las calles Pont Neuf, Commerce, Révérend Père Favre y Place Joseph Philippe, encontrará un mercado alimentario y manufacturero de calidad."
    ]
  },
  "rdfs:label": {
    "fr": [
      "Marché de Ville-la-Grand"
    ]
  },
  "hasBeenCreatedBy": {
    "@id": "https://data.datatourisme.fr/13/f7177163-c833-3ff4-b38f-c8d2872f1ec6",
    "dc:identifier": "44",
    "schema:email": [
      "c.rampon@montsdegeneve.com",
      "emilie.beaupere@hotmail.fr",
      "s.plee@montsdegeneve.com"
    ],
    "schema:legalName": "Office de Tourisme des Monts de Genève",
    "@type": [
      "schema:Organization",
      "foaf:Agent",
      "Agent"
    ],
    "foaf:homepage": [
      "http://www.montsdegeneve.com/"
    ]
  },
  "hasBeenPublishedBy": [
    {
      "@id": "https://data.datatourisme.fr/8a9feb4b-2cbd-3d2c-b507-bd6c6776b23b",
      "schema:legalName": "Apidae Tourisme Scic SA - source : Apidae Tourisme",
      "@type": [
        "schema:Organization",
        "foaf:Agent",
        "Agent"
      ],
      "foaf:homepage": [
        "https://www.apidae-tourisme.com/"
      ]
    }
  ],
  "hasContact": [
    {
      "@id": "https://data.datatourisme.fr/c51262db-a5e1-3a43-a009-17399965a45b",
      "schema:telephone": [
        "+33 4 50 84 24 24",
        "+33 4 50 95 07 10"
      ],
      "@type": [
        "foaf:Agent",
        "Agent"
      ],
      "foaf:homepage": [
        "https://www.ville-la-grand.fr/"
      ]
    }
  ],
  "hasDescription": [
    {
      "@id": "https://data.datatourisme.fr/dd98e7c7-c668-33f9-8a00-a253bcc4478c",
      "@type": [
        "Description"
      ],
      "hasTranslatedProperty": [
        {
          "@id": "https://data.datatourisme.fr/16e31853-958e-31be-9b00-8756934106c5",
          "dc:contributor": [
            "https://api.deepl.com/v2/translate"
          ],
          "rdf:language": [
            "en"
          ],
          "rdf:predicate": [
            "shortDescription"
          ]
        },
        {
          "@id": "https://data.datatourisme.fr/35cf8f1a-5155-3dac-bae4-c4b87730ccf7",
          "dc:contributor": [
            "https://api.deepl.com/v2/translate"
          ],
          "rdf:language": [
            "es"
          ],
          "rdf:predicate": [
            "shortDescription"
          ]
        },
        {
          "@id": "https://data.datatourisme.fr/762e3dee-5dba-31a2-87d4-dcbff948a8a2",
          "dc:contributor": [
            "https://api.deepl.com/v2/translate"
          ],
          "rdf:language": [
            "it"
          ],
          "rdf:predicate": [
            "shortDescription"
          ]
        },
        {
          "@id": "https://data.datatourisme.fr/97093aa5-ba7d-3155-8dd2-4a59678e9181",
          "dc:contributor": [
            "https://api.deepl.com/v2/translate"
          ],
          "rdf:language": [
            "nl"
          ],
          "rdf:predicate": [
            "shortDescription"
          ]
        },
        {
          "@id": "https://data.datatourisme.fr/e881f8f5-2431-370b-99cd-c02090ad6101",
          "dc:contributor": [
            "https://api.deepl.com/v2/translate"
          ],
          "rdf:language": [
            "de"
          ],
          "rdf:predicate": [
            "shortDescription"
          ]
        }
      ],
      "shortDescription": {
        "de": [
          "Wöchentlich stattfindender Markt. Finden Sie in der Rue du Pont Neuf, Rue du Commerce, Rue du Révérend Père Favre und Place Joseph Philippe einen qualitativ hochwertigen Markt für Lebensmittel und Manufakturwaren."
        ],
        "en": [
          "Weekly market. Find at Rue du Pont Neuf, Rue du Commerce, Rue du Révérend Père Favre and Place Joseph Philippe, a quality food and manufactured goods market."
        ],
        "it": [
          "Mercato settimanale. In Rue du Pont Neuf, Rue du Commerce, Rue du Révérend Père Favre e Place Joseph Philippe si trova un mercato alimentare e manifatturiero di qualità."
        ],
        "fr": [
          "Marché hebdomadaire. Retrouvez à la Rue du Pont Neuf, Rue du Commerce, Rue du Révérend Père Favre et Place Joseph Philippe, un marché alimentaire et manufacturé de qualité."
        ],
        "nl": [
          "Wekelijkse markt. In de Rue du Pont Neuf, Rue du Commerce, Rue du Révérend Père Favre en Place Joseph Philippe vindt u een hoogwaardige levensmiddelen- en productiemarkt."
        ],
        "es": [
          "Mercado semanal. En las calles Pont Neuf, Commerce, Révérend Père Favre y Place Joseph Philippe, encontrará un mercado alimentario y manufacturero de calidad."
        ]
      }
    }
  ],
  "hasTranslatedProperty": [
    {
      "@id": "https://data.datatourisme.fr/072d9b21-8d9a-34a0-b775-565cc13ab27e",
      "dc:contributor": [
        "https://api.deepl.com/v2/translate"
      ],
      "rdf:language": [
        "es"
      ],
      "rdf:predicate": [
        {
          "@id": "rdfs:comment"
        }
      ]
    },
    {
      "@id": "https://data.datatourisme.fr/0d728482-8d16-315f-a8c2-c32e25a052ae",
      "dc:contributor": [
        "https://api.deepl.com/v2/translate"
      ],
      "rdf:language": [
        "nl"
      ],
      "rdf:predicate": [
        {
          "@id": "rdfs:comment"
        }
      ]
    },
    {
      "@id": "https://data.datatourisme.fr/5a274ed4-65ac-3461-9b99-9e6c48f0057c",
      "dc:contributor": [
        "https://api.deepl.com/v2/translate"
      ],
      "rdf:language": [
        "de"
      ],
      "rdf:predicate": [
        {
          "@id": "rdfs:comment"
        }
      ]
    },
    {
      "@id": "https://data.datatourisme.fr/6a1ad01b-1b0a-3543-a9ed-7f72a785d4a3",
      "dc:contributor": [
        "https://api.deepl.com/v2/translate"
      ],
      "rdf:language": [
        "it"
      ],
      "rdf:predicate": [
        {
          "@id": "rdfs:comment"
        }
      ]
    },
    {
      "@id": "https://data.datatourisme.fr/bc116fbb-513a-351f-8a32-213cd48038f3",
      "dc:contributor": [
        "https://api.deepl.com/v2/translate"
      ],
      "rdf:language": [
        "en"
      ],
      "rdf:predicate": [
        {
          "@id": "rdfs:comment"
        }
      ]
    }
  ],
  "isLocatedAt": [
    {
      "@id": "https://data.datatourisme.fr/d1dcd949-e4f0-385a-804a-04c8ec0c7a49",
      "schema:address": [
        {
          "@id": "https://data.datatourisme.fr/1cd56276-378b-34c2-9d5b-d9bef7d377cd",
          "schema:addressLocality": "Ville-la-Grand",
          "schema:postalCode": "74100",
          "schema:streetAddress": [
            "Centre ville",
            "Rue du commerce"
          ],
          "@type": [
            "schema:PostalAddress",
            "PostalAddress"
          ],
          "hasAddressCity": {
            "@id": "kb:74305",
            "@type": [
              "City"
            ],
            "rdfs:label": {
              "de": [
                "Ville-la-Grand"
              ],
              "pt": [
                "Ville-la-Grand"
              ],
              "en": [
                "Ville-la-Grand"
              ],
              "it": [
                "Ville-la-Grand"
              ],
              "fr": [
                "Ville-la-Grand"
              ],
              "nl": [
                "Ville-la-Grand"
              ],
              "es": [
                "Ville-la-Grand"
              ]
            },
            "insee": "74305",
            "isPartOfDepartment": {
              "@id": "kb:France8474",
              "@type": [
                "Department"
              ],
              "rdfs:label": {
                "de": [
                  "Haute-Savoie"
                ],
                "pt": [
                  "Haute-Savoie"
                ],
                "en": [
                  "Haute-Savoie"
                ],
                "it": [
                  "Haute-Savoie"
                ],
                "fr": [
                  "Haute-Savoie"
                ],
                "nl": [
                  "Haute-Savoie"
                ],
                "es": [
                  "Haute-Savoie"
                ]
              },
              "insee": "74",
              "isPartOfRegion": {
                "@id": "kb:France84",
                "@type": [
                  "Region"
                ],
                "rdfs:label": {
                  "de": [
                    "Auvergne-Rhône-Alpes"
                  ],
                  "pt": [
                    "Auvergne-Rhône-Alpes"
                  ],
                  "en": [
                    "Auvergne-Rhône-Alpes"
                  ],
                  "it": [
                    "Auvergne-Rhône-Alpes"
                  ],
                  "fr": [
                    "Auvergne-Rhône-Alpes"
                  ],
                  "nl": [
                    "Auvergne-Rhône-Alpes"
                  ],
                  "es": [
                    "Auvergne-Rhône-Alpes"
                  ]
                },
                "insee": "84",
                "isPartOfCountry": {
                  "@id": "kb:France",
                  "@type": [
                    "schema:Country"
                  ],
                  "rdfs:label": {
                    "de": [
                      "France",
                      "Frankreich"
                    ],
                    "pt": [
                      "França",
                      "France"
                    ],
                    "en": [
                      "France"
                    ],
                    "it": [
                      "France",
                      "Francia"
                    ],
                    "fr": [
                      "France"
                    ],
                    "nl": [
                      "France",
                      "Frankrijk"
                    ],
                    "es": [
                      "France",
                      "Francia"
                    ]
                  }
                }
              }
            }
          }
        }
      ],
      "schema:geo": {
        "@id": "https://data.datatourisme.fr/e6991526-a3c6-355f-8d4c-564f0a657a6e",
        "schema:elevation": "445",
        "schema:latitude": "46.202737",
        "schema:longitude": "6.248922",
        "@type": [
          "schema:GeoCoordinates"
        ]
      },
      "schema:openingHoursSpecification": [
        {
          "@id": "https://data.datatourisme.fr/b8dee0be-a3c7-3133-9c9d-c8562959a480",
          "schema:closes": "13:30:00",
          "schema:opens": "06:30:00",
          "schema:validFrom": "2023-01-01T00:00:00",
          "schema:validThrough": "2023-12-31T23:59:59",
          "@type": [
            "schema:OpeningHoursSpecification"
          ]
        }
      ],
      "@type": [
        "schema:Place",
        "Place"
      ]
    }
  ],
  "isOwnedBy": [
    {
      "@id": "https://data.datatourisme.fr/dfbdd99e-cb0b-3369-8839-0bc7d71fe2e2",
      "schema:email": [
        "c.rampon@montsdegeneve.com",
        "s.plee@montsdegeneve.com"
      ],
      "schema:legalName": "Office de Tourisme des Monts de Genève",
      "@type": [
        "schema:Organization",
        "foaf:Agent",
        "Agent"
      ],
      "foaf:homepage": [
        "http://www.montsdegeneve.com/"
      ]
    }
  ],
  "lastUpdate": "2023-01-04",
  "lastUpdateDatatourisme": "2023-03-16T06:56:31.224Z",
  "takesPlaceAt": [
    {
      "@id": "https://data.datatourisme.fr/7d3d2350-e47c-3b9f-990f-663ec2d7ec09",
      "@type": [
        "Period",
        "RecurrentPeriod"
      ],
      "appliesOnDay": [
        {
          "@id": "schema:Sunday",
          "@type": [
            "schema:DayOfWeek"
          ],
          "rdfs:label": {
            "de": [
              "Sonntag"
            ],
            "pt": [
              "Domingo"
            ],
            "en": [
              "Sunday"
            ],
            "it": [
              "Domenica"
            ],
            "fr": [
              "Dimanche"
            ],
            "nl": [
              "Zondag"
            ],
            "es": [
              "Domingo"
            ]
          }
        }
      ],
      "endDate": "2023-12-31",
      "endTime": "13:30:00",
      "startDate": "2023-01-01",
      "startTime": "06:30:00"
    }
  ]
}