{
  "@id": "https://data.datatourisme.fr/13/2b5d75fa-10d8-377e-90c5-c52a038e310c",
  "dc:identifier": "5824397",
  "@type": [
    "schema:LocalBusiness",
    "schema:TouristInformationCenter",
    "LocalTouristOffice",
    "PlaceOfInterest",
    "PointOfInterest",
    "Store",
    "TouristInformationCenter"
  ],
  "rdfs:comment": {
    "de": [
      "Monclar Quercy Vert,\r\n20' von Montauban - 50' von Toulouse und Albi entfernt\r\nGrüner Ferienort, Blaue Flagge seit 2009."
    ],
    "en": [
      "Monclar Quercy Vert,\r\n20' from Montauban - 50' from Toulouse and Albi\r\nGreen Holiday resort, Blue Flag since 2009."
    ],
    "it": [
      "Monclar Quercy Vert,\r\n20' da Montauban - 50' da Tolosa e Albi\r\nGreen Holiday Resort, Bandiera Blu dal 2009."
    ],
    "fr": [
      "Monclar Quercy Vert,\r\nA 20' de Montauban - 50' de Toulouse et Albi\r\nStation Verte de Vacances, Pavillon bleu depuis 2009."
    ],
    "nl": [
      "Monclar Quercy Vert,\r\n20' van Montauban - 50' van Toulouse en Albi\r\nGroen vakantieoord, blauwe vlag sinds 2009."
    ],
    "es": [
      "Monclar Quercy Vert,\r\n20' de Montauban - 50' de Toulouse y Albi\r\nComplejo vacacional verde, bandera azul desde 2009."
    ]
  },
  "rdfs:label": {
    "en": [
      "Tourist Information Office of Monclar de Quercy"
    ],
    "fr": [
      "Bureau d'Information touristique de Monclar de Quercy"
    ],
    "es": [
      "Oficina de Turismo de Monclar de Quercy"
    ],
    "nl": [
      "Monclar de Quercy Toeristische Dienst"
    ]
  },
  "hasBeenCreatedBy": {
    "@id": "https://data.datatourisme.fr/13/c3e4035a-f2a1-3de9-b21e-1ae1951ac80b",
    "dc:identifier": "2164",
    "schema:email": [
      "tourisme.bruniquel@quercyvertaveyron.fr"
    ],
    "schema:legalName": "Office de Tourisme Quercy Vert-Aveyron",
    "@type": [
      "schema:Organization",
      "foaf:Agent",
      "Agent"
    ],
    "foaf:homepage": [
      "http://www.gorges-aveyron-tourisme.com/"
    ]
  },
  "hasBeenPublishedBy": [
    {
      "@id": "https://data.datatourisme.fr/a7940108-163a-3965-9ffd-279630007f7b",
      "schema:legalName": "Tarn-et-Garonne Tourisme - source : Apidae Tourisme",
      "@type": [
        "schema:Organization",
        "foaf:Agent",
        "Agent"
      ],
      "foaf:homepage": [
        "https://www.apidae-tourisme.com/"
      ]
    }
  ],
  "hasContact": [
    {
      "@id": "https://data.datatourisme.fr/70d46a32-a6d9-3807-915d-bf8691ae9261",
      "schema:email": [
        "tourisme@monclardequercy.com"
      ],
      "schema:telephone": [
        "+33 5 63 30 31 72"
      ],
      "@type": [
        "foaf:Agent",
        "Agent"
      ]
    }
  ],
  "hasDescription": [
    {
      "@id": "https://data.datatourisme.fr/5d6d79e3-2b7c-3150-b1cf-2618fdd737f0",
      "@type": [
        "Description"
      ],
      "hasTranslatedProperty": [
        {
          "@id": "https://data.datatourisme.fr/62fb7aec-2b37-3feb-bd13-b0534d5a86d7",
          "dc:contributor": [
            "https://api.deepl.com/v2/translate"
          ],
          "rdf:language": [
            "de"
          ],
          "rdf:predicate": [
            "shortDescription"
          ]
        },
        {
          "@id": "https://data.datatourisme.fr/98c2d61e-1324-3326-b432-69ff8cf466cd",
          "dc:contributor": [
            "https://api.deepl.com/v2/translate"
          ],
          "rdf:language": [
            "it"
          ],
          "rdf:predicate": [
            "shortDescription"
          ]
        }
      ],
      "shortDescription": {
        "de": [
          "Monclar Quercy Vert,\r\n20' von Montauban - 50' von Toulouse und Albi entfernt\r\nGrüner Ferienort, Blaue Flagge seit 2009."
        ],
        "en": [
          "Monclar Quercy Vert,\r\n20' from Montauban - 50' from Toulouse and Albi\r\nGreen Holiday resort, Blue Flag since 2009."
        ],
        "it": [
          "Monclar Quercy Vert,\r\n20' da Montauban - 50' da Tolosa e Albi\r\nGreen Holiday Resort, Bandiera Blu dal 2009."
        ],
        "fr": [
          "Monclar Quercy Vert,\r\nA 20' de Montauban - 50' de Toulouse et Albi\r\nStation Verte de Vacances, Pavillon bleu depuis 2009."
        ],
        "nl": [
          "Monclar Quercy Vert,\r\n20' van Montauban - 50' van Toulouse en Albi\r\nGroen vakantieoord, blauwe vlag sinds 2009."
        ],
        "es": [
          "Monclar Quercy Vert,\r\n20' de Montauban - 50' de Toulouse y Albi\r\nComplejo vacacional verde, bandera azul desde 2009."
        ]
      }
    }
  ],
  "hasTranslatedProperty": [
    {
      "@id": "https://data.datatourisme.fr/9144c612-58e7-3935-b301-26c709b27307",
      "dc:contributor": [
        "https://api.deepl.com/v2/translate"
      ],
      "rdf:language": [
        "it"
      ],
      "rdf:predicate": [
        {
          "@id": "rdfs:comment"
        }
      ]
    },
    {
      "@id": "https://data.datatourisme.fr/b268078d-efc0-327f-8ee7-74622c4de50a",
      "dc:contributor": [
        "https://api.deepl.com/v2/translate"
      ],
      "rdf:language": [
        "de"
      ],
      "rdf:predicate": [
        {
          "@id": "rdfs:comment"
        }
      ]
    }
  ],
  "isLocatedAt": [
    {
      "@id": "https://data.datatourisme.fr/b5c109ed-6b7c-3956-b628-3373d76e856a",
      "schema:address": [
        {
          "@id": "https://data.datatourisme.fr/926e3d97-fed3-32c2-83c9-38e00926d021",
          "schema:addressLocality": "Monclar-de-Quercy",
          "schema:postalCode": "82230",
          "schema:streetAddress": [
            "7 Place des Capitouls",
            " "
          ],
          "@type": [
            "schema:PostalAddress",
            "PostalAddress"
          ],
          "hasAddressCity": {
            "@id": "kb:82115",
            "@type": [
              "City"
            ],
            "rdfs:label": {
              "de": [
                "Monclar-de-Quercy"
              ],
              "pt": [
                "Monclar-de-Quercy"
              ],
              "en": [
                "Monclar-de-Quercy"
              ],
              "it": [
                "Monclar-de-Quercy"
              ],
              "fr": [
                "Monclar-de-Quercy"
              ],
              "nl": [
                "Monclar-de-Quercy"
              ],
              "es": [
                "Monclar-de-Quercy"
              ]
            },
            "insee": "82115",
            "isPartOfDepartment": {
              "@id": "kb:France7682",
              "@type": [
                "Department"
              ],
              "rdfs:label": {
                "de": [
                  "Tarn-et-Garonne"
                ],
                "pt": [
                  "Tarn-et-Garonne"
                ],
                "en": [
                  "Tarn-et-Garonne"
                ],
                "it": [
                  "Tarn-et-Garonne"
                ],
                "fr": [
                  "Tarn-et-Garonne"
                ],
                "nl": [
                  "Tarn-et-Garonne"
                ],
                "es": [
                  "Tarn-et-Garonne"
                ]
              },
              "insee": "82",
              "isPartOfRegion": {
                "@id": "kb:France76",
                "@type": [
                  "Region"
                ],
                "rdfs:label": {
                  "de": [
                    "Occitanie"
                  ],
                  "pt": [
                    "Occitanie"
                  ],
                  "en": [
                    "Occitanie"
                  ],
                  "it": [
                    "Occitanie"
                  ],
                  "fr": [
                    "Occitanie"
                  ],
                  "nl": [
                    "Occitanie"
                  ],
                  "es": [
                    "Occitanie"
                  ]
                },
                "insee": "76",
                "isPartOfCountry": {
                  "@id": "kb:France",
                  "@type": [
                    "schema:Country"
                  ],
                  "rdfs:label": {
                    "de": [
                      "France",
                      "Frankreich"
                    ],
                    "pt": [
                      "França",
                      "France"
                    ],
                    "en": [
                      "France"
                    ],
                    "it": [
                      "France",
                      "Francia"
                    ],
                    "fr": [
                      "France"
                    ],
                    "nl": [
                      "France",
                      "Frankrijk"
                    ],
                    "es": [
                      "France",
                      "Francia"
                    ]
                  }
                }
              }
            }
          }
        }
      ],
      "schema:geo": {
        "@id": "https://data.datatourisme.fr/8799451f-d9f5-3aa2-a533-4d96acb72af1",
        "schema:latitude": "43.966911",
        "schema:longitude": "1.584458",
        "@type": [
          "schema:GeoCoordinates"
        ]
      },
      "schema:openingHoursSpecification": [
        {
          "@id": "https://data.datatourisme.fr/fdfd24b0-7851-34e6-9aaf-b5720ac9dd10",
          "schema:validFrom": "2023-01-01T00:00:00",
          "schema:validThrough": "2023-12-31T23:59:59",
          "@type": [
            "schema:OpeningHoursSpecification"
          ],
          "additionalInformation": {
            "de": [
              "NEBENSAISON\r\n- Vom 1. September bis zum 30. April -\r\n  Montag und Mittwoch\r\n  9h -12h\r\n  Dienstag - Donnerstag und Freitag\r\n  9h -12h / 14h -16h\r\n\r\n  MITTELS SAISON\r\n- Vom 1. Mai bis zum 30. Mai -\r\n  Montag und Mittwoch\r\n  9h -12h\r\n  Dienstag - Donnerstag und Freitag\r\n  9h -12h / 14h -17h\r\n\r\n- Vom 1. Juni bis zum 30. Juni -\r\n  Montag und Mittwoch\r\n  9h -12h\r\n  Dienstag - Donnerstag und Freitag\r\n  9h -12h / 14h -18h\r\n  Sonntag 9-12 Uhr\r\n\r\n  HOCHSAISON\r\n- Vom 1. Juli bis 31. August -\r\n  Montag und Mittwoch\r\n  9h -12h\r\n  Dienstag - Donnerstag und Freitag\r\n  9h -12h / 14h -18h\r\n  Samstag 9-12 / 14-18 Uhr\r\n  Sonntag 9-12 Uhr"
            ],
            "en": [
              "LOW SEASON\r\n- From September 1st to April 30th -\r\n  Monday and Wednesday\r\n  9h -12h\r\n  Tuesday - Thursday and Friday\r\n  9h -12h / 14h -16h\r\n\r\n  MEDIUM SEASON\r\n- From May 1st to May 30th -\r\n  Monday and Wednesday\r\n  9h -12h\r\n  Tuesday - Thursday and Friday\r\n  9h -12h / 14h -17h\r\n\r\n- From June 1st to June 30th -\r\n  Monday and Wednesday\r\n  9h -12h\r\n  Tuesday - Thursday and Friday\r\n  9h -12h / 14h -18h\r\n  Sunday 9am-12pm.\r\n\r\n  HIGH SEASON\r\n- From July 1st to August 31st -\r\n  Monday and Wednesday\r\n  9h -12h\r\n  Tuesday - Thursday and Friday\r\n  9h -12h / 14h -18h\r\n  Saturday 9-12 / 14-18h\r\n  Sunday 9-12am."
            ],
            "it": [
              "BASSA STAGIONE\r\n- Dal 1° settembre al 30 aprile\r\n  Lunedì e mercoledì\r\n  dalle 9.00 alle 12.00\r\n  Martedì - Giovedì e Venerdì\r\n  9h -12h / 14h -16h\r\n\r\n  STAGIONE MEDIA\r\n- Dal 1° maggio al 30 maggio -\r\n  Lunedì e mercoledì\r\n  9.00 - 12.00\r\n  Martedì - Giovedì e Venerdì\r\n  9h -12h / 14h -17h\r\n\r\n- Dal 1° giugno al 30 giugno -\r\n  Lunedì e mercoledì\r\n  dalle 9.00 alle 12.00\r\n  Martedì - Giovedì e Venerdì\r\n  9.00-12.00 / 14.00-18.00\r\n  Domenica 9.00-12.00.\r\n\r\n  ALTA STAGIONE\r\n- Dal 1° luglio al 31 agosto\r\n  Lunedì e mercoledì\r\n  dalle 9.00 alle 12.00\r\n  Martedì - Giovedì e Venerdì\r\n  9.00-12.00 / 14.00-18.00\r\n  Sabato 9-12 / 14-18\r\n  Domenica 9-12."
            ],
            "fr": [
              "BASSE SAISON\r\n- Du 1er septembre au 30 avril -\r\n  Lundi et Mercredi\r\n  9h -12h \r\n  Mardi - Jeudi et Vendredi\r\n  9h -12h / 14h -16h \r\n\r\n  MOYENNE SAISON\r\n- Du 1er mai au 30 mai -\r\n  Lundi et Mercredi\r\n  9h -12h \r\n  Mardi - Jeudi et Vendredi\r\n  9h -12h / 14h -17h \r\n\r\n- Du 1er juin au 30 juin -\r\n  Lundi et Mercredi\r\n  9h -12h \r\n  Mardi - Jeudi et Vendredi\r\n  9h -12h / 14h -18h \r\n  Dimanche 9-12h.\r\n\r\n  HAUTE SAISON\r\n- Du 1er juillet au 31 août  -\r\n  Lundi et Mercredi\r\n  9h -12h \r\n  Mardi - Jeudi et Vendredi\r\n  9h -12h / 14h -18h \r\n  Samedi 9-12 / 14-18h\r\n  Dimanche 9-12h."
            ],
            "es": [
              "TEMPORADA BAJA\r\n- Del 1 de septiembre al 30 de abril\r\n  Lunes y miércoles\r\n  9h - 12h\r\n  Martes - Jueves y Viernes\r\n  9h -12h / 14h -16h\r\n\r\n  TEMPORADA MEDIA\r\n- Del 1 de mayo al 30 de mayo -\r\n  Lunes y Miércoles\r\n  9h - 12h\r\n  Martes - Jueves y Viernes\r\n  9h -12h / 14h -17h\r\n\r\n- Del 1 de junio al 30 de junio\r\n  Lunes y miércoles\r\n  9h - 12h\r\n  Martes - Jueves y Viernes\r\n  9.00 h - 12.00 h / 14.00 h - 18.00 h\r\n  Domingo de 9.00 a 12.00 h.\r\n\r\n  TEMPORADA ALTA\r\n- Del 1 de julio al 31 de agosto\r\n  Lunes y miércoles\r\n  9h-12h\r\n  Martes - Jueves y Viernes\r\n  9h - 12h / 14h - 18h\r\n  Sábado 9-12 / 14-18h\r\n  Domingo 9-12h."
            ],
            "nl": [
              "LAAG SEIZOEN\r\n- Van 1 september tot 30 april -\r\n  Maandag en woensdag\r\n  9.00 - 12.00 uur\r\n  Dinsdag - donderdag en vrijdag\r\n  9u -12u / 14u -16u\r\n\r\n  MEDIUM SEIZOEN\r\n- Van 1 mei tot 30 mei\r\n  Maandag en woensdag\r\n  9u - 12u\r\n  Dinsdag - donderdag en vrijdag\r\n  9u -12u / 14u -17u\r\n\r\n- Van 1 juni tot 30 juni -\r\n  Maandag en woensdag\r\n  9u - 12u\r\n  Dinsdag - donderdag en vrijdag\r\n  9.00-12.00 uur / 14.00-18.00 uur\r\n  Zondag 9.00-12.00 uur.\r\n\r\n  HOOGSEIZOEN\r\n- Van 1 juli tot 31 augustus\r\n  Maandag en woensdag\r\n  9.00-12.00 uur\r\n  Dinsdag - donderdag en vrijdag\r\n  9-12u / 14-18u\r\n  Zaterdag 9-12 / 14-18u\r\n  Zondag 9-12u."
            ]
          },
          "hasTranslatedProperty": [
            {
              "@id": "https://data.datatourisme.fr/a6796b73-9964-359a-b6af-e1a2c65827ea",
              "dc:contributor": [
                "https://api.deepl.com/v2/translate"
              ],
              "rdf:language": [
                "it"
              ],
              "rdf:predicate": [
                "additionalInformation"
              ]
            },
            {
              "@id": "https://data.datatourisme.fr/a67cef5f-2cdf-3924-b616-a0d98dfc3cd8",
              "dc:contributor": [
                "https://api.deepl.com/v2/translate"
              ],
              "rdf:language": [
                "nl"
              ],
              "rdf:predicate": [
                "additionalInformation"
              ]
            },
            {
              "@id": "https://data.datatourisme.fr/c8f17df7-1665-3c58-b6fa-83017ccb9d13",
              "dc:contributor": [
                "https://api.deepl.com/v2/translate"
              ],
              "rdf:language": [
                "de"
              ],
              "rdf:predicate": [
                "additionalInformation"
              ]
            },
            {
              "@id": "https://data.datatourisme.fr/da3cd819-3a8e-3f7f-aea1-6725c0fcc2a1",
              "dc:contributor": [
                "https://api.deepl.com/v2/translate"
              ],
              "rdf:language": [
                "en"
              ],
              "rdf:predicate": [
                "additionalInformation"
              ]
            },
            {
              "@id": "https://data.datatourisme.fr/ffb18686-3f19-3664-96df-339e5072c3ff",
              "dc:contributor": [
                "https://api.deepl.com/v2/translate"
              ],
              "rdf:language": [
                "es"
              ],
              "rdf:predicate": [
                "additionalInformation"
              ]
            }
          ]
        }
      ],
      "@type": [
        "schema:Place",
        "Place"
      ]
    }
  ],
  "isOwnedBy": [
    {
      "@id": "https://data.datatourisme.fr/4233ea37-c83a-3816-9e2b-c110123bfa4f",
      "schema:email": [
        "tourisme.bruniquel@quercyvertaveyron.fr"
      ],
      "schema:legalName": "Office de Tourisme Quercy Vert-Aveyron",
      "@type": [
        "schema:Organization",
        "foaf:Agent",
        "Agent"
      ],
      "foaf:homepage": [
        "http://www.gorges-aveyron-tourisme.com/"
      ]
    }
  ],
  "lastUpdate": "2023-05-05",
  "lastUpdateDatatourisme": "2023-05-06T05:52:42.956Z"
}