{
  "@id": "https://data.datatourisme.fr/36/da687266-e770-3872-8efc-9ddcd0313856",
  "dc:identifier": "M6511MID06500001",
  "@type": [
    "schema:Bakery",
    "schema:FoodEstablishment",
    "schema:LocalBusiness",
    "Bakery",
    "BoutiqueOrLocalShop",
    "FoodEstablishment",
    "LocalProductsShop",
    "PlaceOfInterest",
    "PointOfInterest",
    "Store"
  ],
  "rdfs:label": {
    "en": [
      "ALIMENTATION DU CIRQUE - VIVAL"
    ],
    "fr": [
      "ALIMENTATION DU CIRQUE - VIVAL"
    ],
    "es": [
      "ALIMENTATION DU CIRQUE - VIVAL"
    ]
  },
  "hasBeenCreatedBy": {
    "@id": "https://data.datatourisme.fr/96e146f9-b74b-38c8-92a2-5fb89aace39d",
    "schema:legalName": "HAUTES PYRENEES TOURISME ENVIRONNEMENT",
    "@type": [
      "schema:Organization",
      "foaf:Agent",
      "Agent"
    ]
  },
  "hasBeenPublishedBy": [
    {
      "@id": "https://data.datatourisme.fr/7d3e58d7-59ca-3925-9fce-9efc8ba1fc49",
      "schema:email": [
        "tourisme-hautes-pyrenees@ha-py.fr"
      ],
      "@type": [
        "foaf:Agent",
        "Agent"
      ]
    }
  ],
  "hasContact": [
    {
      "@id": "https://data.datatourisme.fr/1e9a7e9c-ef02-354b-8399-86c76d22a3c1",
      "schema:address": [
        {
          "@id": "https://data.datatourisme.fr/b6b1efdb-0e4c-32a3-b869-47c5ea85c589",
          "schema:addressLocality": "Gavarnie-Gèdre",
          "schema:postalCode": "65120",
          "schema:streetAddress": [
            "Le village"
          ],
          "@type": [
            "schema:PostalAddress",
            "PostalAddress"
          ],
          "hasAddressCity": {
            "@id": "kb:65192",
            "@type": [
              "City"
            ],
            "rdfs:label": {
              "de": [
                "Gavarnie-Gèdre"
              ],
              "pt": [
                "Gavarnie-Gèdre"
              ],
              "en": [
                "Gavarnie-Gèdre"
              ],
              "it": [
                "Gavarnie-Gèdre"
              ],
              "fr": [
                "Gavarnie-Gèdre"
              ],
              "nl": [
                "Gavarnie-Gèdre"
              ],
              "es": [
                "Gavarnie-Gèdre"
              ]
            },
            "insee": "65192",
            "isPartOfDepartment": {
              "@id": "kb:France7665",
              "@type": [
                "Department"
              ],
              "rdfs:label": {
                "de": [
                  "Hautes-Pyrénées"
                ],
                "pt": [
                  "Hautes-Pyrénées"
                ],
                "en": [
                  "Hautes-Pyrénées"
                ],
                "it": [
                  "Hautes-Pyrénées"
                ],
                "fr": [
                  "Hautes-Pyrénées"
                ],
                "nl": [
                  "Hautes-Pyrénées"
                ],
                "es": [
                  "Hautes-Pyrénées"
                ]
              },
              "insee": "65",
              "isPartOfRegion": {
                "@id": "kb:France76",
                "@type": [
                  "Region"
                ],
                "rdfs:label": {
                  "de": [
                    "Occitanie"
                  ],
                  "pt": [
                    "Occitanie"
                  ],
                  "en": [
                    "Occitanie"
                  ],
                  "it": [
                    "Occitanie"
                  ],
                  "fr": [
                    "Occitanie"
                  ],
                  "nl": [
                    "Occitanie"
                  ],
                  "es": [
                    "Occitanie"
                  ]
                },
                "insee": "76",
                "isPartOfCountry": {
                  "@id": "kb:France",
                  "@type": [
                    "schema:Country"
                  ],
                  "rdfs:label": {
                    "de": [
                      "France",
                      "Frankreich"
                    ],
                    "pt": [
                      "França",
                      "France"
                    ],
                    "en": [
                      "France"
                    ],
                    "it": [
                      "France",
                      "Francia"
                    ],
                    "fr": [
                      "France"
                    ],
                    "nl": [
                      "France",
                      "Frankrijk"
                    ],
                    "es": [
                      "France",
                      "Francia"
                    ]
                  }
                }
              }
            }
          }
        }
      ],
      "schema:legalName": "ALIMENTATION DU CIRQUE - VIVAL",
      "schema:telephone": [
        "+33 5 62 92 46 08"
      ],
      "@type": [
        "schema:Organization",
        "foaf:Agent",
        "Agent"
      ]
    }
  ],
  "hasDescription": [
    {
      "@id": "https://data.datatourisme.fr/d5d3bb3f-6eb9-37bf-a089-d4710ed4051a",
      "dc:description": {
        "de": [
          "Wir befinden uns im Herzen des Dorfes Gavarnie und bieten Ihnen neben allgemeinen Lebensmitteln (Lebensmittel, Frischwaren, Obst und Gemüse, Tiefkühlkost, Drogerieartikel) auch Brot, das den ganzen Tag über vor Ort gebacken wird, Wurstwaren aus unserem Tal, Käse aus den Pyrenäen zum Aufschneiden und regionale Produkte.\nWir bieten auch Bio- und glutenfreie Produkte an.\nBrathähnchen auf Bestellung.\nWährend aller Schulferien sowie im Juni und September 7 Tage die Woche geöffnet.\nFür Winterabende können wir Ihnen Raclettes zubereiten, die Sie am Ende des Tages abholen können\nJährliche Schließung von Anfang November (nach den Ferien) bis Mitte Dezember."
        ],
        "en": [
          "Located in the heart of the village of Gavarnie, we offer you in addition to general food (groceries, fresh products, fruits and vegetables, frozen food, drugstore) bread cooked on the spot all day long, delicatessen of our valley, cheeses of the Pyrenees to the cut, regional products.\nWe also have organic and gluten-free products.\nRoast chickens on order.\nOpen 7 days a week all school holidays as well as June and September.\nFor winter evenings, we can prepare your raclettes to be collected at the end of the day\nAnnual closure from early November (after the holidays) to mid-December."
        ],
        "it": [
          "Situato nel cuore del villaggio di Gavarnie, vi offriamo, oltre a generi alimentari generici (alimentari, prodotti freschi, frutta e verdura, surgelati, farmacia), pane cotto sul posto tutto il giorno, salumi della nostra valle, formaggi dei Pirenei a fette, prodotti regionali.\nAbbiamo anche prodotti biologici e senza glutine.\nPolli arrosto su ordinazione.\nAperto 7 giorni su 7 durante tutte le vacanze scolastiche e nei mesi di giugno e settembre.\nPer le serate invernali, possiamo preparare le vostre raclettes da ritirare a fine giornata\nChiusura annuale da inizio novembre (dopo le feste) a metà dicembre."
        ],
        "fr": [
          "Situés au cœur du village de Gavarnie, nous vous proposons en plus de l'alimentation générale (épicerie, produits frais, fruits et légumes, surgelés, droguerie) du pain cuit sur place toute la journée, de la charcuterie de notre vallée, des fromages des Pyrénées à la coupe, des produits régionaux.\nNous avons aussi des produits bio et sans gluten.\nPoulets rôtis sur commande.\nOuverts 7j/7 toutes les vacances scolaires ainsi que juin et septembre.\nPour les soirées d'hiver, nous pouvons vous préparer vos raclettes à récupérer en fin de journée. \nFermeture annuelle de début novembre (après les vacances) à mi-décembre."
        ],
        "es": [
          "Situado en el corazón del pueblo de Gavarnie, le ofrecemos, además de productos alimenticios en general (ultramarinos, productos frescos, frutas y verduras, congelados, droguería), pan horneado en el momento durante todo el día, charcutería de nuestro valle, quesos de los Pirineos al corte, productos regionales.\nTambién tenemos productos ecológicos y sin gluten.\nPollos asados por encargo.\nAbierto los 7 días de la semana durante todas las vacaciones escolares, así como en junio y septiembre.\nPara las tardes de invierno, podemos preparar sus raclettes para que sean recogidas al final del día\nCierre anual desde principios de noviembre (después de las vacaciones) hasta mediados de diciembre."
        ],
        "nl": [
          "Gelegen in het hart van het dorp Gavarnie, bieden wij u, naast algemene levensmiddelen (kruidenierswaren, verse producten, groenten en fruit, diepvriesproducten, drogisterij), de hele dag door ter plaatse gebakken brood, vleeswaren uit onze vallei, kazen uit de Pyreneeën per plak, regionale producten.\nWe hebben ook biologische en glutenvrije producten.\nGeroosterde kippen op bestelling.\n7 dagen per week geopend, alle schoolvakanties en in juni en september.\nVoor de winteravonden kunnen wij uw raclettes klaarmaken om ze aan het eind van de dag op te halen\nJaarlijkse sluiting van begin november (na de feestdagen) tot half december."
        ]
      },
      "@type": [
        "Description"
      ],
      "hasTranslatedProperty": [
        {
          "@id": "https://data.datatourisme.fr/04d9f526-cb85-3321-92fa-4bc0e429a541",
          "dc:contributor": [
            "https://api.deepl.com/v2/translate"
          ],
          "rdf:language": [
            "de"
          ],
          "rdf:predicate": [
            {
              "@id": "dc:description"
            }
          ]
        },
        {
          "@id": "https://data.datatourisme.fr/4aed11b2-ddad-3225-8479-1257d8472c8a",
          "dc:contributor": [
            "https://api.deepl.com/v2/translate"
          ],
          "rdf:language": [
            "it"
          ],
          "rdf:predicate": [
            {
              "@id": "dc:description"
            }
          ]
        },
        {
          "@id": "https://data.datatourisme.fr/d2b795fb-1fd0-3012-8b95-7e5cc9a95f08",
          "dc:contributor": [
            "https://api.deepl.com/v2/translate"
          ],
          "rdf:language": [
            "es"
          ],
          "rdf:predicate": [
            {
              "@id": "dc:description"
            }
          ]
        },
        {
          "@id": "https://data.datatourisme.fr/d30edf73-34c6-3ce3-97c9-5e2b1c1a157d",
          "dc:contributor": [
            "https://api.deepl.com/v2/translate"
          ],
          "rdf:language": [
            "en"
          ],
          "rdf:predicate": [
            {
              "@id": "dc:description"
            }
          ]
        },
        {
          "@id": "https://data.datatourisme.fr/ebc6a45c-ed3d-3729-bfc0-d20d931507e4",
          "dc:contributor": [
            "https://api.deepl.com/v2/translate"
          ],
          "rdf:language": [
            "nl"
          ],
          "rdf:predicate": [
            {
              "@id": "dc:description"
            }
          ]
        }
      ]
    }
  ],
  "isLocatedAt": [
    {
      "@id": "https://data.datatourisme.fr/adc55d6f-cac0-300e-ba83-ef61cd39552a",
      "schema:address": [
        {
          "@id": "https://data.datatourisme.fr/b6b1efdb-0e4c-32a3-b869-47c5ea85c589",
          "schema:addressLocality": "Gavarnie-Gèdre",
          "schema:postalCode": "65120",
          "schema:streetAddress": [
            "Le village"
          ],
          "@type": [
            "schema:PostalAddress",
            "PostalAddress"
          ],
          "hasAddressCity": {
            "@id": "kb:65192",
            "@type": [
              "City"
            ],
            "rdfs:label": {
              "de": [
                "Gavarnie-Gèdre"
              ],
              "pt": [
                "Gavarnie-Gèdre"
              ],
              "en": [
                "Gavarnie-Gèdre"
              ],
              "it": [
                "Gavarnie-Gèdre"
              ],
              "fr": [
                "Gavarnie-Gèdre"
              ],
              "nl": [
                "Gavarnie-Gèdre"
              ],
              "es": [
                "Gavarnie-Gèdre"
              ]
            },
            "insee": "65192",
            "isPartOfDepartment": {
              "@id": "kb:France7665",
              "@type": [
                "Department"
              ],
              "rdfs:label": {
                "de": [
                  "Hautes-Pyrénées"
                ],
                "pt": [
                  "Hautes-Pyrénées"
                ],
                "en": [
                  "Hautes-Pyrénées"
                ],
                "it": [
                  "Hautes-Pyrénées"
                ],
                "fr": [
                  "Hautes-Pyrénées"
                ],
                "nl": [
                  "Hautes-Pyrénées"
                ],
                "es": [
                  "Hautes-Pyrénées"
                ]
              },
              "insee": "65",
              "isPartOfRegion": {
                "@id": "kb:France76",
                "@type": [
                  "Region"
                ],
                "rdfs:label": {
                  "de": [
                    "Occitanie"
                  ],
                  "pt": [
                    "Occitanie"
                  ],
                  "en": [
                    "Occitanie"
                  ],
                  "it": [
                    "Occitanie"
                  ],
                  "fr": [
                    "Occitanie"
                  ],
                  "nl": [
                    "Occitanie"
                  ],
                  "es": [
                    "Occitanie"
                  ]
                },
                "insee": "76",
                "isPartOfCountry": {
                  "@id": "kb:France",
                  "@type": [
                    "schema:Country"
                  ],
                  "rdfs:label": {
                    "de": [
                      "France",
                      "Frankreich"
                    ],
                    "pt": [
                      "França",
                      "France"
                    ],
                    "en": [
                      "France"
                    ],
                    "it": [
                      "France",
                      "Francia"
                    ],
                    "fr": [
                      "France"
                    ],
                    "nl": [
                      "France",
                      "Frankrijk"
                    ],
                    "es": [
                      "France",
                      "Francia"
                    ]
                  }
                }
              }
            }
          }
        }
      ],
      "schema:geo": {
        "@id": "https://data.datatourisme.fr/454908f0-77bc-3f92-9815-50d185ee7222",
        "schema:latitude": "42.7329469",
        "schema:longitude": "-0.0095647",
        "@type": [
          "schema:GeoCoordinates"
        ]
      },
      "schema:openingHoursSpecification": [
        {
          "@id": "https://data.datatourisme.fr/36aabc04-e893-378b-9c9a-c0118421c36f",
          "schema:dayOfWeek": [
            {
              "@id": "schema:Friday",
              "@type": [
                "schema:DayOfWeek"
              ],
              "rdfs:label": {
                "de": [
                  "Freitag"
                ],
                "pt": [
                  "Sexta-feira"
                ],
                "en": [
                  "Friday"
                ],
                "it": [
                  "Venerdì"
                ],
                "fr": [
                  "Vendredi"
                ],
                "nl": [
                  "Vrijdag"
                ],
                "es": [
                  "Viernes"
                ]
              }
            },
            {
              "@id": "schema:Monday",
              "@type": [
                "schema:DayOfWeek"
              ],
              "rdfs:label": {
                "de": [
                  "Montag"
                ],
                "pt": [
                  "Segunda-feira"
                ],
                "en": [
                  "Monday"
                ],
                "it": [
                  "Lunedì"
                ],
                "fr": [
                  "Lundi"
                ],
                "nl": [
                  "Maandag"
                ],
                "es": [
                  "Lunes"
                ]
              }
            },
            {
              "@id": "schema:Saturday",
              "@type": [
                "schema:DayOfWeek"
              ],
              "rdfs:label": {
                "de": [
                  "Samstag"
                ],
                "pt": [
                  "Sábado"
                ],
                "en": [
                  "Saturday"
                ],
                "it": [
                  "Sabato"
                ],
                "fr": [
                  "Samedi"
                ],
                "nl": [
                  "Zaterdag"
                ],
                "es": [
                  "Sábado"
                ]
              }
            },
            {
              "@id": "schema:Sunday",
              "@type": [
                "schema:DayOfWeek"
              ],
              "rdfs:label": {
                "de": [
                  "Sonntag"
                ],
                "pt": [
                  "Domingo"
                ],
                "en": [
                  "Sunday"
                ],
                "it": [
                  "Domenica"
                ],
                "fr": [
                  "Dimanche"
                ],
                "nl": [
                  "Zondag"
                ],
                "es": [
                  "Domingo"
                ]
              }
            },
            {
              "@id": "schema:Thursday",
              "@type": [
                "schema:DayOfWeek"
              ],
              "rdfs:label": {
                "de": [
                  "Donnerstag"
                ],
                "pt": [
                  "Quinta-feira"
                ],
                "en": [
                  "Thursday"
                ],
                "it": [
                  "Giovedì"
                ],
                "fr": [
                  "Jeudi"
                ],
                "es": [
                  "Jueves"
                ],
                "nl": [
                  "Donderdag"
                ]
              }
            }
          ],
          "schema:validFrom": "2023-03-09T00:00:00",
          "schema:validThrough": "2023-03-19T00:00:00",
          "@type": [
            "schema:OpeningHoursSpecification"
          ]
        },
        {
          "@id": "https://data.datatourisme.fr/56655e0b-0682-3b56-8549-27f78785c89b",
          "schema:dayOfWeek": [
            {
              "@id": "schema:Friday",
              "@type": [
                "schema:DayOfWeek"
              ],
              "rdfs:label": {
                "de": [
                  "Freitag"
                ],
                "pt": [
                  "Sexta-feira"
                ],
                "en": [
                  "Friday"
                ],
                "it": [
                  "Venerdì"
                ],
                "fr": [
                  "Vendredi"
                ],
                "nl": [
                  "Vrijdag"
                ],
                "es": [
                  "Viernes"
                ]
              }
            },
            {
              "@id": "schema:Monday",
              "@type": [
                "schema:DayOfWeek"
              ],
              "rdfs:label": {
                "de": [
                  "Montag"
                ],
                "pt": [
                  "Segunda-feira"
                ],
                "en": [
                  "Monday"
                ],
                "it": [
                  "Lunedì"
                ],
                "fr": [
                  "Lundi"
                ],
                "nl": [
                  "Maandag"
                ],
                "es": [
                  "Lunes"
                ]
              }
            },
            {
              "@id": "schema:Saturday",
              "@type": [
                "schema:DayOfWeek"
              ],
              "rdfs:label": {
                "de": [
                  "Samstag"
                ],
                "pt": [
                  "Sábado"
                ],
                "en": [
                  "Saturday"
                ],
                "it": [
                  "Sabato"
                ],
                "fr": [
                  "Samedi"
                ],
                "nl": [
                  "Zaterdag"
                ],
                "es": [
                  "Sábado"
                ]
              }
            },
            {
              "@id": "schema:Sunday",
              "@type": [
                "schema:DayOfWeek"
              ],
              "rdfs:label": {
                "de": [
                  "Sonntag"
                ],
                "pt": [
                  "Domingo"
                ],
                "en": [
                  "Sunday"
                ],
                "it": [
                  "Domenica"
                ],
                "fr": [
                  "Dimanche"
                ],
                "nl": [
                  "Zondag"
                ],
                "es": [
                  "Domingo"
                ]
              }
            },
            {
              "@id": "schema:Thursday",
              "@type": [
                "schema:DayOfWeek"
              ],
              "rdfs:label": {
                "de": [
                  "Donnerstag"
                ],
                "pt": [
                  "Quinta-feira"
                ],
                "en": [
                  "Thursday"
                ],
                "it": [
                  "Giovedì"
                ],
                "fr": [
                  "Jeudi"
                ],
                "es": [
                  "Jueves"
                ],
                "nl": [
                  "Donderdag"
                ]
              }
            },
            {
              "@id": "schema:Tuesday",
              "@type": [
                "schema:DayOfWeek"
              ],
              "rdfs:label": {
                "de": [
                  "Dienstag"
                ],
                "pt": [
                  "Terça-feira"
                ],
                "en": [
                  "Tuesday"
                ],
                "it": [
                  "Martedì"
                ],
                "fr": [
                  "Mardi"
                ],
                "es": [
                  "Martes"
                ],
                "nl": [
                  "Dinsdag"
                ]
              }
            },
            {
              "@id": "schema:Wednesday",
              "@type": [
                "schema:DayOfWeek"
              ],
              "rdfs:label": {
                "de": [
                  "Mittwoch"
                ],
                "pt": [
                  "Quarta-feira"
                ],
                "en": [
                  "Wednesday"
                ],
                "it": [
                  "Mercoledì"
                ],
                "fr": [
                  "Mercredi"
                ],
                "nl": [
                  "Woensdag"
                ],
                "es": [
                  "Miércoles"
                ]
              }
            }
          ],
          "schema:validFrom": "2023-02-06T00:00:00",
          "schema:validThrough": "2023-03-05T00:00:00",
          "@type": [
            "schema:OpeningHoursSpecification"
          ]
        },
        {
          "@id": "https://data.datatourisme.fr/97546955-eaed-3d59-bee0-9a8fb182cc59",
          "schema:validFrom": "2023-03-31T00:00:00",
          "schema:validThrough": "2023-10-29T00:00:00",
          "@type": [
            "schema:OpeningHoursSpecification"
          ]
        },
        {
          "@id": "https://data.datatourisme.fr/ce9cc83d-a78a-361e-8d83-6f9340706369",
          "schema:dayOfWeek": [
            {
              "@id": "schema:Friday",
              "@type": [
                "schema:DayOfWeek"
              ],
              "rdfs:label": {
                "de": [
                  "Freitag"
                ],
                "pt": [
                  "Sexta-feira"
                ],
                "en": [
                  "Friday"
                ],
                "it": [
                  "Venerdì"
                ],
                "fr": [
                  "Vendredi"
                ],
                "nl": [
                  "Vrijdag"
                ],
                "es": [
                  "Viernes"
                ]
              }
            },
            {
              "@id": "schema:Monday",
              "@type": [
                "schema:DayOfWeek"
              ],
              "rdfs:label": {
                "de": [
                  "Montag"
                ],
                "pt": [
                  "Segunda-feira"
                ],
                "en": [
                  "Monday"
                ],
                "it": [
                  "Lunedì"
                ],
                "fr": [
                  "Lundi"
                ],
                "nl": [
                  "Maandag"
                ],
                "es": [
                  "Lunes"
                ]
              }
            },
            {
              "@id": "schema:Saturday",
              "@type": [
                "schema:DayOfWeek"
              ],
              "rdfs:label": {
                "de": [
                  "Samstag"
                ],
                "pt": [
                  "Sábado"
                ],
                "en": [
                  "Saturday"
                ],
                "it": [
                  "Sabato"
                ],
                "fr": [
                  "Samedi"
                ],
                "nl": [
                  "Zaterdag"
                ],
                "es": [
                  "Sábado"
                ]
              }
            },
            {
              "@id": "schema:Sunday",
              "@type": [
                "schema:DayOfWeek"
              ],
              "rdfs:label": {
                "de": [
                  "Sonntag"
                ],
                "pt": [
                  "Domingo"
                ],
                "en": [
                  "Sunday"
                ],
                "it": [
                  "Domenica"
                ],
                "fr": [
                  "Dimanche"
                ],
                "nl": [
                  "Zondag"
                ],
                "es": [
                  "Domingo"
                ]
              }
            },
            {
              "@id": "schema:Thursday",
              "@type": [
                "schema:DayOfWeek"
              ],
              "rdfs:label": {
                "de": [
                  "Donnerstag"
                ],
                "pt": [
                  "Quinta-feira"
                ],
                "en": [
                  "Thursday"
                ],
                "it": [
                  "Giovedì"
                ],
                "fr": [
                  "Jeudi"
                ],
                "es": [
                  "Jueves"
                ],
                "nl": [
                  "Donderdag"
                ]
              }
            },
            {
              "@id": "schema:Wednesday",
              "@type": [
                "schema:DayOfWeek"
              ],
              "rdfs:label": {
                "de": [
                  "Mittwoch"
                ],
                "pt": [
                  "Quarta-feira"
                ],
                "en": [
                  "Wednesday"
                ],
                "it": [
                  "Mercoledì"
                ],
                "fr": [
                  "Mercredi"
                ],
                "nl": [
                  "Woensdag"
                ],
                "es": [
                  "Miércoles"
                ]
              }
            }
          ],
          "schema:validFrom": "2023-01-02T00:00:00",
          "schema:validThrough": "2023-02-05T00:00:00",
          "@type": [
            "schema:OpeningHoursSpecification"
          ]
        }
      ],
      "@type": [
        "schema:Place",
        "Place"
      ],
      "altInsee": [
        "GAVARNIE"
      ],
      "petsAllowed": false
    }
  ],
  "lastUpdate": "2023-03-09",
  "lastUpdateDatatourisme": "2023-04-14T03:10:34.249Z",
  "offers": [
    {
      "@id": "https://data.datatourisme.fr/5f538d9e-9fbf-3fc4-9aad-dd66c38794c7",
      "schema:acceptedPaymentMethod": [
        {
          "@id": "kb:BlueCard",
          "@type": [
            "schema:PaymentMethod"
          ],
          "rdfs:label": {
            "de": [
              "Carte bleue"
            ],
            "pt": [
              "Cartão de pagamento (Carte bleue)"
            ],
            "en": [
              "Blue card"
            ],
            "it": [
              "Carta blu"
            ],
            "fr": [
              "Carte bleue"
            ],
            "es": [
              "Tarjeta bancaria"
            ],
            "nl": [
              "Carte Bleue"
            ]
          }
        },
        {
          "@id": "kb:Cash",
          "@type": [
            "schema:PaymentMethod"
          ],
          "rdfs:label": {
            "de": [
              "Art"
            ],
            "pt": [
              "Espécie"
            ],
            "en": [
              "Cash"
            ],
            "it": [
              "Contanti"
            ],
            "fr": [
              "Espèce"
            ],
            "es": [
              "Especie"
            ],
            "nl": [
              "Contant"
            ]
          }
        },
        {
          "@id": "kb:Check",
          "@type": [
            "schema:PaymentMethod"
          ],
          "rdfs:label": {
            "de": [
              "Scheck"
            ],
            "pt": [
              "Cheque"
            ],
            "en": [
              "Check"
            ],
            "it": [
              "Assegno"
            ],
            "fr": [
              "Chèque"
            ],
            "nl": [
              "Cheque"
            ],
            "es": [
              "Cheque"
            ]
          }
        },
        {
          "@id": "kb:CreditCards",
          "@type": [
            "schema:PaymentMethod"
          ],
          "rdfs:label": {
            "de": [
              "Bankkarten"
            ],
            "pt": [
              "Cartões bancários"
            ],
            "en": [
              "Credit Cards"
            ],
            "it": [
              "Carte bancarie"
            ],
            "fr": [
              "Cartes bancaires"
            ],
            "es": [
              "Tarjetas bancarias"
            ],
            "nl": [
              "Bankkaarten"
            ]
          }
        }
      ],
      "@type": [
        "schema:Offer",
        "Offer"
      ]
    }
  ],
  "reducedMobilityAccess": true
}