{
  "@id": "https://data.datatourisme.fr/13/e3230853-e09f-352a-bc37-e6a75cac601d",
  "dc:identifier": "3919916",
  "schema:endDate": [
    "2023-10-31"
  ],
  "schema:startDate": [
    "2023-04-25"
  ],
  "@type": [
    "schema:Event",
    "schema:SaleEvent",
    "EntertainmentAndEvent",
    "Market",
    "PointOfInterest",
    "SaleEvent"
  ],
  "rdfs:comment": {
    "de": [
      "Bauernmarkt am Sonntagmorgen von Mai bis Oktober."
    ],
    "en": [
      "Peasant market, every Sunday morning from May to October."
    ],
    "it": [
      "Mercato agricolo della domenica mattina nella piazza del paese, da maggio a ottobre."
    ],
    "fr": [
      "Marché paysan du dimanche matin sur la Place du Village, de mai à octobre."
    ],
    "nl": [
      "Zondagochtend boerenmarkt op het dorpsplein, van mei tot oktober."
    ],
    "es": [
      "Mercado de agricultores los domingos por la mañana en la plaza del pueblo, de mayo a octubre."
    ]
  },
  "rdfs:label": {
    "de": [
      "Bauernmarkt in Saint-Martin-de-la-Brasque"
    ],
    "ru": [
      "Marché Paysan de Saint-Martin-de-la-Brasque"
    ],
    "en": [
      "Farmers' Market of Saint-Martin-de-la-Brasque"
    ],
    "it": [
      "Marché Paysan de Saint-Martin-de-la-Brasque"
    ],
    "fr": [
      "Marché Paysan de Saint-Martin-de-la-Brasque"
    ],
    "es": [
      "Mercado de agricultores de Saint-Martin-de-la-Brasque"
    ],
    "zh": [
      "Marché Paysan de Saint-Martin-de-la-Brasque"
    ],
    "nl": [
      "Boerenmarkt in Saint-Martin-de-la-Brasque"
    ]
  },
  "hasBeenCreatedBy": {
    "@id": "https://data.datatourisme.fr/13/2bd7f907-b7f5-36bb-9918-22c0c7b835f6",
    "dc:identifier": "1389",
    "schema:email": [
      "anne@luberon-sud-tourisme.fr",
      "dorine@luberon-sud-tourisme.fr",
      "emma@luberon-sud-tourisme.fr",
      "fanny@luberon-sud-tourisme.fr",
      "marie-claire@luberon-sud-tourisme.fr",
      "marie@luberon-sud-tourisme.fr",
      "stephane@luberon-sud-tourisme.fr"
    ],
    "schema:legalName": "Luberon Sud Tourisme",
    "@type": [
      "schema:Organization",
      "foaf:Agent",
      "Agent"
    ],
    "foaf:homepage": [
      "https://www.luberon-sud-tourisme.fr/"
    ]
  },
  "hasBeenPublishedBy": [
    {
      "@id": "https://data.datatourisme.fr/8a9feb4b-2cbd-3d2c-b507-bd6c6776b23b",
      "schema:legalName": "Apidae Tourisme Scic SA - source : Apidae Tourisme",
      "@type": [
        "schema:Organization",
        "foaf:Agent",
        "Agent"
      ],
      "foaf:homepage": [
        "https://www.apidae-tourisme.com/"
      ]
    }
  ],
  "hasContact": [
    {
      "@id": "https://data.datatourisme.fr/d374b527-2277-35c0-807a-55de26056a40",
      "schema:email": [
        "jp.chanial@laposte.net"
      ],
      "schema:telephone": [
        "+33 4 90 77 60 27",
        "+33 6 11 59 24 39"
      ],
      "@type": [
        "foaf:Agent",
        "Agent"
      ],
      "foaf:homepage": [
        "http://www.saintmartindelabrasque.com/"
      ]
    }
  ],
  "hasDescription": [
    {
      "@id": "https://data.datatourisme.fr/f392946c-8148-34b9-9810-3e995e382a59",
      "@type": [
        "Description"
      ],
      "hasTranslatedProperty": [
        {
          "@id": "https://data.datatourisme.fr/33bb2944-63a0-31c2-a17f-d623b40d0a70",
          "dc:contributor": [
            "https://api.deepl.com/v2/translate"
          ],
          "rdf:language": [
            "it"
          ],
          "rdf:predicate": [
            "shortDescription"
          ]
        },
        {
          "@id": "https://data.datatourisme.fr/35947cb5-fede-3df0-84c9-8c1ddf32226f",
          "dc:contributor": [
            "https://api.deepl.com/v2/translate"
          ],
          "rdf:language": [
            "nl"
          ],
          "rdf:predicate": [
            "shortDescription"
          ]
        },
        {
          "@id": "https://data.datatourisme.fr/54540ac9-3edd-377c-aea7-4f03a4847809",
          "dc:contributor": [
            "https://api.deepl.com/v2/translate"
          ],
          "rdf:language": [
            "es"
          ],
          "rdf:predicate": [
            "shortDescription"
          ]
        }
      ],
      "shortDescription": {
        "de": [
          "Bauernmarkt am Sonntagmorgen von Mai bis Oktober."
        ],
        "en": [
          "Peasant market, every Sunday morning from May to October."
        ],
        "it": [
          "Mercato agricolo della domenica mattina nella piazza del paese, da maggio a ottobre."
        ],
        "fr": [
          "Marché paysan du dimanche matin sur la Place du Village, de mai à octobre."
        ],
        "nl": [
          "Zondagochtend boerenmarkt op het dorpsplein, van mei tot oktober."
        ],
        "es": [
          "Mercado de agricultores los domingos por la mañana en la plaza del pueblo, de mayo a octubre."
        ]
      }
    }
  ],
  "hasTranslatedProperty": [
    {
      "@id": "https://data.datatourisme.fr/58cfccd1-5521-38a3-907b-607c77058844",
      "dc:contributor": [
        "https://api.deepl.com/v2/translate"
      ],
      "rdf:language": [
        "nl"
      ],
      "rdf:predicate": [
        {
          "@id": "rdfs:comment"
        }
      ]
    },
    {
      "@id": "https://data.datatourisme.fr/a1ad9f27-3228-3a8a-9fe8-5fb6535254e6",
      "dc:contributor": [
        "https://api.deepl.com/v2/translate"
      ],
      "rdf:language": [
        "es"
      ],
      "rdf:predicate": [
        {
          "@id": "rdfs:comment"
        }
      ]
    },
    {
      "@id": "https://data.datatourisme.fr/ab403a10-08c5-3537-941e-40323c0ae714",
      "dc:contributor": [
        "https://api.deepl.com/v2/translate"
      ],
      "rdf:language": [
        "it"
      ],
      "rdf:predicate": [
        {
          "@id": "rdfs:comment"
        }
      ]
    }
  ],
  "isLocatedAt": [
    {
      "@id": "https://data.datatourisme.fr/f593750e-4cc7-324e-a202-9355a9e598d3",
      "schema:address": [
        {
          "@id": "https://data.datatourisme.fr/155ceb75-fc79-31d1-ae3a-2af6f1e7be83",
          "schema:addressLocality": "Saint-Martin-de-la-Brasque",
          "schema:postalCode": "84760",
          "@type": [
            "schema:PostalAddress",
            "PostalAddress"
          ],
          "hasAddressCity": {
            "@id": "kb:84113",
            "@type": [
              "City"
            ],
            "rdfs:label": {
              "de": [
                "Saint-Martin-de-la-Brasque"
              ],
              "pt": [
                "Saint-Martin-de-la-Brasque"
              ],
              "en": [
                "Saint-Martin-de-la-Brasque"
              ],
              "it": [
                "Saint-Martin-de-la-Brasque"
              ],
              "fr": [
                "Saint-Martin-de-la-Brasque"
              ],
              "nl": [
                "Saint-Martin-de-la-Brasque"
              ],
              "es": [
                "Saint-Martin-de-la-Brasque"
              ]
            },
            "insee": "84113",
            "isPartOfDepartment": {
              "@id": "kb:France9384",
              "@type": [
                "Department"
              ],
              "rdfs:label": {
                "de": [
                  "Vaucluse"
                ],
                "pt": [
                  "Vaucluse"
                ],
                "en": [
                  "Vaucluse"
                ],
                "it": [
                  "Vaucluse"
                ],
                "fr": [
                  "Vaucluse"
                ],
                "nl": [
                  "Vaucluse"
                ],
                "es": [
                  "Vaucluse"
                ]
              },
              "insee": "84",
              "isPartOfRegion": {
                "@id": "kb:France93",
                "@type": [
                  "Region"
                ],
                "rdfs:label": {
                  "de": [
                    "Provence-Alpes-Côte d'Azur"
                  ],
                  "pt": [
                    "Provence-Alpes-Côte d'Azur"
                  ],
                  "en": [
                    "Provence-Alpes-Côte d'Azur"
                  ],
                  "it": [
                    "Provence-Alpes-Côte d'Azur"
                  ],
                  "fr": [
                    "Provence-Alpes-Côte d'Azur"
                  ],
                  "nl": [
                    "Provence-Alpes-Côte d'Azur"
                  ],
                  "es": [
                    "Provence-Alpes-Côte d'Azur"
                  ]
                },
                "insee": "93",
                "isPartOfCountry": {
                  "@id": "kb:France",
                  "@type": [
                    "schema:Country"
                  ],
                  "rdfs:label": {
                    "de": [
                      "France",
                      "Frankreich"
                    ],
                    "pt": [
                      "França",
                      "France"
                    ],
                    "en": [
                      "France"
                    ],
                    "it": [
                      "France",
                      "Francia"
                    ],
                    "fr": [
                      "France"
                    ],
                    "nl": [
                      "France",
                      "Frankrijk"
                    ],
                    "es": [
                      "France",
                      "Francia"
                    ]
                  }
                }
              }
            }
          }
        }
      ],
      "schema:geo": {
        "@id": "https://data.datatourisme.fr/2bd6cef2-c3c7-3b54-8863-d63200b4da31",
        "schema:latitude": "43.769765",
        "schema:longitude": "5.535882",
        "@type": [
          "schema:GeoCoordinates"
        ]
      },
      "schema:openingHoursSpecification": [
        {
          "@id": "https://data.datatourisme.fr/db8d98fa-6048-32f0-ac74-5246b59237a1",
          "schema:closes": "13:00:00",
          "schema:opens": "08:00:00",
          "schema:validFrom": "2023-04-25T00:00:00",
          "schema:validThrough": "2023-10-31T23:59:59",
          "@type": [
            "schema:OpeningHoursSpecification"
          ]
        }
      ],
      "@type": [
        "schema:Place",
        "Place"
      ]
    }
  ],
  "isOwnedBy": [
    {
      "@id": "https://data.datatourisme.fr/2c49ec3b-5589-3341-8eb6-dc211cae4a89",
      "schema:email": [
        "anne@luberon-sud-tourisme.fr",
        "dorine@luberon-sud-tourisme.fr",
        "fanny@luberon-sud-tourisme.fr",
        "marie@luberon-sud-tourisme.fr",
        "stephane@luberon-sud-tourisme.fr"
      ],
      "schema:legalName": "Luberon Sud Tourisme",
      "@type": [
        "schema:Organization",
        "foaf:Agent",
        "Agent"
      ],
      "foaf:homepage": [
        "https://www.luberon-sud-tourisme.fr/"
      ]
    }
  ],
  "lastUpdate": "2023-04-11",
  "lastUpdateDatatourisme": "2023-04-12T06:05:29.216Z",
  "takesPlaceAt": [
    {
      "@id": "https://data.datatourisme.fr/0a2187bb-63b1-3389-aa1e-fe6147bae418",
      "@type": [
        "Period",
        "RecurrentPeriod"
      ],
      "appliesOnDay": [
        {
          "@id": "schema:Sunday",
          "@type": [
            "schema:DayOfWeek"
          ],
          "rdfs:label": {
            "de": [
              "Sonntag"
            ],
            "pt": [
              "Domingo"
            ],
            "en": [
              "Sunday"
            ],
            "it": [
              "Domenica"
            ],
            "fr": [
              "Dimanche"
            ],
            "nl": [
              "Zondag"
            ],
            "es": [
              "Domingo"
            ]
          }
        }
      ],
      "endDate": "2023-10-31",
      "endTime": "13:00:00",
      "startDate": "2023-04-25",
      "startTime": "08:00:00"
    }
  ]
}