{
  "@id": "https://data.datatourisme.fr/49/dffeee07-f620-32c1-87b0-25af56774f5f",
  "dc:identifier": "RESPDL072V50RKJO",
  "@type": [
    "schema:FastFoodRestaurant",
    "schema:FoodEstablishment",
    "schema:Restaurant",
    "FastFoodRestaurant",
    "FoodEstablishment",
    "PlaceOfInterest",
    "PointOfInterest",
    "Restaurant"
  ],
  "rdfs:label": {
    "fr": [
      "NEW CALIF"
    ]
  },
  "creationDate": "2021-11-08",
  "hasBeenCreatedBy": {
    "@id": "https://data.datatourisme.fr/cb37ecba-e500-37e7-b601-64f9b1ef5b04",
    "schema:email": [
      "b.paulmyer@solutions-eco.fr"
    ],
    "schema:legalName": "eSPRIT Pays de la Loire",
    "@type": [
      "schema:Organization",
      "foaf:Agent",
      "Agent"
    ],
    "foaf:homepage": [
      "https://www.solutions-pro-tourisme-paysdelaloire.fr/"
    ]
  },
  "hasBeenPublishedBy": [
    {
      "@id": "https://data.datatourisme.fr/cb37ecba-e500-37e7-b601-64f9b1ef5b04",
      "schema:email": [
        "b.paulmyer@solutions-eco.fr"
      ],
      "schema:legalName": "eSPRIT Pays de la Loire",
      "@type": [
        "schema:Organization",
        "foaf:Agent",
        "Agent"
      ],
      "foaf:homepage": [
        "https://www.solutions-pro-tourisme-paysdelaloire.fr/"
      ]
    }
  ],
  "hasContact": [
    {
      "@id": "https://data.datatourisme.fr/22433f73-9b6c-3495-8749-c089faae9ef7",
      "schema:telephone": [
        "+33 2 43 33 53 13"
      ],
      "@type": [
        "foaf:Agent",
        "Agent"
      ]
    }
  ],
  "hasDescription": [
    {
      "@id": "https://data.datatourisme.fr/5f3f1260-d3e0-3d24-826d-b887469139d6",
      "dc:description": {
        "de": [
          "Schnellrestaurants: Paninis, Kebabs, Sandwiches, Hamburger, Tacos\ngeöffnet Montag, Dienstag, Donnerstag ,Freitag, Samstag von 11:30 bis 14:00 Uhr und von 18:00 bis 22:00 Uhr\nsonntag von 18:00 bis 22:00\nvor Ort oder zum Mitnehmen"
        ],
        "en": [
          "Fast food : paninis, kebabs, sandwiches, hamburgers, tacos\nopen monday, tuesday, thursday, friday, saturday from 11:30am to 2pm and from 6pm to 10pm\nsunday from 18:00 to 22:00\non the spot or to take away"
        ],
        "it": [
          "Fast food: panini, kebab, tramezzini, hamburger, tacos\naperto lunedì, martedì, giovedì, venerdì, sabato dalle 11.30 alle 14.00 e dalle 18.00 alle 22.00\ndomenica dalle 18:00 alle 22:00\nsul posto o di portare via"
        ],
        "fr": [
          "Restauration rapide : paninis, kebabs, sandwichs, hamburgers, tacos\nouvert lundi, mardi, jeudi ,vendredi, samedi de 11h30 à 14h et de 18h à 22h\t\ndimanche de 18:00 à 22:00\nsur place ou à emporter"
        ],
        "nl": [
          "Fast food: panini's, kebab, broodjes, hamburgers, taco's\ngeopend op maandag, dinsdag, donderdag, vrijdag en zaterdag van 11.30 tot 14.00 uur en van 18.00 tot 22.00 uur\nzondag van 18:00 tot 22:00\nter plaatse of om mee te nemen"
        ],
        "es": [
          "Comida rápida: paninis, kebabs, sándwiches, hamburguesas, tacos\nabierto lunes, martes, jueves, viernes y sábado de 11:30 a 14:00 y de 18:00 a 22:00\ndomingo de 18:00 a 22:00\nen el lugar o para llevarse"
        ]
      },
      "@type": [
        "Description"
      ],
      "hasTranslatedProperty": [
        {
          "@id": "https://data.datatourisme.fr/356b9dcc-0309-3ff3-8642-b9a565c7db88",
          "dc:contributor": [
            "https://api.deepl.com/v2/translate"
          ],
          "rdf:language": [
            "de"
          ],
          "rdf:predicate": [
            {
              "@id": "dc:description"
            }
          ]
        },
        {
          "@id": "https://data.datatourisme.fr/394fbf2d-5ce1-3e59-9261-2e67438c6389",
          "dc:contributor": [
            "https://api.deepl.com/v2/translate"
          ],
          "rdf:language": [
            "en"
          ],
          "rdf:predicate": [
            {
              "@id": "dc:description"
            }
          ]
        },
        {
          "@id": "https://data.datatourisme.fr/450953b4-ad41-3afb-875e-5e5208a8e1bd",
          "dc:contributor": [
            "https://api.deepl.com/v2/translate"
          ],
          "rdf:language": [
            "es"
          ],
          "rdf:predicate": [
            {
              "@id": "dc:description"
            }
          ]
        },
        {
          "@id": "https://data.datatourisme.fr/60a66846-3644-3d0c-94ae-a99bcf241945",
          "dc:contributor": [
            "https://api.deepl.com/v2/translate"
          ],
          "rdf:language": [
            "nl"
          ],
          "rdf:predicate": [
            {
              "@id": "dc:description"
            }
          ]
        },
        {
          "@id": "https://data.datatourisme.fr/f34f8af9-c60f-3750-934d-485a86a3d3f8",
          "dc:contributor": [
            "https://api.deepl.com/v2/translate"
          ],
          "rdf:language": [
            "it"
          ],
          "rdf:predicate": [
            {
              "@id": "dc:description"
            }
          ]
        }
      ]
    }
  ],
  "isLocatedAt": [
    {
      "@id": "https://data.datatourisme.fr/310e49e9-a381-3f3c-81e1-943781c5cc80",
      "schema:address": [
        {
          "@id": "https://data.datatourisme.fr/ce315cf5-19b4-3bc0-9bd3-7495dab52592",
          "schema:addressLocality": "Saint-Cosme-en-Vairais",
          "schema:postalCode": "72110",
          "schema:streetAddress": [
            "41 RUE NATIONALE"
          ],
          "@type": [
            "schema:PostalAddress",
            "PostalAddress"
          ],
          "hasAddressCity": {
            "@id": "kb:72276",
            "@type": [
              "City"
            ],
            "rdfs:label": {
              "de": [
                "Saint-Cosme-en-Vairais"
              ],
              "pt": [
                "Saint-Cosme-en-Vairais"
              ],
              "en": [
                "Saint-Cosme-en-Vairais"
              ],
              "it": [
                "Saint-Cosme-en-Vairais"
              ],
              "fr": [
                "Saint-Cosme-en-Vairais"
              ],
              "nl": [
                "Saint-Cosme-en-Vairais"
              ],
              "es": [
                "Saint-Cosme-en-Vairais"
              ]
            },
            "insee": "72276",
            "isPartOfDepartment": {
              "@id": "kb:France5272",
              "@type": [
                "Department"
              ],
              "rdfs:label": {
                "de": [
                  "Sarthe"
                ],
                "pt": [
                  "Sarthe"
                ],
                "en": [
                  "Sarthe"
                ],
                "it": [
                  "Sarthe"
                ],
                "fr": [
                  "Sarthe"
                ],
                "nl": [
                  "Sarthe"
                ],
                "es": [
                  "Sarthe"
                ]
              },
              "insee": "72",
              "isPartOfRegion": {
                "@id": "kb:France52",
                "@type": [
                  "Region"
                ],
                "rdfs:label": {
                  "de": [
                    "Pays de la Loire"
                  ],
                  "pt": [
                    "Pays de la Loire"
                  ],
                  "en": [
                    "Pays de la Loire"
                  ],
                  "it": [
                    "Pays de la Loire"
                  ],
                  "fr": [
                    "Pays de la Loire"
                  ],
                  "nl": [
                    "Pays de la Loire"
                  ],
                  "es": [
                    "Pays de la Loire"
                  ]
                },
                "insee": "52",
                "isPartOfCountry": {
                  "@id": "kb:France",
                  "@type": [
                    "schema:Country"
                  ],
                  "rdfs:label": {
                    "de": [
                      "France",
                      "Frankreich"
                    ],
                    "pt": [
                      "França",
                      "France"
                    ],
                    "en": [
                      "France"
                    ],
                    "it": [
                      "France",
                      "Francia"
                    ],
                    "fr": [
                      "France"
                    ],
                    "nl": [
                      "France",
                      "Frankrijk"
                    ],
                    "es": [
                      "France",
                      "Francia"
                    ]
                  }
                }
              }
            }
          }
        }
      ],
      "schema:geo": {
        "@id": "https://data.datatourisme.fr/5f95ec3e-3f78-3d82-90cf-ae4fc468d9dc",
        "schema:latitude": "48.2735007",
        "schema:longitude": "0.46016742",
        "@type": [
          "schema:GeoCoordinates"
        ]
      },
      "@type": [
        "schema:Place",
        "Place"
      ]
    }
  ],
  "lastUpdate": "2022-03-10",
  "lastUpdateDatatourisme": "2023-02-05T01:22:05.212Z"
}