{
  "@id": "https://data.datatourisme.fr/13/86446dd4-1cfe-33e9-91ce-47e54af5ba45",
  "dc:identifier": "5860643",
  "@type": [
    "schema:LocalBusiness",
    "schema:Product",
    "EquipmentRental",
    "EquipmentRentalShop",
    "PlaceOfInterest",
    "PointOfInterest",
    "Product",
    "Rental",
    "ServiceProvider",
    "Store"
  ],
  "rdfs:comment": {
    "de": [
      "Die Station Bee?s Verdon befindet sich in Saint Laurent du Verdon, am Rande des hochwertigen Campingplatzes \"La Farigoulette - Ciela Village\". Entdecken Sie den Verdon, die Alpes de Haute Provence und das Haut Var mit dem Elektrofahrrad!"
    ],
    "en": [
      "The Stations Bee's Verdon is located in Saint Laurent du Verdon, near the La Farigoulette - Ciela Village Camp Site to discover the Verdon, The Alpes de Haute Provence and the Haut Var by ebikes."
    ],
    "it": [
      "La stazione Bee's Verdon si trova a Saint Laurent du Verdon, vicino al campeggio di lusso \"La Farigoulette - Ciela Village\", per scoprire il Verdon, le Alpi dell'Alta Provenza e l'Haut Var in bicicletta elettrica!"
    ],
    "fr": [
      "La Station Bee’s Verdon est installée à Saint Laurent du Verdon, aux abords du camping haut de gamme \"La Farigoulette - Ciela Village\" pour une découverte du Verdon, des Alpes de Haute Provence et du Haut Var à vélo électrique !"
    ],
    "es": [
      "La estación Bee's Verdon se encuentra en Saint Laurent du Verdon, cerca del lujoso camping \"La Farigoulette - Ciela Village\", para descubrir el Verdon, los Alpes de Alta Provenza y el Alto Var en bicicleta eléctrica"
    ],
    "nl": [
      "Het Bee's Verdon Station ligt in Saint Laurent du Verdon, vlakbij de luxe camping \"La Farigoulette - Ciela Village\", voor een ontdekking van de Verdon, de Alpes de Haute Provence en de Haut Var per elektrische fiets!"
    ]
  },
  "rdfs:label": {
    "en": [
      "Bee's stations electric bike rental"
    ],
    "fr": [
      "Stations Bee's Location de vélos électriques"
    ]
  },
  "hasBeenCreatedBy": {
    "@id": "https://data.datatourisme.fr/13/0c9ebb2d-ed80-3d7f-bda7-5cd0b95eb70c",
    "dc:identifier": "1505",
    "schema:email": [
      "a.filloz@tourisme-dlva.fr",
      "c.derrier@tourisme-dlva.fr",
      "l.negro@tourisme-dlva.fr",
      "m.tardif@tourisme-dlva.fr"
    ],
    "schema:legalName": "Office de Tourisme Communautaire Durance Luberon Verdon Agglomération",
    "@type": [
      "schema:Organization",
      "foaf:Agent",
      "Agent"
    ],
    "foaf:homepage": [
      "https://www.durance-luberon-verdon.com/"
    ]
  },
  "hasBeenPublishedBy": [
    {
      "@id": "https://data.datatourisme.fr/8a9feb4b-2cbd-3d2c-b507-bd6c6776b23b",
      "schema:legalName": "Apidae Tourisme Scic SA - source : Apidae Tourisme",
      "@type": [
        "schema:Organization",
        "foaf:Agent",
        "Agent"
      ],
      "foaf:homepage": [
        "https://www.apidae-tourisme.com/"
      ]
    }
  ],
  "hasContact": [
    {
      "@id": "https://data.datatourisme.fr/c58b5c85-142c-3dff-b2a7-ed0d2993a994",
      "schema:email": [
        "verdon@stationsbees.com"
      ],
      "schema:telephone": [
        "+33 6 47 94 02 19"
      ],
      "@type": [
        "foaf:Agent",
        "Agent"
      ],
      "foaf:homepage": [
        "https://www.stationsbees.com/stations/stations-bee-s-saint-laurent-verdon-04"
      ]
    }
  ],
  "hasDescription": [
    {
      "@id": "https://data.datatourisme.fr/c2e67c29-d952-3581-8ba9-7a611428af34",
      "@type": [
        "Description"
      ],
      "hasTranslatedProperty": [
        {
          "@id": "https://data.datatourisme.fr/0522e5fd-b187-3585-942e-444380e6bde1",
          "dc:contributor": [
            "https://api.deepl.com/v2/translate"
          ],
          "rdf:language": [
            "it"
          ],
          "rdf:predicate": [
            "shortDescription"
          ]
        },
        {
          "@id": "https://data.datatourisme.fr/5d6263d1-1053-3473-956a-afefaccec3b3",
          "dc:contributor": [
            "https://api.deepl.com/v2/translate"
          ],
          "rdf:language": [
            "de"
          ],
          "rdf:predicate": [
            "shortDescription"
          ]
        },
        {
          "@id": "https://data.datatourisme.fr/97ee6332-4e7a-388f-910c-68f38d6da797",
          "dc:contributor": [
            "https://api.deepl.com/v2/translate"
          ],
          "rdf:language": [
            "es"
          ],
          "rdf:predicate": [
            "shortDescription"
          ]
        },
        {
          "@id": "https://data.datatourisme.fr/d7c7f47a-1eab-322b-bacb-ac7e13bee9ff",
          "dc:contributor": [
            "https://api.deepl.com/v2/translate"
          ],
          "rdf:language": [
            "nl"
          ],
          "rdf:predicate": [
            "shortDescription"
          ]
        }
      ],
      "shortDescription": {
        "de": [
          "Die Station Bee?s Verdon befindet sich in Saint Laurent du Verdon, am Rande des hochwertigen Campingplatzes \"La Farigoulette - Ciela Village\". Entdecken Sie den Verdon, die Alpes de Haute Provence und das Haut Var mit dem Elektrofahrrad!"
        ],
        "en": [
          "The Stations Bee's Verdon is located in Saint Laurent du Verdon, near the La Farigoulette - Ciela Village Camp Site to discover the Verdon, The Alpes de Haute Provence and the Haut Var by ebikes."
        ],
        "it": [
          "La stazione Bee's Verdon si trova a Saint Laurent du Verdon, vicino al campeggio di lusso \"La Farigoulette - Ciela Village\", per scoprire il Verdon, le Alpi dell'Alta Provenza e l'Haut Var in bicicletta elettrica!"
        ],
        "fr": [
          "La Station Bee’s Verdon est installée à Saint Laurent du Verdon, aux abords du camping haut de gamme \"La Farigoulette - Ciela Village\" pour une découverte du Verdon, des Alpes de Haute Provence et du Haut Var à vélo électrique !"
        ],
        "es": [
          "La estación Bee's Verdon se encuentra en Saint Laurent du Verdon, cerca del lujoso camping \"La Farigoulette - Ciela Village\", para descubrir el Verdon, los Alpes de Alta Provenza y el Alto Var en bicicleta eléctrica"
        ],
        "nl": [
          "Het Bee's Verdon Station ligt in Saint Laurent du Verdon, vlakbij de luxe camping \"La Farigoulette - Ciela Village\", voor een ontdekking van de Verdon, de Alpes de Haute Provence en de Haut Var per elektrische fiets!"
        ]
      }
    }
  ],
  "hasReview": [
    {
      "@id": "https://data.datatourisme.fr/6e866798-cae5-351c-9e8d-963661217e60",
      "@type": [
        "Review"
      ],
      "hasReviewValue": {
        "@id": "kb:LabelRating_AccueilVelo",
        "@type": [
          "LabelRating"
        ],
        "rdfs:label": {
          "de": [
            "Accueil Vélo"
          ],
          "pt": [
            "Accueil Vélo"
          ],
          "en": [
            "Accueil Vélo"
          ],
          "it": [
            "Accueil Vélo"
          ],
          "fr": [
            "Accueil Vélo"
          ],
          "nl": [
            "Accueil Vélo"
          ],
          "es": [
            "Accueil Vélo"
          ]
        },
        "isCompliantWith": [
          "PlaceOfInterest"
        ]
      }
    }
  ],
  "hasTranslatedProperty": [
    {
      "@id": "https://data.datatourisme.fr/00fe54cf-bcc1-3451-8fdc-39a37f58dc05",
      "dc:contributor": [
        "https://api.deepl.com/v2/translate"
      ],
      "rdf:language": [
        "nl"
      ],
      "rdf:predicate": [
        {
          "@id": "rdfs:comment"
        }
      ]
    },
    {
      "@id": "https://data.datatourisme.fr/2b26cef9-29b6-3cd0-a97f-1c0a8f073a39",
      "dc:contributor": [
        "https://api.deepl.com/v2/translate"
      ],
      "rdf:language": [
        "it"
      ],
      "rdf:predicate": [
        {
          "@id": "rdfs:comment"
        }
      ]
    },
    {
      "@id": "https://data.datatourisme.fr/74b0d6ce-8379-3f89-89c6-eeb4ac92bfbe",
      "dc:contributor": [
        "https://api.deepl.com/v2/translate"
      ],
      "rdf:language": [
        "es"
      ],
      "rdf:predicate": [
        {
          "@id": "rdfs:comment"
        }
      ]
    },
    {
      "@id": "https://data.datatourisme.fr/fe686fe5-75de-3ba5-b751-a633ab56248b",
      "dc:contributor": [
        "https://api.deepl.com/v2/translate"
      ],
      "rdf:language": [
        "de"
      ],
      "rdf:predicate": [
        {
          "@id": "rdfs:comment"
        }
      ]
    }
  ],
  "isLocatedAt": [
    {
      "@id": "https://data.datatourisme.fr/4d64ded1-31cd-32d5-8b5a-3e53e6d989aa",
      "schema:address": [
        {
          "@id": "https://data.datatourisme.fr/59aa9a83-a5b4-3e35-8bf0-e93afc53a869",
          "schema:addressLocality": "Saint-Laurent-du-Verdon",
          "schema:postalCode": "04500",
          "schema:streetAddress": [
            "1029, Route de Montpezat"
          ],
          "@type": [
            "schema:PostalAddress",
            "PostalAddress"
          ],
          "hasAddressCity": {
            "@id": "kb:04186",
            "@type": [
              "City"
            ],
            "rdfs:label": {
              "de": [
                "Saint-Laurent-du-Verdon"
              ],
              "pt": [
                "Saint-Laurent-du-Verdon"
              ],
              "en": [
                "Saint-Laurent-du-Verdon"
              ],
              "it": [
                "Saint-Laurent-du-Verdon"
              ],
              "fr": [
                "Saint-Laurent-du-Verdon"
              ],
              "nl": [
                "Saint-Laurent-du-Verdon"
              ],
              "es": [
                "Saint-Laurent-du-Verdon"
              ]
            },
            "insee": "04186",
            "isPartOfDepartment": {
              "@id": "kb:France9304",
              "@type": [
                "Department"
              ],
              "rdfs:label": {
                "de": [
                  "Alpes-de-Haute-Provence"
                ],
                "pt": [
                  "Alpes-de-Haute-Provence"
                ],
                "en": [
                  "Alpes-de-Haute-Provence"
                ],
                "it": [
                  "Alpes-de-Haute-Provence"
                ],
                "fr": [
                  "Alpes-de-Haute-Provence"
                ],
                "nl": [
                  "Alpes-de-Haute-Provence"
                ],
                "es": [
                  "Alpes-de-Haute-Provence"
                ]
              },
              "insee": "04",
              "isPartOfRegion": {
                "@id": "kb:France93",
                "@type": [
                  "Region"
                ],
                "rdfs:label": {
                  "de": [
                    "Provence-Alpes-Côte d'Azur"
                  ],
                  "pt": [
                    "Provence-Alpes-Côte d'Azur"
                  ],
                  "en": [
                    "Provence-Alpes-Côte d'Azur"
                  ],
                  "it": [
                    "Provence-Alpes-Côte d'Azur"
                  ],
                  "fr": [
                    "Provence-Alpes-Côte d'Azur"
                  ],
                  "nl": [
                    "Provence-Alpes-Côte d'Azur"
                  ],
                  "es": [
                    "Provence-Alpes-Côte d'Azur"
                  ]
                },
                "insee": "93",
                "isPartOfCountry": {
                  "@id": "kb:France",
                  "@type": [
                    "schema:Country"
                  ],
                  "rdfs:label": {
                    "de": [
                      "France",
                      "Frankreich"
                    ],
                    "pt": [
                      "França",
                      "France"
                    ],
                    "en": [
                      "France"
                    ],
                    "it": [
                      "France",
                      "Francia"
                    ],
                    "fr": [
                      "France"
                    ],
                    "nl": [
                      "France",
                      "Frankrijk"
                    ],
                    "es": [
                      "France",
                      "Francia"
                    ]
                  }
                }
              }
            }
          }
        }
      ],
      "schema:geo": {
        "@id": "https://data.datatourisme.fr/62ecc2b9-8ac1-3c57-b708-a6884a16e44e",
        "schema:latitude": "43.734406",
        "schema:longitude": "6.077521",
        "@type": [
          "schema:GeoCoordinates"
        ]
      },
      "schema:openingHoursSpecification": [
        {
          "@id": "https://data.datatourisme.fr/848dcfe9-4cf7-340d-b34e-6041fc41e29a",
          "schema:validFrom": "2023-07-01T00:00:00",
          "schema:validThrough": "2023-08-31T23:59:59",
          "@type": [
            "schema:OpeningHoursSpecification"
          ],
          "additionalInformation": {
            "de": [
              "Von Sonntag bis Freitag mit Reservierung.\r\nAm Samstag geschlossen. Treffen Sie uns an den Schließtagen in Aups - 41 Avenue Georges Clémenceau, 83630 Aups - 0695305786."
            ],
            "en": [
              "Sunday to Friday by reservation.\r\nClosed on Saturdays. Meet us in Aups on the days we are closed - 41 Avenue Georges Clémenceau, 83630 Aups - 0695305786."
            ],
            "it": [
              "Da domenica a venerdì su prenotazione.\r\nChiuso il sabato. Nei giorni di chiusura ci troviamo ad Aups - 41 Avenue Georges Clémenceau, 83630 Aups - 0695305786."
            ],
            "fr": [
              "Du dimanche au vendredi sur réservation.\r\nFermeture le samedi. Retrouvez nous à Aups les jours de fermeture - 41 Avenue Georges Clémenceau, 83630 Aups - 0695305786."
            ],
            "nl": [
              "Zondag tot vrijdag op reservering.\r\nGesloten op zaterdag. Ontmoet ons in Aups op de dagen dat wij gesloten zijn - 41 Avenue Georges Clémenceau, 83630 Aups - 0695305786."
            ],
            "es": [
              "De domingo a viernes previa reserva.\r\nCerrado los sábados. Le esperamos en Aups los días de cierre - 41 Avenue Georges Clémenceau, 83630 Aups - 0695305786."
            ]
          },
          "hasTranslatedProperty": [
            {
              "@id": "https://data.datatourisme.fr/3f221845-993d-3e9f-8df3-813c4797b10b",
              "dc:contributor": [
                "https://api.deepl.com/v2/translate"
              ],
              "rdf:language": [
                "es"
              ],
              "rdf:predicate": [
                "additionalInformation"
              ]
            },
            {
              "@id": "https://data.datatourisme.fr/82a426a1-2162-37fd-b257-02d3425d19b6",
              "dc:contributor": [
                "https://api.deepl.com/v2/translate"
              ],
              "rdf:language": [
                "de"
              ],
              "rdf:predicate": [
                "additionalInformation"
              ]
            },
            {
              "@id": "https://data.datatourisme.fr/8dcedeff-3cce-37d2-a3fe-ca8edbcdb361",
              "dc:contributor": [
                "https://api.deepl.com/v2/translate"
              ],
              "rdf:language": [
                "nl"
              ],
              "rdf:predicate": [
                "additionalInformation"
              ]
            },
            {
              "@id": "https://data.datatourisme.fr/ab211fef-ee48-393c-8a71-21bf3f75a4b5",
              "dc:contributor": [
                "https://api.deepl.com/v2/translate"
              ],
              "rdf:language": [
                "it"
              ],
              "rdf:predicate": [
                "additionalInformation"
              ]
            },
            {
              "@id": "https://data.datatourisme.fr/cbd0c4cf-5e6a-3d71-8757-daea29e94d1b",
              "dc:contributor": [
                "https://api.deepl.com/v2/translate"
              ],
              "rdf:language": [
                "en"
              ],
              "rdf:predicate": [
                "additionalInformation"
              ]
            }
          ]
        },
        {
          "@id": "https://data.datatourisme.fr/a8f69968-ec5d-3442-9a88-9c11d6f7b688",
          "schema:validFrom": "2023-09-01T00:00:00",
          "schema:validThrough": "2023-10-02T23:59:59",
          "@type": [
            "schema:OpeningHoursSpecification"
          ],
          "additionalInformation": {
            "de": [
              "Von Montag bis Freitag nur mit Reservierung 24 Stunden im Voraus.\r\nPermanente Sprechstunde vor Ort am Samstag von 9:00 bis 17:30 Uhr und am Sonntag von 9:00 bis 12:30 Uhr.\r\nEs wird dringend empfohlen, im Voraus zu reservieren."
            ],
            "en": [
              "From Monday to Friday with a 24-hour advance reservation only.\r\nOn-site presence on Saturday from 9am to 5:30pm and Sunday from 9am to 12:30pm.\r\nIt is strongly recommended to book in advance."
            ],
            "it": [
              "Dal lunedì al venerdì, solo su prenotazione con 24 ore di anticipo.\r\nPresenza in loco il sabato dalle 9.00 alle 17.30 e la domenica dalle 9.00 alle 12.30.\r\nSi consiglia vivamente di prenotare in anticipo."
            ],
            "fr": [
              "Du lundi au vendredi sur réservation 24h à l'avance uniquement. \r\nPermanence sur place le samedi de 9h à 17h30 et le dimanche de 9h à 12h30.\r\nIl est fortement recommandé de réserver à l'avance."
            ],
            "nl": [
              "Van maandag tot vrijdag, na reservering 24 uur van tevoren.\r\nAanwezigheid ter plaatse op zaterdag van 9 tot 17.30 uur en zondag van 9 tot 12.30 uur.\r\nHet is sterk aanbevolen om vooraf te reserveren."
            ],
            "es": [
              "De lunes a viernes, previa reserva con 24 horas de antelación.\r\nPresencia in situ el sábado de 9.00 a 17.30 y el domingo de 9.00 a 12.30.\r\nSe recomienda encarecidamente reservar con antelación."
            ]
          },
          "hasTranslatedProperty": [
            {
              "@id": "https://data.datatourisme.fr/1c72c8de-2df2-3801-8c61-6744b6c1cb52",
              "dc:contributor": [
                "https://api.deepl.com/v2/translate"
              ],
              "rdf:language": [
                "en"
              ],
              "rdf:predicate": [
                "additionalInformation"
              ]
            },
            {
              "@id": "https://data.datatourisme.fr/43b81f0d-fd2b-398d-8cfb-1042cd5726ba",
              "dc:contributor": [
                "https://api.deepl.com/v2/translate"
              ],
              "rdf:language": [
                "it"
              ],
              "rdf:predicate": [
                "additionalInformation"
              ]
            },
            {
              "@id": "https://data.datatourisme.fr/8ecc8dc3-54a4-36aa-9369-e26b94dec5b9",
              "dc:contributor": [
                "https://api.deepl.com/v2/translate"
              ],
              "rdf:language": [
                "de"
              ],
              "rdf:predicate": [
                "additionalInformation"
              ]
            },
            {
              "@id": "https://data.datatourisme.fr/e2ade24b-11c4-3ec6-97d8-605bcb26a73c",
              "dc:contributor": [
                "https://api.deepl.com/v2/translate"
              ],
              "rdf:language": [
                "es"
              ],
              "rdf:predicate": [
                "additionalInformation"
              ]
            },
            {
              "@id": "https://data.datatourisme.fr/ef4ca08f-8665-34a2-840c-50ab1f112716",
              "dc:contributor": [
                "https://api.deepl.com/v2/translate"
              ],
              "rdf:language": [
                "nl"
              ],
              "rdf:predicate": [
                "additionalInformation"
              ]
            }
          ]
        },
        {
          "@id": "https://data.datatourisme.fr/e2451908-c719-3583-aa05-2de09697dc1c",
          "schema:validFrom": "2023-04-14T00:00:00",
          "schema:validThrough": "2023-06-30T23:59:59",
          "@type": [
            "schema:OpeningHoursSpecification"
          ],
          "additionalInformation": {
            "de": [
              "Von Montag bis Freitag nur mit Reservierung 24 Stunden im Voraus.\r\nPermanenz vor Ort am Samstag von 9:00 bis 17:30 Uhr und am Sonntag von 9:00 bis 12:30 Uhr.\r\nAn allen verlängerten Wochenenden geöffnet und vor Ort verfügbar.\r\nEs wird dringend empfohlen, im Voraus zu reservieren."
            ],
            "en": [
              "From Monday to Friday with a 24-hour advance reservation only.\r\nOn-site presence on Saturday from 9am to 5:30pm and Sunday from 9am to 12:30pm.\r\nOpen and on site every long weekend.\r\nIt is strongly advised to book in advance."
            ],
            "it": [
              "Dal lunedì al venerdì, solo su prenotazione con 24 ore di anticipo.\r\nPresenza in loco il sabato dalle 9.00 alle 17.30 e la domenica dalle 9.00 alle 12.30.\r\nAperto e presente in loco tutti i weekend lunghi.\r\nSi consiglia vivamente di prenotare in anticipo."
            ],
            "fr": [
              "Du lundi au vendredi sur réservation 24h à l'avance uniquement. \r\nPermanence sur place le samedi de 9h à 17h30 et le dimanche de 9h à 12h30.\r\nOuvert et permanence sur place tous les week-end prolongés.\r\nIl est fortement conseillé de réserver à l'avance."
            ],
            "nl": [
              "Van maandag tot vrijdag, na reservering 24 uur van tevoren.\r\nAanwezigheid ter plaatse op zaterdag van 9 tot 17.30 uur en op zondag van 9 tot 12.30 uur.\r\nOpen en ter plaatse elk lang weekend.\r\nHet wordt sterk aangeraden vooraf te reserveren."
            ],
            "es": [
              "De lunes a viernes, previa reserva con 24 horas de antelación.\r\nPresencia in situ los sábados de 9.00 a 17.30 y los domingos de 9.00 a 12.30.\r\nAbierto e in situ todos los puentes.\r\nSe recomienda encarecidamente reservar con antelación."
            ]
          },
          "hasTranslatedProperty": [
            {
              "@id": "https://data.datatourisme.fr/016c2033-d649-30d0-a349-20970e6dec64",
              "dc:contributor": [
                "https://api.deepl.com/v2/translate"
              ],
              "rdf:language": [
                "it"
              ],
              "rdf:predicate": [
                "additionalInformation"
              ]
            },
            {
              "@id": "https://data.datatourisme.fr/0f118d44-8cd2-319b-8388-be6dc50f96e5",
              "dc:contributor": [
                "https://api.deepl.com/v2/translate"
              ],
              "rdf:language": [
                "en"
              ],
              "rdf:predicate": [
                "additionalInformation"
              ]
            },
            {
              "@id": "https://data.datatourisme.fr/4ac89981-5b5c-3bcf-bc20-a749312b9b36",
              "dc:contributor": [
                "https://api.deepl.com/v2/translate"
              ],
              "rdf:language": [
                "nl"
              ],
              "rdf:predicate": [
                "additionalInformation"
              ]
            },
            {
              "@id": "https://data.datatourisme.fr/88dc870d-d5c0-36bb-b2ca-b5cab4fa256f",
              "dc:contributor": [
                "https://api.deepl.com/v2/translate"
              ],
              "rdf:language": [
                "es"
              ],
              "rdf:predicate": [
                "additionalInformation"
              ]
            },
            {
              "@id": "https://data.datatourisme.fr/d4eddc9a-b12f-36c4-809f-84916faeb943",
              "dc:contributor": [
                "https://api.deepl.com/v2/translate"
              ],
              "rdf:language": [
                "de"
              ],
              "rdf:predicate": [
                "additionalInformation"
              ]
            }
          ]
        }
      ],
      "@type": [
        "schema:Place",
        "Place"
      ]
    }
  ],
  "isOwnedBy": [
    {
      "@id": "https://data.datatourisme.fr/5d38d923-b840-3516-865c-fdee19441b64",
      "schema:email": [
        "a.filloz@tourisme-dlva.fr",
        "c.derrier@tourisme-dlva.fr",
        "l.negro@tourisme-dlva.fr",
        "m.tardif@tourisme-dlva.fr"
      ],
      "schema:legalName": "Office de Tourisme Communautaire Durance Luberon Verdon Agglomération",
      "@type": [
        "schema:Organization",
        "foaf:Agent",
        "Agent"
      ],
      "foaf:homepage": [
        "https://www.durance-luberon-verdon.com/"
      ]
    }
  ],
  "lastUpdate": "2023-03-16",
  "lastUpdateDatatourisme": "2023-03-17T06:40:43.989Z",
  "offers": [
    {
      "@id": "https://data.datatourisme.fr/afc9f88d-7b98-39e1-9395-e86bf2ff761f",
      "schema:priceSpecification": [
        {
          "@id": "https://data.datatourisme.fr/4f5e1ff0-8cc5-300a-9ea8-9226fe4021af",
          "schema:maxPrice": [
            "45"
          ],
          "schema:minPrice": [
            "30"
          ],
          "schema:priceCurrency": "EUR",
          "@type": [
            "schema:PriceSpecification",
            "PriceSpecification"
          ],
          "appliesOnPeriod": [
            {
              "@id": "https://data.datatourisme.fr/c18eaf92-4ed3-33aa-8117-05a6fe461fb2",
              "@type": [
                "Period"
              ],
              "endDate": "2023-10-31",
              "startDate": "2023-04-01"
            }
          ]
        }
      ],
      "@type": [
        "schema:Offer",
        "Offer"
      ]
    }
  ]
}