{
  "@id": "https://data.datatourisme.fr/57/864a7a66-b050-3a91-abdb-310fb0493638",
  "dc:identifier": "PCUPDL085V51I9TN",
  "@type": [
    "Church",
    "CulturalSite",
    "PlaceOfInterest",
    "PointOfInterest",
    "ReligiousSite",
    "RemarkableBuilding"
  ],
  "rdfs:label": {
    "fr": [
      "CLOCHER DE SAINT-MICHEL-MONT-MERCURE"
    ]
  },
  "hasBeenCreatedBy": {
    "@id": "https://data.datatourisme.fr/29a782b3-9ba7-3306-8c96-b3ae9b78806f",
    "schema:legalName": "Vendée Expansion",
    "@type": [
      "schema:Organization",
      "foaf:Agent",
      "Agent"
    ]
  },
  "hasBeenPublishedBy": [
    {
      "@id": "https://data.datatourisme.fr/29a782b3-9ba7-3306-8c96-b3ae9b78806f",
      "schema:legalName": "Vendée Expansion",
      "@type": [
        "schema:Organization",
        "foaf:Agent",
        "Agent"
      ]
    }
  ],
  "hasContact": [
    {
      "@id": "https://data.datatourisme.fr/412693bd-c4c8-30c4-bed8-3f0dacebf3e1",
      "schema:telephone": [
        "+33 2 51 57 20 32"
      ],
      "@type": [
        "foaf:Agent",
        "Agent"
      ]
    }
  ],
  "isLocatedAt": [
    {
      "@id": "https://data.datatourisme.fr/c4cf69b3-e5c2-3719-bbd2-6857b0031895",
      "schema:address": [
        {
          "@id": "https://data.datatourisme.fr/26d50e5c-4b8e-310b-a9ab-94772bf65ce1",
          "schema:addressLocality": "Sèvremont",
          "schema:postalCode": "85700",
          "schema:streetAddress": [
            "Place du Sommet",
            "Saint Michel Mont Mercure"
          ],
          "@type": [
            "schema:PostalAddress",
            "PostalAddress"
          ],
          "hasAddressCity": {
            "@id": "kb:85090",
            "@type": [
              "City"
            ],
            "rdfs:label": {
              "de": [
                "Sèvremont"
              ],
              "pt": [
                "Sèvremont"
              ],
              "en": [
                "Sèvremont"
              ],
              "it": [
                "Sèvremont"
              ],
              "fr": [
                "Sèvremont"
              ],
              "nl": [
                "Sèvremont"
              ],
              "es": [
                "Sèvremont"
              ]
            },
            "insee": "85090",
            "isPartOfDepartment": {
              "@id": "kb:France5285",
              "@type": [
                "Department"
              ],
              "rdfs:label": {
                "de": [
                  "Vendée"
                ],
                "pt": [
                  "Vendée"
                ],
                "en": [
                  "Vendée"
                ],
                "it": [
                  "Vendée"
                ],
                "fr": [
                  "Vendée"
                ],
                "nl": [
                  "Vendée"
                ],
                "es": [
                  "Vendée"
                ]
              },
              "insee": "85",
              "isPartOfRegion": {
                "@id": "kb:France52",
                "@type": [
                  "Region"
                ],
                "rdfs:label": {
                  "de": [
                    "Pays de la Loire"
                  ],
                  "pt": [
                    "Pays de la Loire"
                  ],
                  "en": [
                    "Pays de la Loire"
                  ],
                  "it": [
                    "Pays de la Loire"
                  ],
                  "fr": [
                    "Pays de la Loire"
                  ],
                  "nl": [
                    "Pays de la Loire"
                  ],
                  "es": [
                    "Pays de la Loire"
                  ]
                },
                "insee": "52",
                "isPartOfCountry": {
                  "@id": "kb:France",
                  "@type": [
                    "schema:Country"
                  ],
                  "rdfs:label": {
                    "de": [
                      "France",
                      "Frankreich"
                    ],
                    "pt": [
                      "França",
                      "France"
                    ],
                    "en": [
                      "France"
                    ],
                    "it": [
                      "France",
                      "Francia"
                    ],
                    "fr": [
                      "France"
                    ],
                    "nl": [
                      "France",
                      "Frankrijk"
                    ],
                    "es": [
                      "France",
                      "Francia"
                    ]
                  }
                }
              }
            }
          }
        }
      ],
      "schema:geo": {
        "@id": "https://data.datatourisme.fr/57949799-6a86-3631-9523-6bcb07281b2e",
        "schema:latitude": "46.83149",
        "schema:longitude": "-0.88314",
        "@type": [
          "schema:GeoCoordinates"
        ]
      },
      "schema:openingHoursSpecification": [
        {
          "@id": "https://data.datatourisme.fr/2b0a4e13-a656-3f74-b0ca-8cd77f6d6631",
          "schema:dayOfWeek": [
            {
              "@id": "schema:Monday",
              "@type": [
                "schema:DayOfWeek"
              ],
              "rdfs:label": {
                "de": [
                  "Montag"
                ],
                "pt": [
                  "Segunda-feira"
                ],
                "en": [
                  "Monday"
                ],
                "it": [
                  "Lunedì"
                ],
                "fr": [
                  "Lundi"
                ],
                "nl": [
                  "Maandag"
                ],
                "es": [
                  "Lunes"
                ]
              }
            }
          ],
          "schema:opens": "09:00:00",
          "schema:validFrom": "2022-10-01T00:00:00",
          "schema:validThrough": "2024-03-31T23:59:59",
          "@type": [
            "schema:OpeningHoursSpecification"
          ]
        },
        {
          "@id": "https://data.datatourisme.fr/7c547bad-0502-3b76-a95f-1f1ef8c2fc6b",
          "schema:dayOfWeek": [
            {
              "@id": "schema:Saturday",
              "@type": [
                "schema:DayOfWeek"
              ],
              "rdfs:label": {
                "de": [
                  "Samstag"
                ],
                "pt": [
                  "Sábado"
                ],
                "en": [
                  "Saturday"
                ],
                "it": [
                  "Sabato"
                ],
                "fr": [
                  "Samedi"
                ],
                "nl": [
                  "Zaterdag"
                ],
                "es": [
                  "Sábado"
                ]
              }
            }
          ],
          "schema:opens": "09:00:00",
          "schema:validFrom": "2022-10-01T00:00:00",
          "schema:validThrough": "2024-03-31T23:59:59",
          "@type": [
            "schema:OpeningHoursSpecification"
          ]
        },
        {
          "@id": "https://data.datatourisme.fr/8e9a5bb0-8288-33cf-8dd9-3c098934e597",
          "schema:dayOfWeek": [
            {
              "@id": "schema:Sunday",
              "@type": [
                "schema:DayOfWeek"
              ],
              "rdfs:label": {
                "de": [
                  "Sonntag"
                ],
                "pt": [
                  "Domingo"
                ],
                "en": [
                  "Sunday"
                ],
                "it": [
                  "Domenica"
                ],
                "fr": [
                  "Dimanche"
                ],
                "nl": [
                  "Zondag"
                ],
                "es": [
                  "Domingo"
                ]
              }
            }
          ],
          "schema:opens": "09:00:00",
          "schema:validFrom": "2022-10-01T00:00:00",
          "schema:validThrough": "2024-03-31T23:59:59",
          "@type": [
            "schema:OpeningHoursSpecification"
          ]
        },
        {
          "@id": "https://data.datatourisme.fr/92c655ab-898c-31d6-bcbf-2216348e30d3",
          "schema:dayOfWeek": [
            {
              "@id": "schema:Friday",
              "@type": [
                "schema:DayOfWeek"
              ],
              "rdfs:label": {
                "de": [
                  "Freitag"
                ],
                "pt": [
                  "Sexta-feira"
                ],
                "en": [
                  "Friday"
                ],
                "it": [
                  "Venerdì"
                ],
                "fr": [
                  "Vendredi"
                ],
                "nl": [
                  "Vrijdag"
                ],
                "es": [
                  "Viernes"
                ]
              }
            }
          ],
          "schema:opens": "09:00:00",
          "schema:validFrom": "2022-10-01T00:00:00",
          "schema:validThrough": "2024-03-31T23:59:59",
          "@type": [
            "schema:OpeningHoursSpecification"
          ]
        },
        {
          "@id": "https://data.datatourisme.fr/e279af20-10e4-3e73-bcc7-9c8f6a8d5593",
          "schema:dayOfWeek": [
            {
              "@id": "schema:Wednesday",
              "@type": [
                "schema:DayOfWeek"
              ],
              "rdfs:label": {
                "de": [
                  "Mittwoch"
                ],
                "pt": [
                  "Quarta-feira"
                ],
                "en": [
                  "Wednesday"
                ],
                "it": [
                  "Mercoledì"
                ],
                "fr": [
                  "Mercredi"
                ],
                "nl": [
                  "Woensdag"
                ],
                "es": [
                  "Miércoles"
                ]
              }
            }
          ],
          "schema:opens": "09:00:00",
          "schema:validFrom": "2022-10-01T00:00:00",
          "schema:validThrough": "2024-03-31T23:59:59",
          "@type": [
            "schema:OpeningHoursSpecification"
          ]
        },
        {
          "@id": "https://data.datatourisme.fr/e65def99-5720-33ee-917b-14d80c49c62e",
          "schema:dayOfWeek": [
            {
              "@id": "schema:Tuesday",
              "@type": [
                "schema:DayOfWeek"
              ],
              "rdfs:label": {
                "de": [
                  "Dienstag"
                ],
                "pt": [
                  "Terça-feira"
                ],
                "en": [
                  "Tuesday"
                ],
                "it": [
                  "Martedì"
                ],
                "fr": [
                  "Mardi"
                ],
                "es": [
                  "Martes"
                ],
                "nl": [
                  "Dinsdag"
                ]
              }
            }
          ],
          "schema:opens": "09:00:00",
          "schema:validFrom": "2022-10-01T00:00:00",
          "schema:validThrough": "2024-03-31T23:59:59",
          "@type": [
            "schema:OpeningHoursSpecification"
          ]
        },
        {
          "@id": "https://data.datatourisme.fr/fa27d79c-ef7e-3f77-ae79-bfea19e0d077",
          "schema:dayOfWeek": [
            {
              "@id": "schema:Thursday",
              "@type": [
                "schema:DayOfWeek"
              ],
              "rdfs:label": {
                "de": [
                  "Donnerstag"
                ],
                "pt": [
                  "Quinta-feira"
                ],
                "en": [
                  "Thursday"
                ],
                "it": [
                  "Giovedì"
                ],
                "fr": [
                  "Jeudi"
                ],
                "es": [
                  "Jueves"
                ],
                "nl": [
                  "Donderdag"
                ]
              }
            }
          ],
          "schema:opens": "09:00:00",
          "schema:validFrom": "2022-10-01T00:00:00",
          "schema:validThrough": "2024-03-31T23:59:59",
          "@type": [
            "schema:OpeningHoursSpecification"
          ]
        }
      ],
      "@type": [
        "schema:Place",
        "Place"
      ]
    }
  ],
  "lastUpdate": "2022-12-21",
  "lastUpdateDatatourisme": "2023-01-13T00:44:12.569Z"
}