{
  "@id": "https://data.datatourisme.fr/13/8195115e-2a8c-3862-80b4-a6d4bb85d551",
  "dc:identifier": "6004750",
  "@type": [
    "schema:FoodEstablishment",
    "FoodEstablishment",
    "PlaceOfInterest",
    "PointOfInterest"
  ],
  "rdfs:comment": {
    "de": [
      "William arbeitet mit lokalen Produkten, Burger, hausgemachte Pizza und Pommes frites gibt es auch! Sie finden Le Petit Cuistot am Montag in Rourebeau, am Dienstag in Mison und am Mittwoch in Laragne! Geben Sie Ihre Bestellung ab 17:30 Uhr auf."
    ],
    "en": [
      "William cooks with local products, burgers, homemade pizzas and fries too! Meet Le Petit Cuistot on Monday in Rourebeau, Tuesday in Mison and Wednesday in Laragne! Place your order from 17:30."
    ],
    "it": [
      "William cucina con prodotti locali, hamburger, pizze fatte in casa e patatine anche! Ritrovate Le Petit Cuistot il lunedì a Rourebeau, il martedì a Mison e il mercoledì a Laragne! Effettua il vostro ordine alle 17:30."
    ],
    "fr": [
      "William travaille avec des produits locaux, burgers, pizzas maison et frites aussi ! Retrouvez Le Petit Cuistot le lundi à Rourebeau, le mardi à Mison et le mercredi à Laragne ! Passez votre commande à partir de 17h30."
    ],
    "nl": [
      "William werkt met lokale producten, hamburgers, zelfgemaakte pizza's en ook frietjes! U vindt Le Petit Cuistot op maandag in Rourebeau, op dinsdag in Mison en op woensdag in Laragne! Plaats uw bestelling vanaf 17.30 uur."
    ],
    "es": [
      "William trabaja con productos locales, hamburguesas, pizzas caseras y también patatas fritas Puede encontrar Le Petit Cuistot los lunes en Rourebeau, los martes en Mison y los miércoles en Laragne Haga su pedido a partir de las 17.30 horas."
    ]
  },
  "rdfs:label": {
    "de": [
      "Le Petit Cuistot"
    ],
    "ru": [
      "Le Petit Cuistot"
    ],
    "en": [
      "Le Petit Cuistot"
    ],
    "it": [
      "Le Petit Cuistot"
    ],
    "fr": [
      "Le Petit Cuistot"
    ],
    "zh": [
      "Le Petit Cuistot"
    ],
    "nl": [
      "Le Petit Cuistot"
    ],
    "es": [
      "Le Petit Cuistot"
    ]
  },
  "hasBeenCreatedBy": {
    "@id": "https://data.datatourisme.fr/13/5ea1649a-3133-3092-8054-38df996a3e59",
    "dc:identifier": "537",
    "schema:email": [
      "numerique@sisteron-buech.fr",
      "orpierre@sisteron-buech.fr",
      "partenaire@sisteron-buech.fr",
      "rosans@sisteron-buech.fr"
    ],
    "schema:legalName": "Office de Tourisme Sisteron Buëch",
    "@type": [
      "schema:Organization",
      "foaf:Agent",
      "Agent"
    ],
    "foaf:homepage": [
      "http://www.sisteron-buech.fr/"
    ]
  },
  "hasBeenPublishedBy": [
    {
      "@id": "https://data.datatourisme.fr/8a9feb4b-2cbd-3d2c-b507-bd6c6776b23b",
      "schema:legalName": "Apidae Tourisme Scic SA - source : Apidae Tourisme",
      "@type": [
        "schema:Organization",
        "foaf:Agent",
        "Agent"
      ],
      "foaf:homepage": [
        "https://www.apidae-tourisme.com/"
      ]
    }
  ],
  "hasContact": [
    {
      "@id": "https://data.datatourisme.fr/615a3268-cdca-3059-8872-afa5b628f467",
      "schema:email": [
        "william.pleuveraux@sfr.fr"
      ],
      "schema:telephone": [
        "+33 6 08 96 35 43"
      ],
      "@type": [
        "foaf:Agent",
        "Agent"
      ]
    }
  ],
  "hasDescription": [
    {
      "@id": "https://data.datatourisme.fr/552ead1f-6f97-390c-aaef-dded0df84178",
      "@type": [
        "Description"
      ],
      "hasTranslatedProperty": [
        {
          "@id": "https://data.datatourisme.fr/3df997d1-2a90-3cc6-a74d-6033c03f33df",
          "dc:contributor": [
            "https://api.deepl.com/v2/translate"
          ],
          "rdf:language": [
            "es"
          ],
          "rdf:predicate": [
            "shortDescription"
          ]
        },
        {
          "@id": "https://data.datatourisme.fr/c9cf9632-69b9-378f-8519-e657abf12cab",
          "dc:contributor": [
            "https://api.deepl.com/v2/translate"
          ],
          "rdf:language": [
            "nl"
          ],
          "rdf:predicate": [
            "shortDescription"
          ]
        },
        {
          "@id": "https://data.datatourisme.fr/fea8e348-7cf3-389d-a89e-2feb311b8e49",
          "dc:contributor": [
            "https://api.deepl.com/v2/translate"
          ],
          "rdf:language": [
            "de"
          ],
          "rdf:predicate": [
            "shortDescription"
          ]
        }
      ],
      "shortDescription": {
        "de": [
          "William arbeitet mit lokalen Produkten, Burger, hausgemachte Pizza und Pommes frites gibt es auch! Sie finden Le Petit Cuistot am Montag in Rourebeau, am Dienstag in Mison und am Mittwoch in Laragne! Geben Sie Ihre Bestellung ab 17:30 Uhr auf."
        ],
        "en": [
          "William cooks with local products, burgers, homemade pizzas and fries too! Meet Le Petit Cuistot on Monday in Rourebeau, Tuesday in Mison and Wednesday in Laragne! Place your order from 17:30."
        ],
        "it": [
          "William cucina con prodotti locali, hamburger, pizze fatte in casa e patatine anche! Ritrovate Le Petit Cuistot il lunedì a Rourebeau, il martedì a Mison e il mercoledì a Laragne! Effettua il vostro ordine alle 17:30."
        ],
        "fr": [
          "William travaille avec des produits locaux, burgers, pizzas maison et frites aussi ! Retrouvez Le Petit Cuistot le lundi à Rourebeau, le mardi à Mison et le mercredi à Laragne ! Passez votre commande à partir de 17h30."
        ],
        "nl": [
          "William werkt met lokale producten, hamburgers, zelfgemaakte pizza's en ook frietjes! U vindt Le Petit Cuistot op maandag in Rourebeau, op dinsdag in Mison en op woensdag in Laragne! Plaats uw bestelling vanaf 17.30 uur."
        ],
        "es": [
          "William trabaja con productos locales, hamburguesas, pizzas caseras y también patatas fritas Puede encontrar Le Petit Cuistot los lunes en Rourebeau, los martes en Mison y los miércoles en Laragne Haga su pedido a partir de las 17.30 horas."
        ]
      }
    }
  ],
  "hasTranslatedProperty": [
    {
      "@id": "https://data.datatourisme.fr/87edc686-3b4a-320e-90a2-f9ebe207d1a0",
      "dc:contributor": [
        "https://api.deepl.com/v2/translate"
      ],
      "rdf:language": [
        "nl"
      ],
      "rdf:predicate": [
        {
          "@id": "rdfs:comment"
        }
      ]
    },
    {
      "@id": "https://data.datatourisme.fr/ccb178ad-d25d-3e81-91d5-19e1427cd594",
      "dc:contributor": [
        "https://api.deepl.com/v2/translate"
      ],
      "rdf:language": [
        "es"
      ],
      "rdf:predicate": [
        {
          "@id": "rdfs:comment"
        }
      ]
    },
    {
      "@id": "https://data.datatourisme.fr/dba3e79f-985a-3fae-a5c1-e1d04259f311",
      "dc:contributor": [
        "https://api.deepl.com/v2/translate"
      ],
      "rdf:language": [
        "de"
      ],
      "rdf:predicate": [
        {
          "@id": "rdfs:comment"
        }
      ]
    }
  ],
  "isLocatedAt": [
    {
      "@id": "https://data.datatourisme.fr/33097733-1d83-36f3-9b8d-f6772795b6aa",
      "schema:address": [
        {
          "@id": "https://data.datatourisme.fr/197da44c-ad24-33b4-886a-fa5f3b2eb1db",
          "schema:addressLocality": "Laragne-Montéglin",
          "schema:postalCode": "05300",
          "schema:streetAddress": [
            "Les Fourches"
          ],
          "@type": [
            "schema:PostalAddress",
            "PostalAddress"
          ],
          "hasAddressCity": {
            "@id": "kb:05070",
            "@type": [
              "City"
            ],
            "rdfs:label": {
              "de": [
                "Laragne-Montéglin"
              ],
              "pt": [
                "Laragne-Montéglin"
              ],
              "en": [
                "Laragne-Montéglin"
              ],
              "it": [
                "Laragne-Montéglin"
              ],
              "fr": [
                "Laragne-Montéglin"
              ],
              "nl": [
                "Laragne-Montéglin"
              ],
              "es": [
                "Laragne-Montéglin"
              ]
            },
            "insee": "05070",
            "isPartOfDepartment": {
              "@id": "kb:France9305",
              "@type": [
                "Department"
              ],
              "rdfs:label": {
                "de": [
                  "Hautes-Alpes"
                ],
                "pt": [
                  "Hautes-Alpes"
                ],
                "en": [
                  "Hautes-Alpes"
                ],
                "it": [
                  "Hautes-Alpes"
                ],
                "fr": [
                  "Hautes-Alpes"
                ],
                "nl": [
                  "Hautes-Alpes"
                ],
                "es": [
                  "Hautes-Alpes"
                ]
              },
              "insee": "05",
              "isPartOfRegion": {
                "@id": "kb:France93",
                "@type": [
                  "Region"
                ],
                "rdfs:label": {
                  "de": [
                    "Provence-Alpes-Côte d'Azur"
                  ],
                  "pt": [
                    "Provence-Alpes-Côte d'Azur"
                  ],
                  "en": [
                    "Provence-Alpes-Côte d'Azur"
                  ],
                  "it": [
                    "Provence-Alpes-Côte d'Azur"
                  ],
                  "fr": [
                    "Provence-Alpes-Côte d'Azur"
                  ],
                  "nl": [
                    "Provence-Alpes-Côte d'Azur"
                  ],
                  "es": [
                    "Provence-Alpes-Côte d'Azur"
                  ]
                },
                "insee": "93",
                "isPartOfCountry": {
                  "@id": "kb:France",
                  "@type": [
                    "schema:Country"
                  ],
                  "rdfs:label": {
                    "de": [
                      "France",
                      "Frankreich"
                    ],
                    "pt": [
                      "França",
                      "France"
                    ],
                    "en": [
                      "France"
                    ],
                    "it": [
                      "France",
                      "Francia"
                    ],
                    "fr": [
                      "France"
                    ],
                    "nl": [
                      "France",
                      "Frankrijk"
                    ],
                    "es": [
                      "France",
                      "Francia"
                    ]
                  }
                }
              }
            }
          }
        }
      ],
      "schema:geo": {
        "@id": "https://data.datatourisme.fr/24fbd3d2-2696-3336-a1ac-0e68ff90d1ac",
        "schema:latitude": "44.308427",
        "schema:longitude": "5.834194",
        "@type": [
          "schema:GeoCoordinates"
        ]
      },
      "schema:openingHoursSpecification": [
        {
          "@id": "https://data.datatourisme.fr/56b0bd7e-20bc-3394-a976-d30dd538a014",
          "schema:validFrom": "2023-01-01T00:00:00",
          "schema:validThrough": "2023-12-31T23:59:59",
          "@type": [
            "schema:OpeningHoursSpecification"
          ],
          "additionalInformation": {
            "de": [
              "Geben Sie Ihre Bestellung ab 17:30 Uhr auf."
            ],
            "en": [
              "Place your order from 5:30 pm."
            ],
            "it": [
              "Effettuate l'ordine a partire dalle 17.30."
            ],
            "fr": [
              "Passez votre commande à partir de 17h30."
            ],
            "nl": [
              "Plaats uw bestelling vanaf 17.30 uur."
            ],
            "es": [
              "Haga su pedido a partir de las 17.30 horas."
            ]
          },
          "hasTranslatedProperty": [
            {
              "@id": "https://data.datatourisme.fr/882672c5-7c29-334b-98b0-87372431d5c6",
              "dc:contributor": [
                "https://api.deepl.com/v2/translate"
              ],
              "rdf:language": [
                "nl"
              ],
              "rdf:predicate": [
                "additionalInformation"
              ]
            },
            {
              "@id": "https://data.datatourisme.fr/9919118e-51fe-38dc-9b34-a366b874a3c8",
              "dc:contributor": [
                "https://api.deepl.com/v2/translate"
              ],
              "rdf:language": [
                "es"
              ],
              "rdf:predicate": [
                "additionalInformation"
              ]
            },
            {
              "@id": "https://data.datatourisme.fr/b62331ae-1478-3f26-bf10-2235af8d9271",
              "dc:contributor": [
                "https://api.deepl.com/v2/translate"
              ],
              "rdf:language": [
                "de"
              ],
              "rdf:predicate": [
                "additionalInformation"
              ]
            },
            {
              "@id": "https://data.datatourisme.fr/d0c564de-f1e9-3400-9fbf-2574c18de929",
              "dc:contributor": [
                "https://api.deepl.com/v2/translate"
              ],
              "rdf:language": [
                "it"
              ],
              "rdf:predicate": [
                "additionalInformation"
              ]
            },
            {
              "@id": "https://data.datatourisme.fr/d48c7649-3ab6-39e9-b324-2833582f29df",
              "dc:contributor": [
                "https://api.deepl.com/v2/translate"
              ],
              "rdf:language": [
                "en"
              ],
              "rdf:predicate": [
                "additionalInformation"
              ]
            }
          ]
        }
      ],
      "@type": [
        "schema:Place",
        "Place"
      ]
    }
  ],
  "isOwnedBy": [
    {
      "@id": "https://data.datatourisme.fr/911f4632-ca54-3090-adae-ff6bac355e74",
      "schema:email": [
        "numerique@sisteron-buech.fr",
        "orpierre@sisteron-buech.fr",
        "partenaire@sisteron-buech.fr",
        "rosans@sisteron-buech.fr"
      ],
      "schema:legalName": "Office de Tourisme Sisteron Buëch",
      "@type": [
        "schema:Organization",
        "foaf:Agent",
        "Agent"
      ],
      "foaf:homepage": [
        "http://www.sisteron-buech.fr/"
      ]
    }
  ],
  "lastUpdate": "2022-07-21",
  "lastUpdateDatatourisme": "2023-02-01T18:07:35.975Z"
}