{
  "@id": "https://data.datatourisme.fr/13/81ab33eb-389b-3dbd-9656-e7cab6b410fd",
  "dc:identifier": "5703408",
  "@type": [
    "schema:FoodEstablishment",
    "FoodEstablishment",
    "PlaceOfInterest",
    "PointOfInterest"
  ],
  "rdfs:comment": {
    "de": [
      "Pizzawagen, verschiedene Standorte am Mittwochabend Vizille-Les Mattons, Donnerstagabend Notre Dame de Mésage und Dienstag-, Freitag-, Samstagabend Vizille - Péage de Vizille"
    ],
    "en": [
      "Pizza truck, different location on Wednesday evening Vizille-Les Mattons, Thursday evening Notre Dame de Mésage and Tuesday, Friday, Saturday evening Vizille - Péage de Vizille"
    ],
    "it": [
      "Camion della pizza, in diverse località il mercoledì sera Vizille-Les Mattons, il giovedì sera Notre Dame de Mésage e il martedì, venerdì, sabato sera Vizille - Péage de Vizille"
    ],
    "fr": [
      "Camion de pizza, emplacement différents le mercredi soir Vizille-Les Mattons, jeudi soir Notre Dame de Mésage et mardi, vendredi, samedi soir Vizille - Péage de Vizille"
    ],
    "nl": [
      "Pizzawagen, verschillende locaties op woensdagavond Vizille-Les Mattons, donderdagavond Notre Dame de Mésage en dinsdag-, vrijdag- en zaterdagavond Vizille - Péage de Vizille"
    ],
    "es": [
      "Camión de pizzas, diferentes ubicaciones el miércoles por la noche Vizille-Les Mattons, el jueves por la noche Notre Dame de Mésage y el martes, viernes y sábado por la noche Vizille - Péage de Vizille"
    ]
  },
  "rdfs:label": {
    "fr": [
      "La pizz' à Francky"
    ]
  },
  "hasBeenCreatedBy": {
    "@id": "https://data.datatourisme.fr/13/eecca5b6-365d-3607-ae5a-9d336962c534",
    "dc:identifier": "185",
    "schema:email": [
      "celine.baudin@agence-grenoblealpes.com",
      "corinne.anton@agence-grenoblealpes.com",
      "magali.boudieres@agence-grenoblealpes.com",
      "manon.digennaro@grenoble-tourisme.com",
      "olga.barrere@agence-grenoblealpes.com"
    ],
    "schema:legalName": "Office de Tourisme Grenoble Alpes",
    "@type": [
      "schema:Organization",
      "foaf:Agent",
      "Agent"
    ],
    "foaf:homepage": [
      "https://www.grenoble-tourisme.com/fr/"
    ]
  },
  "hasBeenPublishedBy": [
    {
      "@id": "https://data.datatourisme.fr/8a9feb4b-2cbd-3d2c-b507-bd6c6776b23b",
      "schema:legalName": "Apidae Tourisme Scic SA - source : Apidae Tourisme",
      "@type": [
        "schema:Organization",
        "foaf:Agent",
        "Agent"
      ],
      "foaf:homepage": [
        "https://www.apidae-tourisme.com/"
      ]
    }
  ],
  "hasContact": [
    {
      "@id": "https://data.datatourisme.fr/6b46c5b7-de20-392a-90ca-cc0e3b7133f3",
      "schema:telephone": [
        "+33 6 52 07 85 38"
      ],
      "@type": [
        "foaf:Agent",
        "Agent"
      ]
    }
  ],
  "hasDescription": [
    {
      "@id": "https://data.datatourisme.fr/9ab777c9-947d-3892-ba8a-077fde0884e4",
      "@type": [
        "Description"
      ],
      "hasTranslatedProperty": [
        {
          "@id": "https://data.datatourisme.fr/7a8b3c80-18e6-350f-a4e6-c8c053aa5ccb",
          "dc:contributor": [
            "https://api.deepl.com/v2/translate"
          ],
          "rdf:language": [
            "en"
          ],
          "rdf:predicate": [
            "shortDescription"
          ]
        },
        {
          "@id": "https://data.datatourisme.fr/8c992f87-5905-3b70-b28c-4ae9729b656e",
          "dc:contributor": [
            "https://api.deepl.com/v2/translate"
          ],
          "rdf:language": [
            "nl"
          ],
          "rdf:predicate": [
            "shortDescription"
          ]
        },
        {
          "@id": "https://data.datatourisme.fr/a53ab298-6b71-34c3-92d1-d62e17b7aeaf",
          "dc:contributor": [
            "https://api.deepl.com/v2/translate"
          ],
          "rdf:language": [
            "es"
          ],
          "rdf:predicate": [
            "shortDescription"
          ]
        },
        {
          "@id": "https://data.datatourisme.fr/be7d6a35-ce25-3ae0-94fb-b5797de1fc75",
          "dc:contributor": [
            "https://api.deepl.com/v2/translate"
          ],
          "rdf:language": [
            "de"
          ],
          "rdf:predicate": [
            "shortDescription"
          ]
        },
        {
          "@id": "https://data.datatourisme.fr/f86b4135-1cd1-3a72-8cb1-2f993b3f3816",
          "dc:contributor": [
            "https://api.deepl.com/v2/translate"
          ],
          "rdf:language": [
            "it"
          ],
          "rdf:predicate": [
            "shortDescription"
          ]
        }
      ],
      "shortDescription": {
        "de": [
          "Pizzawagen, verschiedene Standorte am Mittwochabend Vizille-Les Mattons, Donnerstagabend Notre Dame de Mésage und Dienstag-, Freitag-, Samstagabend Vizille - Péage de Vizille"
        ],
        "en": [
          "Pizza truck, different location on Wednesday evening Vizille-Les Mattons, Thursday evening Notre Dame de Mésage and Tuesday, Friday, Saturday evening Vizille - Péage de Vizille"
        ],
        "it": [
          "Camion della pizza, in diverse località il mercoledì sera Vizille-Les Mattons, il giovedì sera Notre Dame de Mésage e il martedì, venerdì, sabato sera Vizille - Péage de Vizille"
        ],
        "fr": [
          "Camion de pizza, emplacement différents le mercredi soir Vizille-Les Mattons, jeudi soir Notre Dame de Mésage et mardi, vendredi, samedi soir Vizille - Péage de Vizille"
        ],
        "nl": [
          "Pizzawagen, verschillende locaties op woensdagavond Vizille-Les Mattons, donderdagavond Notre Dame de Mésage en dinsdag-, vrijdag- en zaterdagavond Vizille - Péage de Vizille"
        ],
        "es": [
          "Camión de pizzas, diferentes ubicaciones el miércoles por la noche Vizille-Les Mattons, el jueves por la noche Notre Dame de Mésage y el martes, viernes y sábado por la noche Vizille - Péage de Vizille"
        ]
      }
    }
  ],
  "hasTranslatedProperty": [
    {
      "@id": "https://data.datatourisme.fr/30a75eb7-c408-31ad-841a-717881d57d73",
      "dc:contributor": [
        "https://api.deepl.com/v2/translate"
      ],
      "rdf:language": [
        "en"
      ],
      "rdf:predicate": [
        {
          "@id": "rdfs:comment"
        }
      ]
    },
    {
      "@id": "https://data.datatourisme.fr/5f4764c5-91e5-3487-862d-e138ea50cb02",
      "dc:contributor": [
        "https://api.deepl.com/v2/translate"
      ],
      "rdf:language": [
        "es"
      ],
      "rdf:predicate": [
        {
          "@id": "rdfs:comment"
        }
      ]
    },
    {
      "@id": "https://data.datatourisme.fr/bc9e8437-e96d-3b25-a5fd-ea46f689fd90",
      "dc:contributor": [
        "https://api.deepl.com/v2/translate"
      ],
      "rdf:language": [
        "de"
      ],
      "rdf:predicate": [
        {
          "@id": "rdfs:comment"
        }
      ]
    },
    {
      "@id": "https://data.datatourisme.fr/d940783f-f15a-33ad-8f78-d100b984d93a",
      "dc:contributor": [
        "https://api.deepl.com/v2/translate"
      ],
      "rdf:language": [
        "nl"
      ],
      "rdf:predicate": [
        {
          "@id": "rdfs:comment"
        }
      ]
    },
    {
      "@id": "https://data.datatourisme.fr/fa0de5e9-f342-31a2-af25-1b9b2af82847",
      "dc:contributor": [
        "https://api.deepl.com/v2/translate"
      ],
      "rdf:language": [
        "it"
      ],
      "rdf:predicate": [
        {
          "@id": "rdfs:comment"
        }
      ]
    }
  ],
  "isLocatedAt": [
    {
      "@id": "https://data.datatourisme.fr/1021fdac-f21e-30e4-9d07-b58b91a6ac22",
      "schema:address": [
        {
          "@id": "https://data.datatourisme.fr/d3ffa337-da5a-3748-a4ff-f99759b1a4a3",
          "schema:addressLocality": "Vizille",
          "schema:postalCode": "38220",
          "@type": [
            "schema:PostalAddress",
            "PostalAddress"
          ],
          "hasAddressCity": {
            "@id": "kb:38562",
            "@type": [
              "City"
            ],
            "rdfs:label": {
              "de": [
                "Vizille"
              ],
              "pt": [
                "Vizille"
              ],
              "en": [
                "Vizille"
              ],
              "it": [
                "Vizille"
              ],
              "fr": [
                "Vizille"
              ],
              "nl": [
                "Vizille"
              ],
              "es": [
                "Vizille"
              ]
            },
            "insee": "38562",
            "isPartOfDepartment": {
              "@id": "kb:France8438",
              "@type": [
                "Department"
              ],
              "rdfs:label": {
                "de": [
                  "Isère"
                ],
                "pt": [
                  "Isère"
                ],
                "en": [
                  "Isère"
                ],
                "it": [
                  "Isère"
                ],
                "fr": [
                  "Isère"
                ],
                "nl": [
                  "Isère"
                ],
                "es": [
                  "Isère"
                ]
              },
              "insee": "38",
              "isPartOfRegion": {
                "@id": "kb:France84",
                "@type": [
                  "Region"
                ],
                "rdfs:label": {
                  "de": [
                    "Auvergne-Rhône-Alpes"
                  ],
                  "pt": [
                    "Auvergne-Rhône-Alpes"
                  ],
                  "en": [
                    "Auvergne-Rhône-Alpes"
                  ],
                  "it": [
                    "Auvergne-Rhône-Alpes"
                  ],
                  "fr": [
                    "Auvergne-Rhône-Alpes"
                  ],
                  "nl": [
                    "Auvergne-Rhône-Alpes"
                  ],
                  "es": [
                    "Auvergne-Rhône-Alpes"
                  ]
                },
                "insee": "84",
                "isPartOfCountry": {
                  "@id": "kb:France",
                  "@type": [
                    "schema:Country"
                  ],
                  "rdfs:label": {
                    "de": [
                      "France",
                      "Frankreich"
                    ],
                    "pt": [
                      "França",
                      "France"
                    ],
                    "en": [
                      "France"
                    ],
                    "it": [
                      "France",
                      "Francia"
                    ],
                    "fr": [
                      "France"
                    ],
                    "nl": [
                      "France",
                      "Frankrijk"
                    ],
                    "es": [
                      "France",
                      "Francia"
                    ]
                  }
                }
              }
            }
          }
        }
      ],
      "schema:geo": {
        "@id": "https://data.datatourisme.fr/bb3eb304-6627-34f0-965c-ceb311740706",
        "schema:latitude": "45.086318",
        "schema:longitude": "5.775287",
        "@type": [
          "schema:GeoCoordinates"
        ]
      },
      "schema:openingHoursSpecification": [
        {
          "@id": "https://data.datatourisme.fr/6145cf9c-1344-3498-a6ff-dd8aaf1ec448",
          "schema:closes": "21:30:00",
          "schema:opens": "17:45:00",
          "schema:validFrom": "2023-01-01T00:00:00",
          "schema:validThrough": "2023-12-31T23:59:59",
          "@type": [
            "schema:OpeningHoursSpecification"
          ],
          "additionalInformation": {
            "de": [
              "Mittwochabend in Les Mattons,\r\nDonnerstagabend in Notre Dame de Mésage (Notre Dame de Mésage)\r\nDienstag-, Freitag-, Samstagabend an der Mautstelle von Vizille (Vizille)"
            ],
            "en": [
              "Wednesday night at the Mattons,\r\nThursday evening at Notre Dame de Mésage\r\nTuesday, Friday, Saturday evening at the Vizille tollbooth (Vizille)"
            ],
            "it": [
              "Mercoledì sera a Les Mattons,\r\nGiovedì sera a Notre Dame de Mésage\r\nMartedì, venerdì e sabato sera al casello di Vizille (Vizille)"
            ],
            "fr": [
              "Mercredi soir aux Mattons,\r\nJeudi soir à Notre Dame de Mésage\r\nMardi, vendredi, samedi soir au péage de Vizille  (Vizille)"
            ],
            "nl": [
              "Woensdagavond in Les Mattons,\r\nDonderdagavond in Notre Dame de Mésage\r\nDinsdag-, vrijdag- en zaterdagavond aan het tolhuisje van Vizille"
            ],
            "es": [
              "Miércoles por la noche en Les Mattons,\r\nJueves por la noche en Notre Dame de Mésage\r\nMartes, viernes y sábado por la noche en el peaje de Vizille"
            ]
          },
          "hasTranslatedProperty": [
            {
              "@id": "https://data.datatourisme.fr/0ec3ea08-7bd2-3277-8903-02cc9b4ac0d7",
              "dc:contributor": [
                "https://api.deepl.com/v2/translate"
              ],
              "rdf:language": [
                "de"
              ],
              "rdf:predicate": [
                "additionalInformation"
              ]
            },
            {
              "@id": "https://data.datatourisme.fr/1bf62cb6-4f4f-32b7-966a-b4f608e960e9",
              "dc:contributor": [
                "https://api.deepl.com/v2/translate"
              ],
              "rdf:language": [
                "it"
              ],
              "rdf:predicate": [
                "additionalInformation"
              ]
            },
            {
              "@id": "https://data.datatourisme.fr/206066d1-118a-3577-b010-7265f2771c2d",
              "dc:contributor": [
                "https://api.deepl.com/v2/translate"
              ],
              "rdf:language": [
                "en"
              ],
              "rdf:predicate": [
                "additionalInformation"
              ]
            },
            {
              "@id": "https://data.datatourisme.fr/82762217-fed2-386d-8bef-01dbbe217882",
              "dc:contributor": [
                "https://api.deepl.com/v2/translate"
              ],
              "rdf:language": [
                "es"
              ],
              "rdf:predicate": [
                "additionalInformation"
              ]
            },
            {
              "@id": "https://data.datatourisme.fr/be1b2163-3df3-300f-af1f-e9f072885eaa",
              "dc:contributor": [
                "https://api.deepl.com/v2/translate"
              ],
              "rdf:language": [
                "nl"
              ],
              "rdf:predicate": [
                "additionalInformation"
              ]
            }
          ]
        }
      ],
      "@type": [
        "schema:Place",
        "Place"
      ]
    }
  ],
  "isOwnedBy": [
    {
      "@id": "https://data.datatourisme.fr/2f1059c8-d115-3ae6-b567-ca485e1a5529",
      "schema:email": [
        "olga.barrere@agence-grenoblealpes.com"
      ],
      "schema:legalName": "Office de Tourisme Grenoble Alpes",
      "@type": [
        "schema:Organization",
        "foaf:Agent",
        "Agent"
      ],
      "foaf:homepage": [
        "https://www.grenoble-tourisme.com/fr/"
      ]
    }
  ],
  "lastUpdate": "2021-05-19",
  "lastUpdateDatatourisme": "2023-02-01T18:07:36.148Z"
}