{
  "@id": "https://data.datatourisme.fr/32/817e0ca5-dd1f-31b5-8fb6-091f6f3f14de",
  "dc:identifier": "RESLAR034V51Q71T",
  "@type": [
    "schema:CafeOrCoffeeShop",
    "schema:FoodEstablishment",
    "schema:Restaurant",
    "CafeOrTeahouse",
    "FoodEstablishment",
    "PlaceOfInterest",
    "PointOfInterest",
    "Restaurant"
  ],
  "rdfs:label": {
    "en": [
      "LE PILGRIM"
    ],
    "fr": [
      "LE PILGRIM"
    ]
  },
  "creationDate": "2019-09-09",
  "hasBeenCreatedBy": {
    "@id": "https://data.datatourisme.fr/ee971f5f-1772-3b3f-932a-ace1eea53b3a",
    "schema:legalName": "OT CAP D'AGDE MEDITERRANEE",
    "@type": [
      "schema:Organization",
      "foaf:Agent",
      "Agent"
    ]
  },
  "hasBeenPublishedBy": [
    {
      "@id": "https://data.datatourisme.fr/febedded-d61e-398a-afe4-6ddebe34211c",
      "schema:email": [
        "contact@herault-tourisme.com"
      ],
      "schema:legalName": "Hérault Tourisme",
      "schema:telephone": [
        "+33 4 67 67 71 71"
      ],
      "@type": [
        "schema:Organization",
        "foaf:Agent",
        "Agent"
      ],
      "foaf:homepage": [
        "http://www.herault-tourisme.com/"
      ]
    }
  ],
  "hasContact": [
    {
      "@id": "https://data.datatourisme.fr/0a09c0ce-d54d-3fb4-8eea-0a67b3f6f678",
      "schema:email": [
        "pilgrimgreendelice2018@gmail.com"
      ],
      "schema:legalName": "LE PILGRIM",
      "schema:telephone": [
        "+33 6 14 24 17 03"
      ],
      "@type": [
        "schema:Organization",
        "foaf:Agent",
        "Agent"
      ]
    }
  ],
  "isLocatedAt": [
    {
      "@id": "https://data.datatourisme.fr/e399e148-0e94-37ca-bfbb-2f640e0f56be",
      "schema:address": [
        {
          "@id": "https://data.datatourisme.fr/a1b1e7cb-69f9-3b28-8703-48fb38fdeb8a",
          "schema:addressLocality": "Pézenas",
          "schema:postalCode": "34120",
          "schema:streetAddress": [
            "6 Rue Four de la Ville"
          ],
          "@type": [
            "schema:PostalAddress",
            "PostalAddress"
          ],
          "hasAddressCity": {
            "@id": "kb:34199",
            "@type": [
              "City"
            ],
            "rdfs:label": {
              "de": [
                "Pézenas"
              ],
              "pt": [
                "Pézenas"
              ],
              "en": [
                "Pézenas"
              ],
              "it": [
                "Pézenas"
              ],
              "fr": [
                "Pézenas"
              ],
              "nl": [
                "Pézenas"
              ],
              "es": [
                "Pézenas"
              ]
            },
            "insee": "34199",
            "isPartOfDepartment": {
              "@id": "kb:France7634",
              "@type": [
                "Department"
              ],
              "rdfs:label": {
                "de": [
                  "Hérault"
                ],
                "pt": [
                  "Hérault"
                ],
                "en": [
                  "Hérault"
                ],
                "it": [
                  "Hérault"
                ],
                "fr": [
                  "Hérault"
                ],
                "nl": [
                  "Hérault"
                ],
                "es": [
                  "Hérault"
                ]
              },
              "insee": "34",
              "isPartOfRegion": {
                "@id": "kb:France76",
                "@type": [
                  "Region"
                ],
                "rdfs:label": {
                  "de": [
                    "Occitanie"
                  ],
                  "pt": [
                    "Occitanie"
                  ],
                  "en": [
                    "Occitanie"
                  ],
                  "it": [
                    "Occitanie"
                  ],
                  "fr": [
                    "Occitanie"
                  ],
                  "nl": [
                    "Occitanie"
                  ],
                  "es": [
                    "Occitanie"
                  ]
                },
                "insee": "76",
                "isPartOfCountry": {
                  "@id": "kb:France",
                  "@type": [
                    "schema:Country"
                  ],
                  "rdfs:label": {
                    "de": [
                      "France",
                      "Frankreich"
                    ],
                    "pt": [
                      "França",
                      "France"
                    ],
                    "en": [
                      "France"
                    ],
                    "it": [
                      "France",
                      "Francia"
                    ],
                    "fr": [
                      "France"
                    ],
                    "nl": [
                      "France",
                      "Frankrijk"
                    ],
                    "es": [
                      "France",
                      "Francia"
                    ]
                  }
                }
              }
            }
          }
        }
      ],
      "schema:geo": {
        "@id": "https://data.datatourisme.fr/0c43a88f-a919-34a9-a3c9-8b7abb5eccff",
        "schema:latitude": "43.461327",
        "schema:longitude": "3.422605",
        "@type": [
          "schema:GeoCoordinates"
        ]
      },
      "schema:openingHoursSpecification": [
        {
          "@id": "https://data.datatourisme.fr/1676ed37-8b71-3839-8b48-8272c0ea7926",
          "schema:closes": "14:30:00",
          "schema:dayOfWeek": [
            {
              "@id": "schema:Saturday",
              "@type": [
                "schema:DayOfWeek"
              ],
              "rdfs:label": {
                "de": [
                  "Samstag"
                ],
                "pt": [
                  "Sábado"
                ],
                "en": [
                  "Saturday"
                ],
                "it": [
                  "Sabato"
                ],
                "fr": [
                  "Samedi"
                ],
                "nl": [
                  "Zaterdag"
                ],
                "es": [
                  "Sábado"
                ]
              }
            }
          ],
          "schema:opens": "11:45:00",
          "schema:validFrom": "2022-12-01T11:45:00",
          "schema:validThrough": "2023-12-31T14:30:00",
          "@type": [
            "schema:OpeningHoursSpecification"
          ],
          "additionalInformation": {
            "de": [
              "Fermeture: Montag-Dienstag-Mittwochabend-Donnerstagabend-Freitagabend-Samstagabend-Sonntagabend."
            ],
            "en": [
              "Fermeture: Monday-Tuesday-Wednesday evening-Thursday evening-Friday evening-Saturday evening-Sunday evening."
            ],
            "it": [
              "Chiuso: lunedì-martedì-mercoledì sera-giovedì sera-venerdì sera-sabato sera-domenica sera."
            ],
            "fr": [
              "Fermeture: Lundi-Mardi-Mercredi soir-Jeudi soir-Vendredi soir-Samedi soir-Dimanche soir."
            ],
            "nl": [
              "Fermeture: Maandag-Dinsdag-Woensdagavond-Donderdagavond-Vrijdagavond-Zaterdagavond-Zondagavond."
            ],
            "es": [
              "Fermeture: Lunes-Martes-Miércoles por la tarde-Jueves por la tarde-Viernes por la tarde-Sábado por la tarde-Domingo por la tarde."
            ]
          },
          "hasTranslatedProperty": [
            {
              "@id": "https://data.datatourisme.fr/14d48b7f-7e86-39a8-be1f-a645bc549afb",
              "dc:contributor": [
                "https://api.deepl.com/v2/translate"
              ],
              "rdf:language": [
                "it"
              ],
              "rdf:predicate": [
                "additionalInformation"
              ]
            }
          ]
        },
        {
          "@id": "https://data.datatourisme.fr/34d6962d-e1cc-311f-bbef-93ac060d8c73",
          "schema:closes": "14:30:00",
          "schema:dayOfWeek": [
            {
              "@id": "schema:Wednesday",
              "@type": [
                "schema:DayOfWeek"
              ],
              "rdfs:label": {
                "de": [
                  "Mittwoch"
                ],
                "pt": [
                  "Quarta-feira"
                ],
                "en": [
                  "Wednesday"
                ],
                "it": [
                  "Mercoledì"
                ],
                "fr": [
                  "Mercredi"
                ],
                "nl": [
                  "Woensdag"
                ],
                "es": [
                  "Miércoles"
                ]
              }
            }
          ],
          "schema:opens": "11:45:00",
          "schema:validFrom": "2022-12-01T11:45:00",
          "schema:validThrough": "2023-12-31T14:30:00",
          "@type": [
            "schema:OpeningHoursSpecification"
          ],
          "additionalInformation": {
            "de": [
              "Fermeture: Montag-Dienstag-Mittwochabend-Donnerstagabend-Freitagabend-Samstagabend-Sonntagabend."
            ],
            "en": [
              "Fermeture: Monday-Tuesday-Wednesday evening-Thursday evening-Friday evening-Saturday evening-Sunday evening."
            ],
            "it": [
              "Chiuso: lunedì-martedì-mercoledì sera-giovedì sera-venerdì sera-sabato sera-domenica sera."
            ],
            "fr": [
              "Fermeture: Lundi-Mardi-Mercredi soir-Jeudi soir-Vendredi soir-Samedi soir-Dimanche soir."
            ],
            "nl": [
              "Fermeture: Maandag-Dinsdag-Woensdagavond-Donderdagavond-Vrijdagavond-Zaterdagavond-Zondagavond."
            ],
            "es": [
              "Fermeture: Lunes-Martes-Miércoles por la tarde-Jueves por la tarde-Viernes por la tarde-Sábado por la tarde-Domingo por la tarde."
            ]
          },
          "hasTranslatedProperty": [
            {
              "@id": "https://data.datatourisme.fr/f7a766b2-53c1-39ed-9029-0ef24e8ab29b",
              "dc:contributor": [
                "https://api.deepl.com/v2/translate"
              ],
              "rdf:language": [
                "it"
              ],
              "rdf:predicate": [
                "additionalInformation"
              ]
            }
          ]
        },
        {
          "@id": "https://data.datatourisme.fr/8d561349-b0ef-3c83-934c-6b7caaf88c9a",
          "schema:closes": "14:30:00",
          "schema:dayOfWeek": [
            {
              "@id": "schema:Thursday",
              "@type": [
                "schema:DayOfWeek"
              ],
              "rdfs:label": {
                "de": [
                  "Donnerstag"
                ],
                "pt": [
                  "Quinta-feira"
                ],
                "en": [
                  "Thursday"
                ],
                "it": [
                  "Giovedì"
                ],
                "fr": [
                  "Jeudi"
                ],
                "es": [
                  "Jueves"
                ],
                "nl": [
                  "Donderdag"
                ]
              }
            }
          ],
          "schema:opens": "11:45:00",
          "schema:validFrom": "2022-12-01T11:45:00",
          "schema:validThrough": "2023-12-31T14:30:00",
          "@type": [
            "schema:OpeningHoursSpecification"
          ],
          "additionalInformation": {
            "de": [
              "Fermeture: Montag-Dienstag-Mittwochabend-Donnerstagabend-Freitagabend-Samstagabend-Sonntagabend."
            ],
            "en": [
              "Fermeture: Monday-Tuesday-Wednesday evening-Thursday evening-Friday evening-Saturday evening-Sunday evening."
            ],
            "it": [
              "Chiuso: lunedì-martedì-mercoledì sera-giovedì sera-venerdì sera-sabato sera-domenica sera."
            ],
            "fr": [
              "Fermeture: Lundi-Mardi-Mercredi soir-Jeudi soir-Vendredi soir-Samedi soir-Dimanche soir."
            ],
            "nl": [
              "Fermeture: Maandag-Dinsdag-Woensdagavond-Donderdagavond-Vrijdagavond-Zaterdagavond-Zondagavond."
            ],
            "es": [
              "Fermeture: Lunes-Martes-Miércoles por la tarde-Jueves por la tarde-Viernes por la tarde-Sábado por la tarde-Domingo por la tarde."
            ]
          },
          "hasTranslatedProperty": [
            {
              "@id": "https://data.datatourisme.fr/7da5425d-4cde-3c6e-a9bb-16b9cdfe121e",
              "dc:contributor": [
                "https://api.deepl.com/v2/translate"
              ],
              "rdf:language": [
                "it"
              ],
              "rdf:predicate": [
                "additionalInformation"
              ]
            }
          ]
        },
        {
          "@id": "https://data.datatourisme.fr/c2c51872-f25f-3d67-8aa9-4bfb39715fe8",
          "schema:closes": "14:30:00",
          "schema:dayOfWeek": [
            {
              "@id": "schema:Sunday",
              "@type": [
                "schema:DayOfWeek"
              ],
              "rdfs:label": {
                "de": [
                  "Sonntag"
                ],
                "pt": [
                  "Domingo"
                ],
                "en": [
                  "Sunday"
                ],
                "it": [
                  "Domenica"
                ],
                "fr": [
                  "Dimanche"
                ],
                "nl": [
                  "Zondag"
                ],
                "es": [
                  "Domingo"
                ]
              }
            }
          ],
          "schema:opens": "11:45:00",
          "schema:validFrom": "2022-12-01T11:45:00",
          "schema:validThrough": "2023-12-31T14:30:00",
          "@type": [
            "schema:OpeningHoursSpecification"
          ],
          "additionalInformation": {
            "de": [
              "Fermeture: Montag-Dienstag-Mittwochabend-Donnerstagabend-Freitagabend-Samstagabend-Sonntagabend."
            ],
            "en": [
              "Fermeture: Monday-Tuesday-Wednesday evening-Thursday evening-Friday evening-Saturday evening-Sunday evening."
            ],
            "it": [
              "Chiuso: lunedì-martedì-mercoledì sera-giovedì sera-venerdì sera-sabato sera-domenica sera."
            ],
            "fr": [
              "Fermeture: Lundi-Mardi-Mercredi soir-Jeudi soir-Vendredi soir-Samedi soir-Dimanche soir."
            ],
            "nl": [
              "Fermeture: Maandag-Dinsdag-Woensdagavond-Donderdagavond-Vrijdagavond-Zaterdagavond-Zondagavond."
            ],
            "es": [
              "Fermeture: Lunes-Martes-Miércoles por la tarde-Jueves por la tarde-Viernes por la tarde-Sábado por la tarde-Domingo por la tarde."
            ]
          },
          "hasTranslatedProperty": [
            {
              "@id": "https://data.datatourisme.fr/2e5eb91d-5c7b-3480-b55f-bf77c5710b14",
              "dc:contributor": [
                "https://api.deepl.com/v2/translate"
              ],
              "rdf:language": [
                "it"
              ],
              "rdf:predicate": [
                "additionalInformation"
              ]
            }
          ]
        },
        {
          "@id": "https://data.datatourisme.fr/c58c2c49-d34b-3168-9b09-7c9064e35936",
          "schema:closes": "14:30:00",
          "schema:dayOfWeek": [
            {
              "@id": "schema:Friday",
              "@type": [
                "schema:DayOfWeek"
              ],
              "rdfs:label": {
                "de": [
                  "Freitag"
                ],
                "pt": [
                  "Sexta-feira"
                ],
                "en": [
                  "Friday"
                ],
                "it": [
                  "Venerdì"
                ],
                "fr": [
                  "Vendredi"
                ],
                "nl": [
                  "Vrijdag"
                ],
                "es": [
                  "Viernes"
                ]
              }
            }
          ],
          "schema:opens": "11:45:00",
          "schema:validFrom": "2022-12-01T11:45:00",
          "schema:validThrough": "2023-12-31T14:30:00",
          "@type": [
            "schema:OpeningHoursSpecification"
          ],
          "additionalInformation": {
            "de": [
              "Fermeture: Montag-Dienstag-Mittwochabend-Donnerstagabend-Freitagabend-Samstagabend-Sonntagabend."
            ],
            "en": [
              "Fermeture: Monday-Tuesday-Wednesday evening-Thursday evening-Friday evening-Saturday evening-Sunday evening."
            ],
            "it": [
              "Chiuso: lunedì-martedì-mercoledì sera-giovedì sera-venerdì sera-sabato sera-domenica sera."
            ],
            "fr": [
              "Fermeture: Lundi-Mardi-Mercredi soir-Jeudi soir-Vendredi soir-Samedi soir-Dimanche soir."
            ],
            "nl": [
              "Fermeture: Maandag-Dinsdag-Woensdagavond-Donderdagavond-Vrijdagavond-Zaterdagavond-Zondagavond."
            ],
            "es": [
              "Fermeture: Lunes-Martes-Miércoles por la tarde-Jueves por la tarde-Viernes por la tarde-Sábado por la tarde-Domingo por la tarde."
            ]
          },
          "hasTranslatedProperty": [
            {
              "@id": "https://data.datatourisme.fr/2e2b76c0-7341-34ad-b7a7-9aedef7f5010",
              "dc:contributor": [
                "https://api.deepl.com/v2/translate"
              ],
              "rdf:language": [
                "it"
              ],
              "rdf:predicate": [
                "additionalInformation"
              ]
            }
          ]
        }
      ],
      "@type": [
        "schema:Place",
        "Place"
      ]
    }
  ],
  "lastUpdate": "2023-06-21",
  "lastUpdateDatatourisme": "2023-06-21T23:21:42.989Z",
  "reducedMobilityAccess": false
}