{
  "@id": "https://data.datatourisme.fr/32/48606aae-246d-3f15-9d32-da10dddb5afa",
  "dc:identifier": "RESLAR034V52ASJA",
  "@type": [
    "schema:FastFoodRestaurant",
    "schema:FoodEstablishment",
    "FastFoodRestaurant",
    "FoodEstablishment",
    "PlaceOfInterest",
    "PointOfInterest"
  ],
  "rdfs:comment": {
    "de": [
      "Pizzeria food truck in der Umgebung von Clermont l'Hérault .\nCatering-Service auf Anfrage\n\nBestellungsaufnahme ab 16 Uhr"
    ],
    "en": [
      "Pizzeria food truck on the outskirts of Clermont l'Hérault.\nCatering service on request\n\nOrders taken from 16h"
    ],
    "it": [
      "Pizzeria food truck alla periferia di Clermont l'Hérault.\nServizio di catering su richiesta\n\nOrdini accettati dalle 16:00"
    ],
    "fr": [
      "Pizzeria food truck sur les alentours de Clermont l'Hérault .\nService traiteur sur demande\n\nPrise de commande à partir de 16h"
    ],
    "nl": [
      "Pizzeria food truck aan de rand van Clermont l'Hérault.\nCatering service op aanvraag\n\nBestellingen aangenomen vanaf 16.00 uur"
    ],
    "es": [
      "Pizzería food truck en las afueras de Clermont l'Hérault.\nServicio de catering previa petición\n\nRecepción de pedidos a partir de las 16.00 horas"
    ]
  },
  "rdfs:label": {
    "en": [
      "IL TRATTORIA"
    ],
    "fr": [
      "IL TRATTORIA"
    ]
  },
  "creationDate": "2023-02-13",
  "hasBeenCreatedBy": {
    "@id": "https://data.datatourisme.fr/2305608f-9615-37a2-b035-f5a992aefaaa",
    "schema:legalName": "OT ST GUILHEM VALLEE DE L'HERAULT",
    "@type": [
      "schema:Organization",
      "foaf:Agent",
      "Agent"
    ]
  },
  "hasBeenPublishedBy": [
    {
      "@id": "https://data.datatourisme.fr/febedded-d61e-398a-afe4-6ddebe34211c",
      "schema:email": [
        "contact@herault-tourisme.com"
      ],
      "schema:legalName": "Hérault Tourisme",
      "schema:telephone": [
        "+33 4 67 67 71 71"
      ],
      "@type": [
        "schema:Organization",
        "foaf:Agent",
        "Agent"
      ],
      "foaf:homepage": [
        "http://www.herault-tourisme.com/"
      ]
    }
  ],
  "hasContact": [
    {
      "@id": "https://data.datatourisme.fr/febfa899-6975-3b29-80ee-3e398adb071d",
      "schema:legalName": "IL TRATTORIA",
      "schema:telephone": [
        "+33 6 70 36 78 13"
      ],
      "@type": [
        "schema:Organization",
        "foaf:Agent",
        "Agent"
      ]
    }
  ],
  "hasDescription": [
    {
      "@id": "https://data.datatourisme.fr/093a5c69-6507-3b42-9542-517df662daec",
      "dc:description": {
        "de": [
          "Pizzeria Food Truck in der Umgebung von Clermont l'Hérault .\nCatering-Service auf Anfrage und/oder nach Vereinbarung"
        ],
        "en": [
          "Pizzeria food truck on the surroundings of Clermont l'Hérault.\nCatering service on demand and/or on request"
        ],
        "it": [
          "Pizzeria food truck alla periferia di Clermont l'Hérault.\nServizio di catering su richiesta e/o a richiesta"
        ],
        "fr": [
          "Pizzeria food truck sur les alentours de Clermont l'Hérault .\nService traiteur sur demande et/ou pr"
        ],
        "nl": [
          "Pizzeria food truck aan de rand van Clermont l'Hérault.\nCatering service op verzoek en/of op aanvraag"
        ],
        "es": [
          "Pizzería food truck en las afueras de Clermont l'Hérault.\nServicio de catering a petición y/o por encargo"
        ]
      },
      "@type": [
        "Description"
      ],
      "hasTranslatedProperty": [
        {
          "@id": "https://data.datatourisme.fr/50be101f-41c7-3e02-98fd-4a26de1905f6",
          "dc:contributor": [
            "https://api.deepl.com/v2/translate"
          ],
          "rdf:language": [
            "it"
          ],
          "rdf:predicate": [
            {
              "@id": "dc:description"
            }
          ]
        },
        {
          "@id": "https://data.datatourisme.fr/9a315733-aaa9-3889-9771-e72f2e35adb5",
          "dc:contributor": [
            "https://api.deepl.com/v2/translate"
          ],
          "rdf:language": [
            "it"
          ],
          "rdf:predicate": [
            "shortDescription"
          ]
        }
      ],
      "shortDescription": {
        "de": [
          "Pizzeria food truck in der Umgebung von Clermont l'Hérault .\nCatering-Service auf Anfrage\n\nBestellungsaufnahme ab 16 Uhr"
        ],
        "en": [
          "Pizzeria food truck on the outskirts of Clermont l'Hérault.\nCatering service on request\n\nOrders taken from 16h"
        ],
        "it": [
          "Pizzeria food truck alla periferia di Clermont l'Hérault.\nServizio di catering su richiesta\n\nOrdini accettati dalle 16:00"
        ],
        "fr": [
          "Pizzeria food truck sur les alentours de Clermont l'Hérault .\nService traiteur sur demande\n\nPrise de commande à partir de 16h"
        ],
        "nl": [
          "Pizzeria food truck aan de rand van Clermont l'Hérault.\nCatering service op aanvraag\n\nBestellingen aangenomen vanaf 16.00 uur"
        ],
        "es": [
          "Pizzería food truck en las afueras de Clermont l'Hérault.\nServicio de catering previa petición\n\nRecepción de pedidos a partir de las 16.00 horas"
        ]
      }
    }
  ],
  "hasTranslatedProperty": [
    {
      "@id": "https://data.datatourisme.fr/4d389810-4fda-3106-bf3f-8a2846ea0983",
      "dc:contributor": [
        "https://api.deepl.com/v2/translate"
      ],
      "rdf:language": [
        "en"
      ],
      "rdf:predicate": [
        {
          "@id": "rdfs:comment"
        }
      ]
    },
    {
      "@id": "https://data.datatourisme.fr/4e0dbadf-e0d2-3991-b556-e45585c8ce0a",
      "dc:contributor": [
        "https://api.deepl.com/v2/translate"
      ],
      "rdf:language": [
        "es"
      ],
      "rdf:predicate": [
        {
          "@id": "rdfs:comment"
        }
      ]
    },
    {
      "@id": "https://data.datatourisme.fr/731456c8-0470-3f0d-8018-1dda39055ea5",
      "dc:contributor": [
        "https://api.deepl.com/v2/translate"
      ],
      "rdf:language": [
        "de"
      ],
      "rdf:predicate": [
        {
          "@id": "rdfs:comment"
        }
      ]
    },
    {
      "@id": "https://data.datatourisme.fr/a01b8490-72cb-3a7a-b4b3-9f692e68a77c",
      "dc:contributor": [
        "https://api.deepl.com/v2/translate"
      ],
      "rdf:language": [
        "it"
      ],
      "rdf:predicate": [
        {
          "@id": "rdfs:comment"
        }
      ]
    },
    {
      "@id": "https://data.datatourisme.fr/c7e346db-4f50-36fa-9d1e-5bde55036e88",
      "dc:contributor": [
        "https://api.deepl.com/v2/translate"
      ],
      "rdf:language": [
        "nl"
      ],
      "rdf:predicate": [
        {
          "@id": "rdfs:comment"
        }
      ]
    }
  ],
  "isLocatedAt": [
    {
      "@id": "https://data.datatourisme.fr/11e3a116-c78e-323e-b2e4-90c0fa2a5405",
      "schema:address": [
        {
          "@id": "https://data.datatourisme.fr/84b4fdef-263c-384e-980f-8351b0a322d0",
          "schema:addressLocality": "Le Pouget",
          "schema:postalCode": "34230",
          "@type": [
            "schema:PostalAddress",
            "PostalAddress"
          ],
          "hasAddressCity": {
            "@id": "kb:34210",
            "@type": [
              "City"
            ],
            "rdfs:label": {
              "de": [
                "Le Pouget"
              ],
              "pt": [
                "Le Pouget"
              ],
              "en": [
                "Le Pouget"
              ],
              "it": [
                "Le Pouget"
              ],
              "fr": [
                "Le Pouget"
              ],
              "nl": [
                "Le Pouget"
              ],
              "es": [
                "Le Pouget"
              ]
            },
            "insee": "34210",
            "isPartOfDepartment": {
              "@id": "kb:France7634",
              "@type": [
                "Department"
              ],
              "rdfs:label": {
                "de": [
                  "Hérault"
                ],
                "pt": [
                  "Hérault"
                ],
                "en": [
                  "Hérault"
                ],
                "it": [
                  "Hérault"
                ],
                "fr": [
                  "Hérault"
                ],
                "nl": [
                  "Hérault"
                ],
                "es": [
                  "Hérault"
                ]
              },
              "insee": "34",
              "isPartOfRegion": {
                "@id": "kb:France76",
                "@type": [
                  "Region"
                ],
                "rdfs:label": {
                  "de": [
                    "Occitanie"
                  ],
                  "pt": [
                    "Occitanie"
                  ],
                  "en": [
                    "Occitanie"
                  ],
                  "it": [
                    "Occitanie"
                  ],
                  "fr": [
                    "Occitanie"
                  ],
                  "nl": [
                    "Occitanie"
                  ],
                  "es": [
                    "Occitanie"
                  ]
                },
                "insee": "76",
                "isPartOfCountry": {
                  "@id": "kb:France",
                  "@type": [
                    "schema:Country"
                  ],
                  "rdfs:label": {
                    "de": [
                      "France",
                      "Frankreich"
                    ],
                    "pt": [
                      "França",
                      "France"
                    ],
                    "en": [
                      "France"
                    ],
                    "it": [
                      "France",
                      "Francia"
                    ],
                    "fr": [
                      "France"
                    ],
                    "nl": [
                      "France",
                      "Frankrijk"
                    ],
                    "es": [
                      "France",
                      "Francia"
                    ]
                  }
                }
              }
            }
          }
        }
      ],
      "schema:geo": {
        "@id": "https://data.datatourisme.fr/6de31901-0893-3a90-b0be-b9f86b237311",
        "schema:latitude": "43.59213",
        "schema:longitude": "3.5225",
        "@type": [
          "schema:GeoCoordinates"
        ]
      },
      "schema:openingHoursSpecification": [
        {
          "@id": "https://data.datatourisme.fr/53d49659-4b1f-30b8-acb2-a33fde3d4640",
          "schema:dayOfWeek": [
            {
              "@id": "schema:Friday",
              "@type": [
                "schema:DayOfWeek"
              ],
              "rdfs:label": {
                "de": [
                  "Freitag"
                ],
                "pt": [
                  "Sexta-feira"
                ],
                "en": [
                  "Friday"
                ],
                "it": [
                  "Venerdì"
                ],
                "fr": [
                  "Vendredi"
                ],
                "nl": [
                  "Vrijdag"
                ],
                "es": [
                  "Viernes"
                ]
              }
            }
          ],
          "schema:validFrom": "2023-01-01T00:00:00",
          "schema:validThrough": "2023-12-31T23:59:59",
          "@type": [
            "schema:OpeningHoursSpecification"
          ],
          "additionalInformation": {
            "de": [
              "GEÖFFNET\nMittwoch: Zentrum von Le Pouget\nFreitag: Campagnan\nSamstag (jedes zweite Mal): Saint Pons de Mauchiens\n Sonntagabend: Tressan\n\nMontag, Dienstag und Donnerstag GESCHLOSSEN"
            ],
            "en": [
              "OPEN\nWednesday: Le Pouget center\nFriday: Campagnan\nSaturday (every other day): Saint Pons de Mauchiens\n Sunday evening: Tressan\n\nCLOSED on Monday, Tuesday and Thursday"
            ],
            "it": [
              "APERTO\nMercoledì: centro Le Pouget\nVenerdì: Campagnan\nSabato (a giorni alterni): Saint Pons de Mauchiens\n Domenica sera: Tressan\n\nCHIUSO il lunedì, il martedì e il giovedì"
            ],
            "fr": [
              "OUVERT\nMercredi: centre du Pouget \nVendredi: Campagnan\nSamedi (1 fois sur deux): Saint Pons de Mauchiens\n Dimanche soir: Tressan\n\nFERME le lundi, mardi et jeudi"
            ],
            "nl": [
              "OPEN\nWoensdag: Le Pouget centrum\nVrijdag: Campagnan\nZaterdag (om de dag): Saint Pons de Mauchiens\n Zondagavond: Tressan\n\nGESLOTEN op maandag, dinsdag en donderdag"
            ],
            "es": [
              "ABIERTO\nMiércoles: Centro Le Pouget\nViernes: Campagnan\nSábado (en días alternos): San Pons de Mauchiens\n Domingo por la noche: Tressan\n\nCERRADO los lunes, martes y jueves"
            ]
          },
          "hasTranslatedProperty": [
            {
              "@id": "https://data.datatourisme.fr/0c38f507-283d-36c3-996b-782a1d466a04",
              "dc:contributor": [
                "https://api.deepl.com/v2/translate"
              ],
              "rdf:language": [
                "de"
              ],
              "rdf:predicate": [
                "additionalInformation"
              ]
            },
            {
              "@id": "https://data.datatourisme.fr/24ca4a54-a0b7-3cc3-a6a5-5a4f79c32aa8",
              "dc:contributor": [
                "https://api.deepl.com/v2/translate"
              ],
              "rdf:language": [
                "es"
              ],
              "rdf:predicate": [
                "additionalInformation"
              ]
            },
            {
              "@id": "https://data.datatourisme.fr/7f824e48-8695-36df-96df-68f7c4106769",
              "dc:contributor": [
                "https://api.deepl.com/v2/translate"
              ],
              "rdf:language": [
                "en"
              ],
              "rdf:predicate": [
                "additionalInformation"
              ]
            },
            {
              "@id": "https://data.datatourisme.fr/9aff355b-6007-3f8c-b923-f6ceeace8f30",
              "dc:contributor": [
                "https://api.deepl.com/v2/translate"
              ],
              "rdf:language": [
                "nl"
              ],
              "rdf:predicate": [
                "additionalInformation"
              ]
            },
            {
              "@id": "https://data.datatourisme.fr/c6066f23-5ee1-3294-a041-8154e5f287f4",
              "dc:contributor": [
                "https://api.deepl.com/v2/translate"
              ],
              "rdf:language": [
                "it"
              ],
              "rdf:predicate": [
                "additionalInformation"
              ]
            }
          ]
        },
        {
          "@id": "https://data.datatourisme.fr/921c16f4-8041-3da4-a1f8-d344f6afb27d",
          "schema:dayOfWeek": [
            {
              "@id": "schema:Tuesday",
              "@type": [
                "schema:DayOfWeek"
              ],
              "rdfs:label": {
                "de": [
                  "Dienstag"
                ],
                "pt": [
                  "Terça-feira"
                ],
                "en": [
                  "Tuesday"
                ],
                "it": [
                  "Martedì"
                ],
                "fr": [
                  "Mardi"
                ],
                "es": [
                  "Martes"
                ],
                "nl": [
                  "Dinsdag"
                ]
              }
            }
          ],
          "schema:validFrom": "2023-01-01T00:00:00",
          "schema:validThrough": "2023-12-31T23:59:59",
          "@type": [
            "schema:OpeningHoursSpecification"
          ],
          "additionalInformation": {
            "de": [
              "GEÖFFNET\nMittwoch: Zentrum von Le Pouget\nFreitag: Campagnan\nSamstag (jedes zweite Mal): Saint Pons de Mauchiens\n Sonntagabend: Tressan\n\nMontag, Dienstag und Donnerstag GESCHLOSSEN"
            ],
            "en": [
              "OPEN\nWednesday: Le Pouget center\nFriday: Campagnan\nSaturday (every other day): Saint Pons de Mauchiens\n Sunday evening: Tressan\n\nCLOSED on Monday, Tuesday and Thursday"
            ],
            "it": [
              "APERTO\nMercoledì: centro Le Pouget\nVenerdì: Campagnan\nSabato (a giorni alterni): Saint Pons de Mauchiens\n Domenica sera: Tressan\n\nCHIUSO il lunedì, il martedì e il giovedì"
            ],
            "fr": [
              "OUVERT\nMercredi: centre du Pouget \nVendredi: Campagnan\nSamedi (1 fois sur deux): Saint Pons de Mauchiens\n Dimanche soir: Tressan\n\nFERME le lundi, mardi et jeudi"
            ],
            "nl": [
              "OPEN\nWoensdag: Le Pouget centrum\nVrijdag: Campagnan\nZaterdag (om de dag): Saint Pons de Mauchiens\n Zondagavond: Tressan\n\nGESLOTEN op maandag, dinsdag en donderdag"
            ],
            "es": [
              "ABIERTO\nMiércoles: Centro Le Pouget\nViernes: Campagnan\nSábado (en días alternos): San Pons de Mauchiens\n Domingo por la noche: Tressan\n\nCERRADO los lunes, martes y jueves"
            ]
          },
          "hasTranslatedProperty": [
            {
              "@id": "https://data.datatourisme.fr/5da44b09-52b8-3a61-88e2-012bcd9badc4",
              "dc:contributor": [
                "https://api.deepl.com/v2/translate"
              ],
              "rdf:language": [
                "de"
              ],
              "rdf:predicate": [
                "additionalInformation"
              ]
            },
            {
              "@id": "https://data.datatourisme.fr/825aba7c-feea-399f-86d0-1c055ff11420",
              "dc:contributor": [
                "https://api.deepl.com/v2/translate"
              ],
              "rdf:language": [
                "it"
              ],
              "rdf:predicate": [
                "additionalInformation"
              ]
            },
            {
              "@id": "https://data.datatourisme.fr/86842b0d-a362-305e-819b-d0bd801f3b4a",
              "dc:contributor": [
                "https://api.deepl.com/v2/translate"
              ],
              "rdf:language": [
                "en"
              ],
              "rdf:predicate": [
                "additionalInformation"
              ]
            },
            {
              "@id": "https://data.datatourisme.fr/bc870161-b24a-3780-b993-4fc5e552ce25",
              "dc:contributor": [
                "https://api.deepl.com/v2/translate"
              ],
              "rdf:language": [
                "es"
              ],
              "rdf:predicate": [
                "additionalInformation"
              ]
            },
            {
              "@id": "https://data.datatourisme.fr/f56ff4db-49e5-3a8c-af45-f942da868e75",
              "dc:contributor": [
                "https://api.deepl.com/v2/translate"
              ],
              "rdf:language": [
                "nl"
              ],
              "rdf:predicate": [
                "additionalInformation"
              ]
            }
          ]
        },
        {
          "@id": "https://data.datatourisme.fr/997227df-40b6-33ca-8fa8-c59ef9ec18a2",
          "schema:dayOfWeek": [
            {
              "@id": "schema:Saturday",
              "@type": [
                "schema:DayOfWeek"
              ],
              "rdfs:label": {
                "de": [
                  "Samstag"
                ],
                "pt": [
                  "Sábado"
                ],
                "en": [
                  "Saturday"
                ],
                "it": [
                  "Sabato"
                ],
                "fr": [
                  "Samedi"
                ],
                "nl": [
                  "Zaterdag"
                ],
                "es": [
                  "Sábado"
                ]
              }
            }
          ],
          "schema:validFrom": "2023-01-01T00:00:00",
          "schema:validThrough": "2023-12-31T23:59:59",
          "@type": [
            "schema:OpeningHoursSpecification"
          ],
          "additionalInformation": {
            "de": [
              "GEÖFFNET\nMittwoch: Zentrum von Le Pouget\nFreitag: Campagnan\nSamstag (jedes zweite Mal): Saint Pons de Mauchiens\n Sonntagabend: Tressan\n\nMontag, Dienstag und Donnerstag GESCHLOSSEN"
            ],
            "en": [
              "OPEN\nWednesday: Le Pouget center\nFriday: Campagnan\nSaturday (every other day): Saint Pons de Mauchiens\n Sunday evening: Tressan\n\nCLOSED on Monday, Tuesday and Thursday"
            ],
            "it": [
              "APERTO\nMercoledì: centro Le Pouget\nVenerdì: Campagnan\nSabato (a giorni alterni): Saint Pons de Mauchiens\n Domenica sera: Tressan\n\nCHIUSO il lunedì, il martedì e il giovedì"
            ],
            "fr": [
              "OUVERT\nMercredi: centre du Pouget \nVendredi: Campagnan\nSamedi (1 fois sur deux): Saint Pons de Mauchiens\n Dimanche soir: Tressan\n\nFERME le lundi, mardi et jeudi"
            ],
            "nl": [
              "OPEN\nWoensdag: Le Pouget centrum\nVrijdag: Campagnan\nZaterdag (om de dag): Saint Pons de Mauchiens\n Zondagavond: Tressan\n\nGESLOTEN op maandag, dinsdag en donderdag"
            ],
            "es": [
              "ABIERTO\nMiércoles: Centro Le Pouget\nViernes: Campagnan\nSábado (en días alternos): San Pons de Mauchiens\n Domingo por la noche: Tressan\n\nCERRADO los lunes, martes y jueves"
            ]
          },
          "hasTranslatedProperty": [
            {
              "@id": "https://data.datatourisme.fr/39a4989e-d8cc-398f-be5f-1e58bf6b0bcf",
              "dc:contributor": [
                "https://api.deepl.com/v2/translate"
              ],
              "rdf:language": [
                "es"
              ],
              "rdf:predicate": [
                "additionalInformation"
              ]
            },
            {
              "@id": "https://data.datatourisme.fr/58175718-aed3-38d6-b46b-863cca77f088",
              "dc:contributor": [
                "https://api.deepl.com/v2/translate"
              ],
              "rdf:language": [
                "en"
              ],
              "rdf:predicate": [
                "additionalInformation"
              ]
            },
            {
              "@id": "https://data.datatourisme.fr/68812ba4-6e8b-33e0-9d4e-078225de31fc",
              "dc:contributor": [
                "https://api.deepl.com/v2/translate"
              ],
              "rdf:language": [
                "it"
              ],
              "rdf:predicate": [
                "additionalInformation"
              ]
            },
            {
              "@id": "https://data.datatourisme.fr/7a55cec7-8d72-34f3-a0aa-7d5dc0fba810",
              "dc:contributor": [
                "https://api.deepl.com/v2/translate"
              ],
              "rdf:language": [
                "nl"
              ],
              "rdf:predicate": [
                "additionalInformation"
              ]
            },
            {
              "@id": "https://data.datatourisme.fr/7df76341-eeaa-3071-9690-f4a88017b77e",
              "dc:contributor": [
                "https://api.deepl.com/v2/translate"
              ],
              "rdf:language": [
                "de"
              ],
              "rdf:predicate": [
                "additionalInformation"
              ]
            }
          ]
        },
        {
          "@id": "https://data.datatourisme.fr/a1df9155-d5ba-3d8c-a3f7-97970335276c",
          "schema:dayOfWeek": [
            {
              "@id": "schema:Monday",
              "@type": [
                "schema:DayOfWeek"
              ],
              "rdfs:label": {
                "de": [
                  "Montag"
                ],
                "pt": [
                  "Segunda-feira"
                ],
                "en": [
                  "Monday"
                ],
                "it": [
                  "Lunedì"
                ],
                "fr": [
                  "Lundi"
                ],
                "nl": [
                  "Maandag"
                ],
                "es": [
                  "Lunes"
                ]
              }
            }
          ],
          "schema:validFrom": "2023-01-01T00:00:00",
          "schema:validThrough": "2023-12-31T23:59:59",
          "@type": [
            "schema:OpeningHoursSpecification"
          ],
          "additionalInformation": {
            "de": [
              "GEÖFFNET\nMittwoch: Zentrum von Le Pouget\nFreitag: Campagnan\nSamstag (jedes zweite Mal): Saint Pons de Mauchiens\n Sonntagabend: Tressan\n\nMontag, Dienstag und Donnerstag GESCHLOSSEN"
            ],
            "en": [
              "OPEN\nWednesday: Le Pouget center\nFriday: Campagnan\nSaturday (every other day): Saint Pons de Mauchiens\n Sunday evening: Tressan\n\nCLOSED on Monday, Tuesday and Thursday"
            ],
            "it": [
              "APERTO\nMercoledì: centro Le Pouget\nVenerdì: Campagnan\nSabato (a giorni alterni): Saint Pons de Mauchiens\n Domenica sera: Tressan\n\nCHIUSO il lunedì, il martedì e il giovedì"
            ],
            "fr": [
              "OUVERT\nMercredi: centre du Pouget \nVendredi: Campagnan\nSamedi (1 fois sur deux): Saint Pons de Mauchiens\n Dimanche soir: Tressan\n\nFERME le lundi, mardi et jeudi"
            ],
            "nl": [
              "OPEN\nWoensdag: Le Pouget centrum\nVrijdag: Campagnan\nZaterdag (om de dag): Saint Pons de Mauchiens\n Zondagavond: Tressan\n\nGESLOTEN op maandag, dinsdag en donderdag"
            ],
            "es": [
              "ABIERTO\nMiércoles: Centro Le Pouget\nViernes: Campagnan\nSábado (en días alternos): San Pons de Mauchiens\n Domingo por la noche: Tressan\n\nCERRADO los lunes, martes y jueves"
            ]
          },
          "hasTranslatedProperty": [
            {
              "@id": "https://data.datatourisme.fr/61248794-1427-3691-86d8-6752fe39d284",
              "dc:contributor": [
                "https://api.deepl.com/v2/translate"
              ],
              "rdf:language": [
                "en"
              ],
              "rdf:predicate": [
                "additionalInformation"
              ]
            },
            {
              "@id": "https://data.datatourisme.fr/6bd74da1-82d1-3a69-a384-9d638883230b",
              "dc:contributor": [
                "https://api.deepl.com/v2/translate"
              ],
              "rdf:language": [
                "nl"
              ],
              "rdf:predicate": [
                "additionalInformation"
              ]
            },
            {
              "@id": "https://data.datatourisme.fr/85fc4389-e6c5-315d-a767-738bb1fcd3ff",
              "dc:contributor": [
                "https://api.deepl.com/v2/translate"
              ],
              "rdf:language": [
                "es"
              ],
              "rdf:predicate": [
                "additionalInformation"
              ]
            },
            {
              "@id": "https://data.datatourisme.fr/ca388b56-7eac-366a-8e7f-69397d1ec7e6",
              "dc:contributor": [
                "https://api.deepl.com/v2/translate"
              ],
              "rdf:language": [
                "de"
              ],
              "rdf:predicate": [
                "additionalInformation"
              ]
            },
            {
              "@id": "https://data.datatourisme.fr/fce39f01-6fbb-3a64-b81e-7cbebe930ffd",
              "dc:contributor": [
                "https://api.deepl.com/v2/translate"
              ],
              "rdf:language": [
                "it"
              ],
              "rdf:predicate": [
                "additionalInformation"
              ]
            }
          ]
        },
        {
          "@id": "https://data.datatourisme.fr/bb716766-4d38-312f-ba01-8272fcd306a3",
          "schema:dayOfWeek": [
            {
              "@id": "schema:Wednesday",
              "@type": [
                "schema:DayOfWeek"
              ],
              "rdfs:label": {
                "de": [
                  "Mittwoch"
                ],
                "pt": [
                  "Quarta-feira"
                ],
                "en": [
                  "Wednesday"
                ],
                "it": [
                  "Mercoledì"
                ],
                "fr": [
                  "Mercredi"
                ],
                "nl": [
                  "Woensdag"
                ],
                "es": [
                  "Miércoles"
                ]
              }
            }
          ],
          "schema:validFrom": "2023-01-01T00:00:00",
          "schema:validThrough": "2023-12-31T23:59:59",
          "@type": [
            "schema:OpeningHoursSpecification"
          ],
          "additionalInformation": {
            "de": [
              "GEÖFFNET\nMittwoch: Zentrum von Le Pouget\nFreitag: Campagnan\nSamstag (jedes zweite Mal): Saint Pons de Mauchiens\n Sonntagabend: Tressan\n\nMontag, Dienstag und Donnerstag GESCHLOSSEN"
            ],
            "en": [
              "OPEN\nWednesday: Le Pouget center\nFriday: Campagnan\nSaturday (every other day): Saint Pons de Mauchiens\n Sunday evening: Tressan\n\nCLOSED on Monday, Tuesday and Thursday"
            ],
            "it": [
              "APERTO\nMercoledì: centro Le Pouget\nVenerdì: Campagnan\nSabato (a giorni alterni): Saint Pons de Mauchiens\n Domenica sera: Tressan\n\nCHIUSO il lunedì, il martedì e il giovedì"
            ],
            "fr": [
              "OUVERT\nMercredi: centre du Pouget \nVendredi: Campagnan\nSamedi (1 fois sur deux): Saint Pons de Mauchiens\n Dimanche soir: Tressan\n\nFERME le lundi, mardi et jeudi"
            ],
            "nl": [
              "OPEN\nWoensdag: Le Pouget centrum\nVrijdag: Campagnan\nZaterdag (om de dag): Saint Pons de Mauchiens\n Zondagavond: Tressan\n\nGESLOTEN op maandag, dinsdag en donderdag"
            ],
            "es": [
              "ABIERTO\nMiércoles: Centro Le Pouget\nViernes: Campagnan\nSábado (en días alternos): San Pons de Mauchiens\n Domingo por la noche: Tressan\n\nCERRADO los lunes, martes y jueves"
            ]
          },
          "hasTranslatedProperty": [
            {
              "@id": "https://data.datatourisme.fr/481e406f-8bbb-37f0-ac32-4102f82e95ac",
              "dc:contributor": [
                "https://api.deepl.com/v2/translate"
              ],
              "rdf:language": [
                "en"
              ],
              "rdf:predicate": [
                "additionalInformation"
              ]
            },
            {
              "@id": "https://data.datatourisme.fr/5a52f22d-531a-3718-aaeb-e392db68fb6f",
              "dc:contributor": [
                "https://api.deepl.com/v2/translate"
              ],
              "rdf:language": [
                "nl"
              ],
              "rdf:predicate": [
                "additionalInformation"
              ]
            },
            {
              "@id": "https://data.datatourisme.fr/5d21ed36-7ef0-3e15-86d9-35ae94a4d970",
              "dc:contributor": [
                "https://api.deepl.com/v2/translate"
              ],
              "rdf:language": [
                "it"
              ],
              "rdf:predicate": [
                "additionalInformation"
              ]
            },
            {
              "@id": "https://data.datatourisme.fr/905f5de8-526a-3a01-9f8e-a08c9a744acb",
              "dc:contributor": [
                "https://api.deepl.com/v2/translate"
              ],
              "rdf:language": [
                "es"
              ],
              "rdf:predicate": [
                "additionalInformation"
              ]
            },
            {
              "@id": "https://data.datatourisme.fr/cec93fe1-82a9-3111-93c6-7272522807a9",
              "dc:contributor": [
                "https://api.deepl.com/v2/translate"
              ],
              "rdf:language": [
                "de"
              ],
              "rdf:predicate": [
                "additionalInformation"
              ]
            }
          ]
        },
        {
          "@id": "https://data.datatourisme.fr/dafa57ee-d2a5-3c21-8410-3b9b95ff5586",
          "schema:dayOfWeek": [
            {
              "@id": "schema:Sunday",
              "@type": [
                "schema:DayOfWeek"
              ],
              "rdfs:label": {
                "de": [
                  "Sonntag"
                ],
                "pt": [
                  "Domingo"
                ],
                "en": [
                  "Sunday"
                ],
                "it": [
                  "Domenica"
                ],
                "fr": [
                  "Dimanche"
                ],
                "nl": [
                  "Zondag"
                ],
                "es": [
                  "Domingo"
                ]
              }
            }
          ],
          "schema:validFrom": "2023-01-01T00:00:00",
          "schema:validThrough": "2023-12-31T23:59:59",
          "@type": [
            "schema:OpeningHoursSpecification"
          ],
          "additionalInformation": {
            "de": [
              "GEÖFFNET\nMittwoch: Zentrum von Le Pouget\nFreitag: Campagnan\nSamstag (jedes zweite Mal): Saint Pons de Mauchiens\n Sonntagabend: Tressan\n\nMontag, Dienstag und Donnerstag GESCHLOSSEN"
            ],
            "en": [
              "OPEN\nWednesday: Le Pouget center\nFriday: Campagnan\nSaturday (every other day): Saint Pons de Mauchiens\n Sunday evening: Tressan\n\nCLOSED on Monday, Tuesday and Thursday"
            ],
            "it": [
              "APERTO\nMercoledì: centro Le Pouget\nVenerdì: Campagnan\nSabato (a giorni alterni): Saint Pons de Mauchiens\n Domenica sera: Tressan\n\nCHIUSO il lunedì, il martedì e il giovedì"
            ],
            "fr": [
              "OUVERT\nMercredi: centre du Pouget \nVendredi: Campagnan\nSamedi (1 fois sur deux): Saint Pons de Mauchiens\n Dimanche soir: Tressan\n\nFERME le lundi, mardi et jeudi"
            ],
            "nl": [
              "OPEN\nWoensdag: Le Pouget centrum\nVrijdag: Campagnan\nZaterdag (om de dag): Saint Pons de Mauchiens\n Zondagavond: Tressan\n\nGESLOTEN op maandag, dinsdag en donderdag"
            ],
            "es": [
              "ABIERTO\nMiércoles: Centro Le Pouget\nViernes: Campagnan\nSábado (en días alternos): San Pons de Mauchiens\n Domingo por la noche: Tressan\n\nCERRADO los lunes, martes y jueves"
            ]
          },
          "hasTranslatedProperty": [
            {
              "@id": "https://data.datatourisme.fr/9100d61f-4176-36aa-9e0d-b9ac98f40753",
              "dc:contributor": [
                "https://api.deepl.com/v2/translate"
              ],
              "rdf:language": [
                "de"
              ],
              "rdf:predicate": [
                "additionalInformation"
              ]
            },
            {
              "@id": "https://data.datatourisme.fr/ae315d13-dc22-3791-b281-c04ff703e87a",
              "dc:contributor": [
                "https://api.deepl.com/v2/translate"
              ],
              "rdf:language": [
                "nl"
              ],
              "rdf:predicate": [
                "additionalInformation"
              ]
            },
            {
              "@id": "https://data.datatourisme.fr/cbd54c35-9929-3f8a-9acd-3cb8266e89c6",
              "dc:contributor": [
                "https://api.deepl.com/v2/translate"
              ],
              "rdf:language": [
                "es"
              ],
              "rdf:predicate": [
                "additionalInformation"
              ]
            },
            {
              "@id": "https://data.datatourisme.fr/e452e4cc-c4a5-348e-98f2-ca94828df488",
              "dc:contributor": [
                "https://api.deepl.com/v2/translate"
              ],
              "rdf:language": [
                "it"
              ],
              "rdf:predicate": [
                "additionalInformation"
              ]
            },
            {
              "@id": "https://data.datatourisme.fr/e5eb02f7-e277-3b75-bb2f-e653076508d1",
              "dc:contributor": [
                "https://api.deepl.com/v2/translate"
              ],
              "rdf:language": [
                "en"
              ],
              "rdf:predicate": [
                "additionalInformation"
              ]
            }
          ]
        },
        {
          "@id": "https://data.datatourisme.fr/ffe8fef4-bc0f-36bc-8ec6-706bbe47a887",
          "schema:dayOfWeek": [
            {
              "@id": "schema:Thursday",
              "@type": [
                "schema:DayOfWeek"
              ],
              "rdfs:label": {
                "de": [
                  "Donnerstag"
                ],
                "pt": [
                  "Quinta-feira"
                ],
                "en": [
                  "Thursday"
                ],
                "it": [
                  "Giovedì"
                ],
                "fr": [
                  "Jeudi"
                ],
                "es": [
                  "Jueves"
                ],
                "nl": [
                  "Donderdag"
                ]
              }
            }
          ],
          "schema:validFrom": "2023-01-01T00:00:00",
          "schema:validThrough": "2023-12-31T23:59:59",
          "@type": [
            "schema:OpeningHoursSpecification"
          ],
          "additionalInformation": {
            "de": [
              "GEÖFFNET\nMittwoch: Zentrum von Le Pouget\nFreitag: Campagnan\nSamstag (jedes zweite Mal): Saint Pons de Mauchiens\n Sonntagabend: Tressan\n\nMontag, Dienstag und Donnerstag GESCHLOSSEN"
            ],
            "en": [
              "OPEN\nWednesday: Le Pouget center\nFriday: Campagnan\nSaturday (every other day): Saint Pons de Mauchiens\n Sunday evening: Tressan\n\nCLOSED on Monday, Tuesday and Thursday"
            ],
            "it": [
              "APERTO\nMercoledì: centro Le Pouget\nVenerdì: Campagnan\nSabato (a giorni alterni): Saint Pons de Mauchiens\n Domenica sera: Tressan\n\nCHIUSO il lunedì, il martedì e il giovedì"
            ],
            "fr": [
              "OUVERT\nMercredi: centre du Pouget \nVendredi: Campagnan\nSamedi (1 fois sur deux): Saint Pons de Mauchiens\n Dimanche soir: Tressan\n\nFERME le lundi, mardi et jeudi"
            ],
            "nl": [
              "OPEN\nWoensdag: Le Pouget centrum\nVrijdag: Campagnan\nZaterdag (om de dag): Saint Pons de Mauchiens\n Zondagavond: Tressan\n\nGESLOTEN op maandag, dinsdag en donderdag"
            ],
            "es": [
              "ABIERTO\nMiércoles: Centro Le Pouget\nViernes: Campagnan\nSábado (en días alternos): San Pons de Mauchiens\n Domingo por la noche: Tressan\n\nCERRADO los lunes, martes y jueves"
            ]
          },
          "hasTranslatedProperty": [
            {
              "@id": "https://data.datatourisme.fr/212e7f42-69bd-3dd7-9d6e-1774704fd1d0",
              "dc:contributor": [
                "https://api.deepl.com/v2/translate"
              ],
              "rdf:language": [
                "nl"
              ],
              "rdf:predicate": [
                "additionalInformation"
              ]
            },
            {
              "@id": "https://data.datatourisme.fr/42b183f1-b276-3f03-8b35-109386f7c48a",
              "dc:contributor": [
                "https://api.deepl.com/v2/translate"
              ],
              "rdf:language": [
                "es"
              ],
              "rdf:predicate": [
                "additionalInformation"
              ]
            },
            {
              "@id": "https://data.datatourisme.fr/bae84e5e-219e-394b-847e-5b8507ef8c78",
              "dc:contributor": [
                "https://api.deepl.com/v2/translate"
              ],
              "rdf:language": [
                "it"
              ],
              "rdf:predicate": [
                "additionalInformation"
              ]
            },
            {
              "@id": "https://data.datatourisme.fr/bdd4dd42-52c6-3f3a-8491-6cf83ee382e2",
              "dc:contributor": [
                "https://api.deepl.com/v2/translate"
              ],
              "rdf:language": [
                "de"
              ],
              "rdf:predicate": [
                "additionalInformation"
              ]
            },
            {
              "@id": "https://data.datatourisme.fr/c18ab5ac-6db5-3793-9606-e5118d0c382a",
              "dc:contributor": [
                "https://api.deepl.com/v2/translate"
              ],
              "rdf:language": [
                "en"
              ],
              "rdf:predicate": [
                "additionalInformation"
              ]
            }
          ]
        }
      ],
      "@type": [
        "schema:Place",
        "Place"
      ]
    }
  ],
  "lastUpdate": "2023-06-21",
  "lastUpdateDatatourisme": "2023-06-21T23:21:42.99Z",
  "offers": [
    {
      "@id": "https://data.datatourisme.fr/43bf2ede-5dd1-3c37-8b94-c4dd6a8af69d",
      "schema:priceSpecification": [
        {
          "@id": "https://data.datatourisme.fr/a154f43d-a527-3944-a3b1-4fd1858585d1",
          "schema:minPrice": [
            "9"
          ],
          "schema:priceCurrency": "EUR",
          "@type": [
            "schema:PriceSpecification"
          ]
        }
      ],
      "@type": [
        "schema:Offer",
        "Offer"
      ]
    }
  ]
}