{
  "@id": "https://data.datatourisme.fr/30/52fa4ab8-4c8a-3e7f-a19a-9d92849fdab7",
  "dc:identifier": "ORGNOR061FS0273W",
  "@type": [
    "schema:TouristInformationCenter",
    "LocalTouristOffice",
    "PlaceOfInterest",
    "PointOfInterest",
    "TouristInformationCenter"
  ],
  "rdfs:label": {
    "en": [
      "Office de Tourisme des Vallées d'Auge et du Merlerault"
    ],
    "fr": [
      "Office de Tourisme des Vallées d'Auge et du Merlerault"
    ]
  },
  "creationDate": "2009-03-18",
  "hasBeenCreatedBy": {
    "@id": "https://data.datatourisme.fr/30/55aef97f-295d-34ed-9fa3-904a3fca5963",
    "dc:identifier": "2ba2a0ff-13f9-4f80-bdbd-a522239b9e46",
    "schema:address": [
      {
        "@id": "https://data.datatourisme.fr/926ebf43-a3b3-317d-a3e0-a162e9eda186",
        "schema:addressLocality": "Le Pin-au-Haras",
        "schema:postalCode": "61017",
        "schema:streetAddress": [
          "27 boulevard de Strasbourg",
          "CS 30528",
          "Conseil Départemental de l'Orne"
        ],
        "@type": [
          "schema:PostalAddress",
          "PostalAddress"
        ],
        "hasAddressCity": {
          "@id": "kb:61328",
          "@type": [
            "City"
          ],
          "rdfs:label": {
            "de": [
              "Le Pin-au-Haras"
            ],
            "pt": [
              "Le Pin-au-Haras"
            ],
            "en": [
              "Le Pin-au-Haras"
            ],
            "it": [
              "Le Pin-au-Haras"
            ],
            "fr": [
              "Le Pin-au-Haras"
            ],
            "nl": [
              "Le Pin-au-Haras"
            ],
            "es": [
              "Le Pin-au-Haras"
            ]
          },
          "insee": "61328",
          "isPartOfDepartment": {
            "@id": "kb:France2861",
            "@type": [
              "Department"
            ],
            "rdfs:label": {
              "de": [
                "Orne"
              ],
              "pt": [
                "Orne"
              ],
              "en": [
                "Orne"
              ],
              "it": [
                "Orne"
              ],
              "fr": [
                "Orne"
              ],
              "nl": [
                "Orne"
              ],
              "es": [
                "Orne"
              ]
            },
            "insee": "61",
            "isPartOfRegion": {
              "@id": "kb:France28",
              "@type": [
                "Region"
              ],
              "rdfs:label": {
                "de": [
                  "Normandie"
                ],
                "pt": [
                  "Normandie"
                ],
                "en": [
                  "Normandie"
                ],
                "it": [
                  "Normandie"
                ],
                "fr": [
                  "Normandie"
                ],
                "nl": [
                  "Normandie"
                ],
                "es": [
                  "Normandie"
                ]
              },
              "insee": "28",
              "isPartOfCountry": {
                "@id": "kb:France",
                "@type": [
                  "schema:Country"
                ],
                "rdfs:label": {
                  "de": [
                    "France",
                    "Frankreich"
                  ],
                  "pt": [
                    "França",
                    "France"
                  ],
                  "en": [
                    "France"
                  ],
                  "it": [
                    "France",
                    "Francia"
                  ],
                  "fr": [
                    "France"
                  ],
                  "nl": [
                    "France",
                    "Frankrijk"
                  ],
                  "es": [
                    "France",
                    "Francia"
                  ]
                }
              }
            }
          }
        }
      },
      {
        "@id": "https://data.datatourisme.fr/a288a150-8e89-34dd-82b2-533a5431aefd",
        "schema:addressLocality": "Longny les Villages",
        "schema:postalCode": "61017",
        "schema:streetAddress": [
          "27 boulevard de Strasbourg",
          "CS 30528",
          "Conseil Départemental de l'Orne"
        ],
        "@type": [
          "schema:PostalAddress",
          "PostalAddress"
        ],
        "hasAddressCity": {
          "@id": "kb:61230",
          "@type": [
            "City"
          ],
          "rdfs:label": {
            "de": [
              "Longny les Villages"
            ],
            "pt": [
              "Longny les Villages"
            ],
            "en": [
              "Longny les Villages"
            ],
            "it": [
              "Longny les Villages"
            ],
            "fr": [
              "Longny les Villages"
            ],
            "nl": [
              "Longny les Villages"
            ],
            "es": [
              "Longny les Villages"
            ]
          },
          "insee": "61230",
          "isPartOfDepartment": {
            "@id": "kb:France2861",
            "@type": [
              "Department"
            ],
            "rdfs:label": {
              "de": [
                "Orne"
              ],
              "pt": [
                "Orne"
              ],
              "en": [
                "Orne"
              ],
              "it": [
                "Orne"
              ],
              "fr": [
                "Orne"
              ],
              "nl": [
                "Orne"
              ],
              "es": [
                "Orne"
              ]
            },
            "insee": "61",
            "isPartOfRegion": {
              "@id": "kb:France28",
              "@type": [
                "Region"
              ],
              "rdfs:label": {
                "de": [
                  "Normandie"
                ],
                "pt": [
                  "Normandie"
                ],
                "en": [
                  "Normandie"
                ],
                "it": [
                  "Normandie"
                ],
                "fr": [
                  "Normandie"
                ],
                "nl": [
                  "Normandie"
                ],
                "es": [
                  "Normandie"
                ]
              },
              "insee": "28",
              "isPartOfCountry": {
                "@id": "kb:France",
                "@type": [
                  "schema:Country"
                ],
                "rdfs:label": {
                  "de": [
                    "France",
                    "Frankreich"
                  ],
                  "pt": [
                    "França",
                    "France"
                  ],
                  "en": [
                    "France"
                  ],
                  "it": [
                    "France",
                    "Francia"
                  ],
                  "fr": [
                    "France"
                  ],
                  "nl": [
                    "France",
                    "Frankrijk"
                  ],
                  "es": [
                    "France",
                    "Francia"
                  ]
                }
              }
            }
          }
        }
      },
      {
        "@id": "https://data.datatourisme.fr/b0712bb1-0a7d-3fc7-a95e-1d1ff99534dc",
        "schema:addressLocality": "Évreux",
        "schema:postalCode": "27000",
        "schema:streetAddress": [
          "14 Rue Charles Corbeau - Le Doyenné"
        ],
        "@type": [
          "schema:PostalAddress",
          "PostalAddress"
        ],
        "hasAddressCity": {
          "@id": "kb:27229",
          "@type": [
            "City"
          ],
          "rdfs:label": {
            "de": [
              "Évreux"
            ],
            "pt": [
              "Évreux"
            ],
            "en": [
              "Évreux"
            ],
            "it": [
              "Évreux"
            ],
            "fr": [
              "Évreux"
            ],
            "nl": [
              "Évreux"
            ],
            "es": [
              "Évreux"
            ]
          },
          "insee": "27229",
          "isPartOfDepartment": {
            "@id": "kb:France2827",
            "@type": [
              "Department"
            ],
            "rdfs:label": {
              "de": [
                "Eure"
              ],
              "pt": [
                "Eure"
              ],
              "en": [
                "Eure"
              ],
              "it": [
                "Eure"
              ],
              "fr": [
                "Eure"
              ],
              "nl": [
                "Eure"
              ],
              "es": [
                "Eure"
              ]
            },
            "insee": "27",
            "isPartOfRegion": {
              "@id": "kb:France28",
              "@type": [
                "Region"
              ],
              "rdfs:label": {
                "de": [
                  "Normandie"
                ],
                "pt": [
                  "Normandie"
                ],
                "en": [
                  "Normandie"
                ],
                "it": [
                  "Normandie"
                ],
                "fr": [
                  "Normandie"
                ],
                "nl": [
                  "Normandie"
                ],
                "es": [
                  "Normandie"
                ]
              },
              "insee": "28",
              "isPartOfCountry": {
                "@id": "kb:France",
                "@type": [
                  "schema:Country"
                ],
                "rdfs:label": {
                  "de": [
                    "France",
                    "Frankreich"
                  ],
                  "pt": [
                    "França",
                    "France"
                  ],
                  "en": [
                    "France"
                  ],
                  "it": [
                    "France",
                    "Francia"
                  ],
                  "fr": [
                    "France"
                  ],
                  "nl": [
                    "France",
                    "Frankrijk"
                  ],
                  "es": [
                    "France",
                    "Francia"
                  ]
                }
              }
            }
          }
        }
      },
      {
        "@id": "https://data.datatourisme.fr/c5eb8f3b-d3b5-3c89-864f-71a05d0bc9fc",
        "schema:addressLocality": "Alençon",
        "schema:postalCode": "61017",
        "schema:streetAddress": [
          "27 boulevard de Strasbourg",
          "CS 30528",
          "Conseil Départemental de l'Orne"
        ],
        "@type": [
          "schema:PostalAddress",
          "PostalAddress"
        ],
        "hasAddressCity": {
          "@id": "kb:61001",
          "@type": [
            "City"
          ],
          "rdfs:label": {
            "de": [
              "Alençon"
            ],
            "pt": [
              "Alençon"
            ],
            "en": [
              "Alençon"
            ],
            "it": [
              "Alençon"
            ],
            "fr": [
              "Alençon"
            ],
            "nl": [
              "Alençon"
            ],
            "es": [
              "Alençon"
            ]
          },
          "insee": "61001",
          "isPartOfDepartment": {
            "@id": "kb:France2861",
            "@type": [
              "Department"
            ],
            "rdfs:label": {
              "de": [
                "Orne"
              ],
              "pt": [
                "Orne"
              ],
              "en": [
                "Orne"
              ],
              "it": [
                "Orne"
              ],
              "fr": [
                "Orne"
              ],
              "nl": [
                "Orne"
              ],
              "es": [
                "Orne"
              ]
            },
            "insee": "61",
            "isPartOfRegion": {
              "@id": "kb:France28",
              "@type": [
                "Region"
              ],
              "rdfs:label": {
                "de": [
                  "Normandie"
                ],
                "pt": [
                  "Normandie"
                ],
                "en": [
                  "Normandie"
                ],
                "it": [
                  "Normandie"
                ],
                "fr": [
                  "Normandie"
                ],
                "nl": [
                  "Normandie"
                ],
                "es": [
                  "Normandie"
                ]
              },
              "insee": "28",
              "isPartOfCountry": {
                "@id": "kb:France",
                "@type": [
                  "schema:Country"
                ],
                "rdfs:label": {
                  "de": [
                    "France",
                    "Frankreich"
                  ],
                  "pt": [
                    "França",
                    "France"
                  ],
                  "en": [
                    "France"
                  ],
                  "it": [
                    "France",
                    "Francia"
                  ],
                  "fr": [
                    "France"
                  ],
                  "nl": [
                    "France",
                    "Frankrijk"
                  ],
                  "es": [
                    "France",
                    "Francia"
                  ]
                }
              }
            }
          }
        }
      },
      {
        "@id": "https://data.datatourisme.fr/fc5174ff-f888-3e86-94a3-b549e00c87aa",
        "schema:addressLocality": "Carrouges",
        "schema:postalCode": "61017",
        "schema:streetAddress": [
          "27 boulevard de Strasbourg",
          "CS 30528",
          "Conseil Départemental de l'Orne"
        ],
        "@type": [
          "schema:PostalAddress",
          "PostalAddress"
        ],
        "hasAddressCity": {
          "@id": "kb:61074",
          "@type": [
            "City"
          ],
          "rdfs:label": {
            "de": [
              "Carrouges"
            ],
            "pt": [
              "Carrouges"
            ],
            "en": [
              "Carrouges"
            ],
            "it": [
              "Carrouges"
            ],
            "fr": [
              "Carrouges"
            ],
            "nl": [
              "Carrouges"
            ],
            "es": [
              "Carrouges"
            ]
          },
          "insee": "61074",
          "isPartOfDepartment": {
            "@id": "kb:France2861",
            "@type": [
              "Department"
            ],
            "rdfs:label": {
              "de": [
                "Orne"
              ],
              "pt": [
                "Orne"
              ],
              "en": [
                "Orne"
              ],
              "it": [
                "Orne"
              ],
              "fr": [
                "Orne"
              ],
              "nl": [
                "Orne"
              ],
              "es": [
                "Orne"
              ]
            },
            "insee": "61",
            "isPartOfRegion": {
              "@id": "kb:France28",
              "@type": [
                "Region"
              ],
              "rdfs:label": {
                "de": [
                  "Normandie"
                ],
                "pt": [
                  "Normandie"
                ],
                "en": [
                  "Normandie"
                ],
                "it": [
                  "Normandie"
                ],
                "fr": [
                  "Normandie"
                ],
                "nl": [
                  "Normandie"
                ],
                "es": [
                  "Normandie"
                ]
              },
              "insee": "28",
              "isPartOfCountry": {
                "@id": "kb:France",
                "@type": [
                  "schema:Country"
                ],
                "rdfs:label": {
                  "de": [
                    "France",
                    "Frankreich"
                  ],
                  "pt": [
                    "França",
                    "France"
                  ],
                  "en": [
                    "France"
                  ],
                  "it": [
                    "France",
                    "Francia"
                  ],
                  "fr": [
                    "France"
                  ],
                  "nl": [
                    "France",
                    "Frankrijk"
                  ],
                  "es": [
                    "France",
                    "Francia"
                  ]
                }
              }
            }
          }
        }
      }
    ],
    "schema:email": [
      "tourisme61@orne.fr"
    ],
    "schema:legalName": "Normandie Tourisme / Orne Tourisme",
    "@type": [
      "schema:Organization",
      "foaf:Agent",
      "Agent"
    ]
  },
  "hasBeenPublishedBy": [
    {
      "@id": "https://data.datatourisme.fr/adce4411-0f8d-3138-8d32-b8eb71125ab5",
      "schema:email": [
        "l.helbert@normandie-tourisme.fr"
      ],
      "schema:legalName": "Normandie Tourisme",
      "@type": [
        "schema:Organization",
        "foaf:Agent",
        "Agent"
      ],
      "foaf:homepage": [
        "https://www.normandie-tourisme.fr/"
      ]
    }
  ],
  "hasContact": [
    {
      "@id": "https://data.datatourisme.fr/7e7b31df-cc44-3fff-8f07-9d9b4201fdc6",
      "schema:email": [
        "contact@cdcvam.fr"
      ],
      "schema:telephone": [
        "+33 2 33 67 54 85"
      ],
      "@type": [
        "foaf:Agent",
        "Agent"
      ],
      "foaf:homepage": [
        "http://www.terrederichesses.fr/"
      ]
    }
  ],
  "hasDescription": [
    {
      "@id": "https://data.datatourisme.fr/f68bf159-5002-3d68-a0a8-c52598dd60c0",
      "dc:description": {
        "de": [
          "Die pure authentische Normandie: Erholen Sie sich in einer ganz besonderen Normandie!\nEin natürliches Land :\nEin Land, das reich an wunderschönen hügeligen Landschaften ist, in denen Flüsse fließen, die ein wahres Paradies für Angler und Wanderer sind. Ein außergewöhnliches Land für die Zucht von Vollblutpferden, die Sie am Wegesrand bewundern können.\nEin authentisches Land :\nEin Land, das reich an regionalen Produkten ist: Apfelweinprodukte, Milchprodukte mit seinem \"Königskäse\" Camembert, der 1791 von Marie HAREL in dem berühmten Dorf CAMEMBERT kreiert wurde, und die Zucht des Merlerault-Huhns, ein Geflügel, das bei Restaurantbesitzern berühmt ist.\nEin Land mit Geschichte :\nEin geschichtsträchtiges Land, insbesondere eine Hochburg der \"Schlacht um die Normandie\", die einen der letzten \"Tiger\"-Panzer der deutschen Armee in Erinnerung behält. Die Normandie ist die Heimat vieler berühmter Persönlichkeiten und verfügt über Museen, Schlösser und Gärten, die Sie besichtigen können. Eine echte Normandie wie auf Postkarten! Auf unseren \"Entdeckungstouren\" werden Sie gerne in SAP-EN-AUGE, einer \"Petite Cité de Caractère\", oder an anderen Orten mit Sehenswürdigkeiten Halt machen.\nEin gastfreundliches Land :\nEin Land, das reich an Frauen, Männern, Gastgebern, Restaurantbesitzern und Produzenten ist, die ihre Region und ihr Kulturerbe lieben und Ihnen in vollkommener Gastfreundschaft alle möglichen Informationen und sogar einige ihrer \"kleinen Geheimnisse\" verraten werden... Sie werden auch nicht zögern, an unseren sommerlichen Veranstaltungen teilzunehmen und unsere traditionellen Märkte zu besuchen, die einen weiteren Reiz unserer so schönen Region darstellen.\nEin Land der Kulturen:\nEin Land voller Inspiration für Maler wie Edgar DEGAS, Fernand LEGER oder Marie-Thérèse AUFFRAY, für Schriftsteller wie Jean de LA VARENDE oder Alexandre DUMAS fils, der eines seiner Kinder zur unsterblichen Heldin seines Buches \"LA DAME AUX CAMELIAS\" machte. Musik- und Theaterliebhaber, Liebhaber von Gemälden und Skulpturen, eine reiche Kultursaison und Ausstellungen werden all Ihre Erwartungen erfüllen."
        ],
        "en": [
          "Purely authentic Normandy: come and recharge your batteries in a Normandy that is different from the rest!\nA Natural Land :\nA land rich in magnificent hilly landscapes with flowing rivers, a real paradise for fishermen and hikers. A land of exception for the breeding of \"thoroughbred\" horses that you will be able to admire at the bend of a path.\nAn authentic land:\nA land rich in local products: cider products, dairy products with its \"king cheese\" Camembert created in 1791 by Marie HAREL in the famous village of CAMEMBERT and the breeding of the Merlerault chicken, a poultry renowned by restaurateurs.\nA Historical Land :\nA land rich in History, in particular, a high place of the \"Battle of Normandy\" which keeps in memory one of the last \"Tiger\" tanks of the German army. A land, cradle of many famous people and which has museums, castles and gardens that you can visit. A real postcard Normandy! During our \"discovery tours\", you will take pleasure in stopping at SAP-EN-AUGE, \"Petite Cité de Caractère\", or in other places of curiosity.\nA Welcoming Land :\nA land full of women, men, hosts, restaurateurs, producers in love with their land and their heritage who, in the most perfect conviviality, will give you all sorts of information and even some of their \"little secrets\"... Also, you will not hesitate to participate in all our summer animations, to attend our traditional markets, other charms of our so beautiful region.\nA Cultural Land :\nA land rich in inspiration for painters such as Edgar DEGAS, Fernand LEGER or Marie-Thérèse AUFFRAY, for writers such as Jean de LA VARENDE or Alexandre DUMAS fils who made one of his children the immortal heroine of his book \"LA DAME AUX CAMELIAS\". Lovers of all kinds of music, theater, painting and sculpture, a rich cultural season and exhibitions will meet all your expectations."
        ],
        "it": [
          "La Normandia puramente autentica: venite a fare il pieno di energia in una Normandia diversa da tutte le altre!\nUna terra naturale :\nUna terra ricca di magnifici paesaggi collinari con fiumi che scorrono, un vero paradiso per pescatori ed escursionisti. Una terra d'eccezione per l'allevamento di cavalli purosangue che potrete ammirare alla curva della strada.\nUna terra autentica:\nUna terra ricca di prodotti locali: prodotti a base di sidro, prodotti lattiero-caseari con il \"re formaggio\" Camembert creato nel 1791 da Marie HAREL nel famoso villaggio di CAMEMBERT e l'allevamento del pollo di Merlerault, un pollame rinomato dai ristoratori.\nUna terra storica :\nUna terra ricca di storia, in particolare, un luogo alto della \"Battaglia di Normandia\" che conserva nella memoria uno degli ultimi carri armati \"Tiger\" dell'esercito tedesco. Una terra che ha dato i natali a molti personaggi famosi e che ospita musei, castelli e giardini che è possibile visitare. Una vera e propria cartolina della Normandia! Durante i nostri \"tour di scoperta\", avrete il piacere di fermarvi a SAP-EN-AUGE, \"Petite Cité de Caractère\", o in altri luoghi di interesse.\nUna terra accogliente :\nUna terra piena di donne, uomini, padroni di casa, ristoratori, produttori innamorati della loro terra e del loro patrimonio che, nella più perfetta convivialità, vi daranno ogni sorta di informazione e anche qualche \"piccolo segreto\"... Inoltre, non esiterete a partecipare a tutti i nostri eventi estivi, a frequentare i nostri mercati tradizionali, altre attrattive della nostra bellissima regione.\nUna terra culturale :\nUna terra ricca di ispirazione per pittori come Edgar DEGAS, Fernand LEGER o Marie-Thérèse AUFFRAY, per scrittori come Jean de LA VARENDE o Alexandre DUMAS fils che fece di uno dei suoi figli l'immortale eroina del suo libro \"LA DAME AUX CAMELIAS\". Per gli amanti della musica, del teatro, della pittura e della scultura, una ricca stagione culturale e di mostre soddisferà tutte le vostre aspettative."
        ],
        "fr": [
          "La Normandie purement authentique : venez vous ressourcer dans une Normandie à part !\nUne Terre Naturelle :\nUne terre riche de magnifiques paysages vallonnés où coulent des rivières, véritables paradis des pêcheurs et des randonneurs. Une terre d’exception pour l’élevage de chevaux «pur-sang» que vous pourrez admirer au détour d’un chemin.\nUne Terre Authentique :\nUne terre riche de produits du terroir : produits cidricoles, produits laitiers avec son « fromage-roi » le camembert créé en 1791 par Marie HAREL dans le célèbre village de CAMEMBERT et l’élevage de la poule du Merlerault, volaille réputée par les restaurateurs.\nUne Terre Historique :\nUne terre riche d’Histoire, en particulier, un haut lieu de la «Bataille de Normandie» qui garde en souvenir l’un des derniers chars «Tigre» de l’armée allemande. Une terre, berceau de nombreux personnages célèbres et qui possède musées, châteaux et jardins que vous pourrez visiter. Une véritable Normandie de carte postale ! Au gré de nos «circuits découvertes», vous prendrez plaisir à vous arrêter au SAP-EN-AUGE, «Petite Cité de Caractère», ou en d’autres lieux de curiosités.\nUne Terre Accueillante :\nUne terre riche de femmes, d’hommes, d’hébergeurs, de restaurateurs, de producteurs amoureux de leur terroir, de leur patrimoine qui, dans la plus parfaite convivialité, vous livreront toutes sortes d’informations voire quelques-uns de leurs «petits secrets»... Aussi, vous n’hésiterez pas à participer à toutes nos animations estivales, à fréquenter nos traditionnels marchés, autres charmes de notre si belle région.\nUne Terre Culturelle :\nUne terre riche d’inspiration pour des peintres comme Edgar DEGAS, Fernand LEGER ou Marie-Thérèse AUFFRAY, pour des écrivains comme Jean de LA VARENDE ou Alexandre DUMAS fils qui fit d’une de ses enfants, l’immortelle héroïne de son livre «LA DAME AUX CAMELIAS». Amoureux de toutes les musiques, du théâtre, amateurs de peintures, de sculptures, une riche saison culturelle, des expositions pourront répondre à toutes vos attentes."
        ],
        "nl": [
          "Puur authentiek Normandië: kom nieuwe energie opdoen in een Normandië dat anders is dan de rest!\nEen natuurlijk land:\nEen land rijk aan prachtige heuvellandschappen met stromende rivieren, een waar paradijs voor vissers en wandelaars. Een land van uitzondering voor het fokken van volbloedpaarden die u in de bocht van de weg kunt bewonderen.\nEen authentiek land:\nEen land rijk aan streekproducten: ciderproducten, zuivelproducten met zijn \"koning kaas\" Camembert gecreëerd in 1791 door Marie HAREL in het beroemde dorp CAMEMBERT en het fokken van de Merlerault kip, een pluimvee gerenommeerd door restauranthouders.\nEen historisch land:\nEen land rijk aan geschiedenis, in het bijzonder een hoge plaats van de \"Slag om Normandië\" die een van de laatste \"Tiger\" tanks van het Duitse leger in herinnering houdt. Een land dat de geboorteplaats is van vele beroemde mensen en dat musea, kastelen en tuinen heeft die u kunt bezoeken. Een echte ansichtkaart Normandië! Tijdens onze \"ontdekkingstochten\" kunt u met plezier stoppen bij SAP-EN-AUGE, \"Petite Cité de Caractère\", of bij andere bezienswaardigheden.\nEen gastvrij land:\nEen land vol vrouwen, mannen, gastheren, restauranthouders, producenten die verliefd zijn op hun land en hun erfgoed en die u in de meest perfecte gezelligheid allerlei informatie en zelfs enkele van hun \"geheimpjes\" zullen geven... Ook zult u niet aarzelen om deel te nemen aan al onze zomerevenementen, onze traditionele markten bij te wonen, andere charmes van onze zo mooie streek.\nEen cultuurland:\nEen land rijk aan inspiratie voor schilders als Edgar DEGAS, Fernand LEGER of Marie-Thérèse AUFFRAY, voor schrijvers als Jean de LA VARENDE of Alexandre DUMAS fils die een van zijn kinderen tot de onsterfelijke heldin van zijn boek \"LA DAME AUX CAMELIAS\" maakte. Liefhebbers van allerlei soorten muziek, theater, schilderijen en beeldhouwwerken, een rijk cultureel seizoen en tentoonstellingen zullen aan al uw verwachtingen voldoen."
        ],
        "es": [
          "Normandía puramente auténtica: ¡venga a reponer fuerzas en una Normandía diferente a las demás!\nUna tierra natural :\nUna tierra rica en magníficos paisajes de colinas con ríos caudalosos, un auténtico paraíso para pescadores y excursionistas. Una tierra de excepción para la cría de caballos pura sangre que podrá admirar en la curva de la carretera.\nUna tierra auténtica:\nUna tierra rica en productos locales: productos a base de sidra, productos lácteos con su \"queso rey\" Camembert creado en 1791 por Marie HAREL en el famoso pueblo de CAMEMBERT y la cría del pollo de Merlerault, ave reconocida por los restauradores.\nUna tierra histórica :\nUna tierra rica en Historia, en particular, un alto lugar de la \"Batalla de Normandía\" que guarda en la memoria uno de los últimos tanques \"Tigre\" del ejército alemán. Una tierra que es cuna de muchos personajes famosos y que cuenta con museos, castillos y jardines que puede visitar. ¡Una auténtica Normandía de postal! Durante nuestros \"recorridos de descubrimiento\", tendrá el placer de detenerse en SAP-EN-AUGE, \"Petite Cité de Caractère\", o en otros lugares de interés.\nUna tierra acogedora :\nUna tierra llena de mujeres, hombres, anfitriones, restauradores, productores enamorados de su tierra y de su patrimonio que, en la más perfecta convivencia, le darán todo tipo de información e incluso algunos de sus \"pequeños secretos\"... Además, no dudará en participar en todos nuestros eventos estivales, asistir a nuestros mercados tradicionales, otros encantos de nuestra tan bella región.\nUna tierra cultural :\nUna tierra rica en inspiración para pintores como Edgar DEGAS, Fernand LEGER o Marie-Thérèse AUFFRAY, para escritores como Jean de LA VARENDE o Alexandre DUMAS hijo, que hizo de uno de sus hijos la inmortal heroína de su libro \"LA DAME AUX CAMELIAS\". Amantes de todo tipo de música, teatro, pintura y escultura, una rica temporada cultural y de exposiciones colmará todas sus expectativas."
        ]
      },
      "@type": [
        "Description"
      ],
      "hasTranslatedProperty": [
        {
          "@id": "https://data.datatourisme.fr/0214cabb-8dae-3ead-91cd-7fb0f6e1bce4",
          "dc:contributor": [
            "https://api.deepl.com/v2/translate"
          ],
          "rdf:language": [
            "de"
          ],
          "rdf:predicate": [
            {
              "@id": "dc:description"
            }
          ]
        },
        {
          "@id": "https://data.datatourisme.fr/40a46ccb-457c-3b3f-be3b-c721c97c1f79",
          "dc:contributor": [
            "https://api.deepl.com/v2/translate"
          ],
          "rdf:language": [
            "it"
          ],
          "rdf:predicate": [
            {
              "@id": "dc:description"
            }
          ]
        },
        {
          "@id": "https://data.datatourisme.fr/6b317c46-214f-3774-9274-88d42e8d41d1",
          "dc:contributor": [
            "https://api.deepl.com/v2/translate"
          ],
          "rdf:language": [
            "es"
          ],
          "rdf:predicate": [
            {
              "@id": "dc:description"
            }
          ]
        },
        {
          "@id": "https://data.datatourisme.fr/8098bb08-c78c-3975-8203-2772339e914c",
          "dc:contributor": [
            "https://api.deepl.com/v2/translate"
          ],
          "rdf:language": [
            "en"
          ],
          "rdf:predicate": [
            {
              "@id": "dc:description"
            }
          ]
        },
        {
          "@id": "https://data.datatourisme.fr/a7dbb3f3-cff6-3aac-b1c3-f43b16dcdb8d",
          "dc:contributor": [
            "https://api.deepl.com/v2/translate"
          ],
          "rdf:language": [
            "nl"
          ],
          "rdf:predicate": [
            {
              "@id": "dc:description"
            }
          ]
        }
      ]
    }
  ],
  "isLocatedAt": [
    {
      "@id": "https://data.datatourisme.fr/0d7ebb13-0f8b-3605-9054-bec6c3c01d29",
      "schema:address": [
        {
          "@id": "https://data.datatourisme.fr/d725bf0a-411e-30ab-b34f-927ee724af96",
          "schema:addressLocality": "Vimoutiers",
          "schema:postalCode": "61120",
          "schema:streetAddress": [
            "15 rue Pernelle",
            "CDC des Vallées d'Auge et du Merlerault"
          ],
          "@type": [
            "schema:PostalAddress",
            "PostalAddress"
          ],
          "hasAddressCity": {
            "@id": "kb:61508",
            "@type": [
              "City"
            ],
            "rdfs:label": {
              "de": [
                "Vimoutiers"
              ],
              "pt": [
                "Vimoutiers"
              ],
              "en": [
                "Vimoutiers"
              ],
              "it": [
                "Vimoutiers"
              ],
              "fr": [
                "Vimoutiers"
              ],
              "nl": [
                "Vimoutiers"
              ],
              "es": [
                "Vimoutiers"
              ]
            },
            "insee": "61508",
            "isPartOfDepartment": {
              "@id": "kb:France2861",
              "@type": [
                "Department"
              ],
              "rdfs:label": {
                "de": [
                  "Orne"
                ],
                "pt": [
                  "Orne"
                ],
                "en": [
                  "Orne"
                ],
                "it": [
                  "Orne"
                ],
                "fr": [
                  "Orne"
                ],
                "nl": [
                  "Orne"
                ],
                "es": [
                  "Orne"
                ]
              },
              "insee": "61",
              "isPartOfRegion": {
                "@id": "kb:France28",
                "@type": [
                  "Region"
                ],
                "rdfs:label": {
                  "de": [
                    "Normandie"
                  ],
                  "pt": [
                    "Normandie"
                  ],
                  "en": [
                    "Normandie"
                  ],
                  "it": [
                    "Normandie"
                  ],
                  "fr": [
                    "Normandie"
                  ],
                  "nl": [
                    "Normandie"
                  ],
                  "es": [
                    "Normandie"
                  ]
                },
                "insee": "28",
                "isPartOfCountry": {
                  "@id": "kb:France",
                  "@type": [
                    "schema:Country"
                  ],
                  "rdfs:label": {
                    "de": [
                      "France",
                      "Frankreich"
                    ],
                    "pt": [
                      "França",
                      "France"
                    ],
                    "en": [
                      "France"
                    ],
                    "it": [
                      "France",
                      "Francia"
                    ],
                    "fr": [
                      "France"
                    ],
                    "nl": [
                      "France",
                      "Frankrijk"
                    ],
                    "es": [
                      "France",
                      "Francia"
                    ]
                  }
                }
              }
            }
          }
        }
      ],
      "schema:geo": {
        "@id": "https://data.datatourisme.fr/315fdfd3-cbc7-3c2d-b9cd-12e7a30f8ec5",
        "schema:latitude": "48.92303",
        "schema:longitude": "0.20016",
        "@type": [
          "schema:GeoCoordinates"
        ]
      },
      "schema:openingHoursSpecification": [
        {
          "@id": "https://data.datatourisme.fr/0bef6754-da5e-3ad4-9da8-fc17ae5f0499",
          "schema:closes": "12:30:00",
          "schema:dayOfWeek": [
            {
              "@id": "schema:Tuesday",
              "@type": [
                "schema:DayOfWeek"
              ],
              "rdfs:label": {
                "de": [
                  "Dienstag"
                ],
                "pt": [
                  "Terça-feira"
                ],
                "en": [
                  "Tuesday"
                ],
                "it": [
                  "Martedì"
                ],
                "fr": [
                  "Mardi"
                ],
                "es": [
                  "Martes"
                ],
                "nl": [
                  "Dinsdag"
                ]
              }
            }
          ],
          "schema:opens": "08:30:00",
          "schema:validFrom": "2023-01-02T00:00:00",
          "schema:validThrough": "2023-12-31T00:00:00",
          "@type": [
            "schema:OpeningHoursSpecification"
          ],
          "additionalInformation": {
            "de": [
              "Geöffnet am Montag, Dienstag und Donnerstag von 8:30 bis 12:30 Uhr und von 13:30 bis 17:00 Uhr, am Mittwoch von 8:30 bis 12:00 Uhr und von 13:30 bis 17:00 Uhr , am Freitag von 8:30 bis 12:30 Uhr und von 13:30 bis 16:00 Uhr."
            ],
            "en": [
              "Open Monday, Tuesday and Thursday from 8:30 to 12:30 and from 13:30 to 17:00, Wednesday from 8:30 to 12:00 and from 13:30 to 17:00, Friday from 8:30 to 12:30 and from 13:30 to 16:00."
            ],
            "it": [
              "Aperto lunedì, martedì e giovedì dalle 8.30 alle 12.30 e dalle 13.30 alle 17.00, mercoledì dalle 8.30 alle 12.00 e dalle 13.30 alle 17.00, venerdì dalle 8.30 alle 12.30 e dalle 13.30 alle 16.00."
            ],
            "fr": [
              "Ouvert le lundi, mardi et jeudi de 8h30 à 12h30 et de 13h30 à 17h, le mercredi de 8h30 à 12h et de 13h30 à 17h , le vendredi de 8h30 à 12h30 et de 13h30 à 16h."
            ],
            "nl": [
              "Geopend op maandag, dinsdag en donderdag van 8.30 tot 12.30 uur en van 13.30 tot 17.00 uur, op woensdag van 8.30 tot 12.00 uur en van 13.30 tot 17.00 uur, op vrijdag van 8.30 tot 12.30 uur en van 13.30 tot 16.00 uur."
            ],
            "es": [
              "Abierto lunes, martes y jueves de 8.30 a 12.30 y de 13.30 a 17.00, miércoles de 8.30 a 12 y de 13.30 a 17.00, viernes de 8.30 a 12.30 y de 13.30 a 16.00."
            ]
          },
          "hasTranslatedProperty": [
            {
              "@id": "https://data.datatourisme.fr/57a3cf97-a685-3395-acc9-09aa6a932d9e",
              "dc:contributor": [
                "https://api.deepl.com/v2/translate"
              ],
              "rdf:language": [
                "it"
              ],
              "rdf:predicate": [
                "additionalInformation"
              ]
            },
            {
              "@id": "https://data.datatourisme.fr/818d41c0-c4ca-3eb1-9b55-cf8b9bbc8218",
              "dc:contributor": [
                "https://api.deepl.com/v2/translate"
              ],
              "rdf:language": [
                "nl"
              ],
              "rdf:predicate": [
                "additionalInformation"
              ]
            },
            {
              "@id": "https://data.datatourisme.fr/b414a049-4146-3f3d-b76e-d815a40da2f6",
              "dc:contributor": [
                "https://api.deepl.com/v2/translate"
              ],
              "rdf:language": [
                "en"
              ],
              "rdf:predicate": [
                "additionalInformation"
              ]
            },
            {
              "@id": "https://data.datatourisme.fr/cb3313a1-b607-3181-be3c-b570df9791c7",
              "dc:contributor": [
                "https://api.deepl.com/v2/translate"
              ],
              "rdf:language": [
                "es"
              ],
              "rdf:predicate": [
                "additionalInformation"
              ]
            },
            {
              "@id": "https://data.datatourisme.fr/ee610366-ff63-33a2-88f4-e4e671f91804",
              "dc:contributor": [
                "https://api.deepl.com/v2/translate"
              ],
              "rdf:language": [
                "de"
              ],
              "rdf:predicate": [
                "additionalInformation"
              ]
            }
          ]
        },
        {
          "@id": "https://data.datatourisme.fr/2fea160d-512b-3a63-9c4d-0666a7e97a63",
          "schema:closes": "17:00:00",
          "schema:dayOfWeek": [
            {
              "@id": "schema:Tuesday",
              "@type": [
                "schema:DayOfWeek"
              ],
              "rdfs:label": {
                "de": [
                  "Dienstag"
                ],
                "pt": [
                  "Terça-feira"
                ],
                "en": [
                  "Tuesday"
                ],
                "it": [
                  "Martedì"
                ],
                "fr": [
                  "Mardi"
                ],
                "es": [
                  "Martes"
                ],
                "nl": [
                  "Dinsdag"
                ]
              }
            }
          ],
          "schema:opens": "13:30:00",
          "schema:validFrom": "2023-01-02T00:00:00",
          "schema:validThrough": "2023-12-31T00:00:00",
          "@type": [
            "schema:OpeningHoursSpecification"
          ],
          "additionalInformation": {
            "de": [
              "Geöffnet am Montag, Dienstag und Donnerstag von 8:30 bis 12:30 Uhr und von 13:30 bis 17:00 Uhr, am Mittwoch von 8:30 bis 12:00 Uhr und von 13:30 bis 17:00 Uhr , am Freitag von 8:30 bis 12:30 Uhr und von 13:30 bis 16:00 Uhr."
            ],
            "en": [
              "Open Monday, Tuesday and Thursday from 8:30 to 12:30 and from 13:30 to 17:00, Wednesday from 8:30 to 12:00 and from 13:30 to 17:00, Friday from 8:30 to 12:30 and from 13:30 to 16:00."
            ],
            "it": [
              "Aperto lunedì, martedì e giovedì dalle 8.30 alle 12.30 e dalle 13.30 alle 17.00, mercoledì dalle 8.30 alle 12.00 e dalle 13.30 alle 17.00, venerdì dalle 8.30 alle 12.30 e dalle 13.30 alle 16.00."
            ],
            "fr": [
              "Ouvert le lundi, mardi et jeudi de 8h30 à 12h30 et de 13h30 à 17h, le mercredi de 8h30 à 12h et de 13h30 à 17h , le vendredi de 8h30 à 12h30 et de 13h30 à 16h."
            ],
            "nl": [
              "Geopend op maandag, dinsdag en donderdag van 8.30 tot 12.30 uur en van 13.30 tot 17.00 uur, op woensdag van 8.30 tot 12.00 uur en van 13.30 tot 17.00 uur, op vrijdag van 8.30 tot 12.30 uur en van 13.30 tot 16.00 uur."
            ],
            "es": [
              "Abierto lunes, martes y jueves de 8.30 a 12.30 y de 13.30 a 17.00, miércoles de 8.30 a 12 y de 13.30 a 17.00, viernes de 8.30 a 12.30 y de 13.30 a 16.00."
            ]
          },
          "hasTranslatedProperty": [
            {
              "@id": "https://data.datatourisme.fr/2140757b-e1b3-3549-8b3a-f1d00ee9831c",
              "dc:contributor": [
                "https://api.deepl.com/v2/translate"
              ],
              "rdf:language": [
                "es"
              ],
              "rdf:predicate": [
                "additionalInformation"
              ]
            },
            {
              "@id": "https://data.datatourisme.fr/56e558ea-6c8e-390c-bd64-8656ffc09cb3",
              "dc:contributor": [
                "https://api.deepl.com/v2/translate"
              ],
              "rdf:language": [
                "en"
              ],
              "rdf:predicate": [
                "additionalInformation"
              ]
            },
            {
              "@id": "https://data.datatourisme.fr/cdcf3470-c5e8-36cb-b36f-ee2225412826",
              "dc:contributor": [
                "https://api.deepl.com/v2/translate"
              ],
              "rdf:language": [
                "nl"
              ],
              "rdf:predicate": [
                "additionalInformation"
              ]
            },
            {
              "@id": "https://data.datatourisme.fr/ceba39e3-f505-37fa-b3d3-605dc6a3b482",
              "dc:contributor": [
                "https://api.deepl.com/v2/translate"
              ],
              "rdf:language": [
                "de"
              ],
              "rdf:predicate": [
                "additionalInformation"
              ]
            },
            {
              "@id": "https://data.datatourisme.fr/fa125a61-8fb2-37de-b4e6-76dabb875ab2",
              "dc:contributor": [
                "https://api.deepl.com/v2/translate"
              ],
              "rdf:language": [
                "it"
              ],
              "rdf:predicate": [
                "additionalInformation"
              ]
            }
          ]
        },
        {
          "@id": "https://data.datatourisme.fr/349d6940-ee56-3465-be6b-760a22957033",
          "schema:closes": "12:30:00",
          "schema:dayOfWeek": [
            {
              "@id": "schema:Thursday",
              "@type": [
                "schema:DayOfWeek"
              ],
              "rdfs:label": {
                "de": [
                  "Donnerstag"
                ],
                "pt": [
                  "Quinta-feira"
                ],
                "en": [
                  "Thursday"
                ],
                "it": [
                  "Giovedì"
                ],
                "fr": [
                  "Jeudi"
                ],
                "es": [
                  "Jueves"
                ],
                "nl": [
                  "Donderdag"
                ]
              }
            }
          ],
          "schema:opens": "08:30:00",
          "schema:validFrom": "2023-01-02T00:00:00",
          "schema:validThrough": "2023-12-31T00:00:00",
          "@type": [
            "schema:OpeningHoursSpecification"
          ],
          "additionalInformation": {
            "de": [
              "Geöffnet am Montag, Dienstag und Donnerstag von 8:30 bis 12:30 Uhr und von 13:30 bis 17:00 Uhr, am Mittwoch von 8:30 bis 12:00 Uhr und von 13:30 bis 17:00 Uhr , am Freitag von 8:30 bis 12:30 Uhr und von 13:30 bis 16:00 Uhr."
            ],
            "en": [
              "Open Monday, Tuesday and Thursday from 8:30 to 12:30 and from 13:30 to 17:00, Wednesday from 8:30 to 12:00 and from 13:30 to 17:00, Friday from 8:30 to 12:30 and from 13:30 to 16:00."
            ],
            "it": [
              "Aperto lunedì, martedì e giovedì dalle 8.30 alle 12.30 e dalle 13.30 alle 17.00, mercoledì dalle 8.30 alle 12.00 e dalle 13.30 alle 17.00, venerdì dalle 8.30 alle 12.30 e dalle 13.30 alle 16.00."
            ],
            "fr": [
              "Ouvert le lundi, mardi et jeudi de 8h30 à 12h30 et de 13h30 à 17h, le mercredi de 8h30 à 12h et de 13h30 à 17h , le vendredi de 8h30 à 12h30 et de 13h30 à 16h."
            ],
            "nl": [
              "Geopend op maandag, dinsdag en donderdag van 8.30 tot 12.30 uur en van 13.30 tot 17.00 uur, op woensdag van 8.30 tot 12.00 uur en van 13.30 tot 17.00 uur, op vrijdag van 8.30 tot 12.30 uur en van 13.30 tot 16.00 uur."
            ],
            "es": [
              "Abierto lunes, martes y jueves de 8.30 a 12.30 y de 13.30 a 17.00, miércoles de 8.30 a 12 y de 13.30 a 17.00, viernes de 8.30 a 12.30 y de 13.30 a 16.00."
            ]
          },
          "hasTranslatedProperty": [
            {
              "@id": "https://data.datatourisme.fr/82713134-bc6b-3689-b1a7-a1b7165d6ede",
              "dc:contributor": [
                "https://api.deepl.com/v2/translate"
              ],
              "rdf:language": [
                "es"
              ],
              "rdf:predicate": [
                "additionalInformation"
              ]
            },
            {
              "@id": "https://data.datatourisme.fr/adc975e2-5d08-3608-9fa6-cdf0e500fbc5",
              "dc:contributor": [
                "https://api.deepl.com/v2/translate"
              ],
              "rdf:language": [
                "it"
              ],
              "rdf:predicate": [
                "additionalInformation"
              ]
            },
            {
              "@id": "https://data.datatourisme.fr/b4dadfc0-afd2-3e38-be92-88175f4966dd",
              "dc:contributor": [
                "https://api.deepl.com/v2/translate"
              ],
              "rdf:language": [
                "de"
              ],
              "rdf:predicate": [
                "additionalInformation"
              ]
            },
            {
              "@id": "https://data.datatourisme.fr/b9ce325e-ec56-3a4b-ac52-1c5c8afcf0f2",
              "dc:contributor": [
                "https://api.deepl.com/v2/translate"
              ],
              "rdf:language": [
                "nl"
              ],
              "rdf:predicate": [
                "additionalInformation"
              ]
            },
            {
              "@id": "https://data.datatourisme.fr/cef60a4f-6e54-3056-8d99-a252b12eb7bc",
              "dc:contributor": [
                "https://api.deepl.com/v2/translate"
              ],
              "rdf:language": [
                "en"
              ],
              "rdf:predicate": [
                "additionalInformation"
              ]
            }
          ]
        },
        {
          "@id": "https://data.datatourisme.fr/3642ba68-84c7-35fb-a740-4569e60076fc",
          "schema:closes": "17:00:00",
          "schema:dayOfWeek": [
            {
              "@id": "schema:Wednesday",
              "@type": [
                "schema:DayOfWeek"
              ],
              "rdfs:label": {
                "de": [
                  "Mittwoch"
                ],
                "pt": [
                  "Quarta-feira"
                ],
                "en": [
                  "Wednesday"
                ],
                "it": [
                  "Mercoledì"
                ],
                "fr": [
                  "Mercredi"
                ],
                "nl": [
                  "Woensdag"
                ],
                "es": [
                  "Miércoles"
                ]
              }
            }
          ],
          "schema:opens": "13:30:00",
          "schema:validFrom": "2023-01-02T00:00:00",
          "schema:validThrough": "2023-12-31T00:00:00",
          "@type": [
            "schema:OpeningHoursSpecification"
          ],
          "additionalInformation": {
            "de": [
              "Geöffnet am Montag, Dienstag und Donnerstag von 8:30 bis 12:30 Uhr und von 13:30 bis 17:00 Uhr, am Mittwoch von 8:30 bis 12:00 Uhr und von 13:30 bis 17:00 Uhr , am Freitag von 8:30 bis 12:30 Uhr und von 13:30 bis 16:00 Uhr."
            ],
            "en": [
              "Open Monday, Tuesday and Thursday from 8:30 to 12:30 and from 13:30 to 17:00, Wednesday from 8:30 to 12:00 and from 13:30 to 17:00, Friday from 8:30 to 12:30 and from 13:30 to 16:00."
            ],
            "it": [
              "Aperto lunedì, martedì e giovedì dalle 8.30 alle 12.30 e dalle 13.30 alle 17.00, mercoledì dalle 8.30 alle 12.00 e dalle 13.30 alle 17.00, venerdì dalle 8.30 alle 12.30 e dalle 13.30 alle 16.00."
            ],
            "fr": [
              "Ouvert le lundi, mardi et jeudi de 8h30 à 12h30 et de 13h30 à 17h, le mercredi de 8h30 à 12h et de 13h30 à 17h , le vendredi de 8h30 à 12h30 et de 13h30 à 16h."
            ],
            "nl": [
              "Geopend op maandag, dinsdag en donderdag van 8.30 tot 12.30 uur en van 13.30 tot 17.00 uur, op woensdag van 8.30 tot 12.00 uur en van 13.30 tot 17.00 uur, op vrijdag van 8.30 tot 12.30 uur en van 13.30 tot 16.00 uur."
            ],
            "es": [
              "Abierto lunes, martes y jueves de 8.30 a 12.30 y de 13.30 a 17.00, miércoles de 8.30 a 12 y de 13.30 a 17.00, viernes de 8.30 a 12.30 y de 13.30 a 16.00."
            ]
          },
          "hasTranslatedProperty": [
            {
              "@id": "https://data.datatourisme.fr/4cd743ba-d1ce-31bc-b9b6-8a4492a2b7c1",
              "dc:contributor": [
                "https://api.deepl.com/v2/translate"
              ],
              "rdf:language": [
                "en"
              ],
              "rdf:predicate": [
                "additionalInformation"
              ]
            },
            {
              "@id": "https://data.datatourisme.fr/7294b630-843e-33c1-818b-c15ddb6ceaac",
              "dc:contributor": [
                "https://api.deepl.com/v2/translate"
              ],
              "rdf:language": [
                "de"
              ],
              "rdf:predicate": [
                "additionalInformation"
              ]
            },
            {
              "@id": "https://data.datatourisme.fr/9214374e-7a02-3f24-92e0-c8ecbec16bec",
              "dc:contributor": [
                "https://api.deepl.com/v2/translate"
              ],
              "rdf:language": [
                "nl"
              ],
              "rdf:predicate": [
                "additionalInformation"
              ]
            },
            {
              "@id": "https://data.datatourisme.fr/a4101341-de23-3483-bef4-06740fe1c9b0",
              "dc:contributor": [
                "https://api.deepl.com/v2/translate"
              ],
              "rdf:language": [
                "es"
              ],
              "rdf:predicate": [
                "additionalInformation"
              ]
            },
            {
              "@id": "https://data.datatourisme.fr/b2119ea5-1603-3a78-a519-70d409f225ce",
              "dc:contributor": [
                "https://api.deepl.com/v2/translate"
              ],
              "rdf:language": [
                "it"
              ],
              "rdf:predicate": [
                "additionalInformation"
              ]
            }
          ]
        },
        {
          "@id": "https://data.datatourisme.fr/4104e690-16ce-38f5-a3c0-02209b5acf27",
          "schema:closes": "17:00:00",
          "schema:dayOfWeek": [
            {
              "@id": "schema:Monday",
              "@type": [
                "schema:DayOfWeek"
              ],
              "rdfs:label": {
                "de": [
                  "Montag"
                ],
                "pt": [
                  "Segunda-feira"
                ],
                "en": [
                  "Monday"
                ],
                "it": [
                  "Lunedì"
                ],
                "fr": [
                  "Lundi"
                ],
                "nl": [
                  "Maandag"
                ],
                "es": [
                  "Lunes"
                ]
              }
            }
          ],
          "schema:opens": "13:30:00",
          "schema:validFrom": "2023-01-02T00:00:00",
          "schema:validThrough": "2023-12-31T00:00:00",
          "@type": [
            "schema:OpeningHoursSpecification"
          ],
          "additionalInformation": {
            "de": [
              "Geöffnet am Montag, Dienstag und Donnerstag von 8:30 bis 12:30 Uhr und von 13:30 bis 17:00 Uhr, am Mittwoch von 8:30 bis 12:00 Uhr und von 13:30 bis 17:00 Uhr , am Freitag von 8:30 bis 12:30 Uhr und von 13:30 bis 16:00 Uhr."
            ],
            "en": [
              "Open Monday, Tuesday and Thursday from 8:30 to 12:30 and from 13:30 to 17:00, Wednesday from 8:30 to 12:00 and from 13:30 to 17:00, Friday from 8:30 to 12:30 and from 13:30 to 16:00."
            ],
            "it": [
              "Aperto lunedì, martedì e giovedì dalle 8.30 alle 12.30 e dalle 13.30 alle 17.00, mercoledì dalle 8.30 alle 12.00 e dalle 13.30 alle 17.00, venerdì dalle 8.30 alle 12.30 e dalle 13.30 alle 16.00."
            ],
            "fr": [
              "Ouvert le lundi, mardi et jeudi de 8h30 à 12h30 et de 13h30 à 17h, le mercredi de 8h30 à 12h et de 13h30 à 17h , le vendredi de 8h30 à 12h30 et de 13h30 à 16h."
            ],
            "nl": [
              "Geopend op maandag, dinsdag en donderdag van 8.30 tot 12.30 uur en van 13.30 tot 17.00 uur, op woensdag van 8.30 tot 12.00 uur en van 13.30 tot 17.00 uur, op vrijdag van 8.30 tot 12.30 uur en van 13.30 tot 16.00 uur."
            ],
            "es": [
              "Abierto lunes, martes y jueves de 8.30 a 12.30 y de 13.30 a 17.00, miércoles de 8.30 a 12 y de 13.30 a 17.00, viernes de 8.30 a 12.30 y de 13.30 a 16.00."
            ]
          },
          "hasTranslatedProperty": [
            {
              "@id": "https://data.datatourisme.fr/126b6b19-6b5e-3aa4-9d94-f97a4ced4714",
              "dc:contributor": [
                "https://api.deepl.com/v2/translate"
              ],
              "rdf:language": [
                "it"
              ],
              "rdf:predicate": [
                "additionalInformation"
              ]
            },
            {
              "@id": "https://data.datatourisme.fr/20928eac-11c7-3c1c-b5e5-d278e7160972",
              "dc:contributor": [
                "https://api.deepl.com/v2/translate"
              ],
              "rdf:language": [
                "nl"
              ],
              "rdf:predicate": [
                "additionalInformation"
              ]
            },
            {
              "@id": "https://data.datatourisme.fr/482a9260-fbb2-3d41-87b4-c4613e3f1f2d",
              "dc:contributor": [
                "https://api.deepl.com/v2/translate"
              ],
              "rdf:language": [
                "de"
              ],
              "rdf:predicate": [
                "additionalInformation"
              ]
            },
            {
              "@id": "https://data.datatourisme.fr/bbc8f0d4-7ff2-3d0f-a42b-9721dadadcc2",
              "dc:contributor": [
                "https://api.deepl.com/v2/translate"
              ],
              "rdf:language": [
                "en"
              ],
              "rdf:predicate": [
                "additionalInformation"
              ]
            },
            {
              "@id": "https://data.datatourisme.fr/ede22786-5d45-32a7-ae34-1b4c52927e59",
              "dc:contributor": [
                "https://api.deepl.com/v2/translate"
              ],
              "rdf:language": [
                "es"
              ],
              "rdf:predicate": [
                "additionalInformation"
              ]
            }
          ]
        },
        {
          "@id": "https://data.datatourisme.fr/6f56cf44-e1a0-3f59-bacc-4f1009f11ad7",
          "schema:closes": "12:00:00",
          "schema:dayOfWeek": [
            {
              "@id": "schema:Wednesday",
              "@type": [
                "schema:DayOfWeek"
              ],
              "rdfs:label": {
                "de": [
                  "Mittwoch"
                ],
                "pt": [
                  "Quarta-feira"
                ],
                "en": [
                  "Wednesday"
                ],
                "it": [
                  "Mercoledì"
                ],
                "fr": [
                  "Mercredi"
                ],
                "nl": [
                  "Woensdag"
                ],
                "es": [
                  "Miércoles"
                ]
              }
            }
          ],
          "schema:opens": "08:30:00",
          "schema:validFrom": "2023-01-02T00:00:00",
          "schema:validThrough": "2023-12-31T00:00:00",
          "@type": [
            "schema:OpeningHoursSpecification"
          ],
          "additionalInformation": {
            "de": [
              "Geöffnet am Montag, Dienstag und Donnerstag von 8:30 bis 12:30 Uhr und von 13:30 bis 17:00 Uhr, am Mittwoch von 8:30 bis 12:00 Uhr und von 13:30 bis 17:00 Uhr , am Freitag von 8:30 bis 12:30 Uhr und von 13:30 bis 16:00 Uhr."
            ],
            "en": [
              "Open Monday, Tuesday and Thursday from 8:30 to 12:30 and from 13:30 to 17:00, Wednesday from 8:30 to 12:00 and from 13:30 to 17:00, Friday from 8:30 to 12:30 and from 13:30 to 16:00."
            ],
            "it": [
              "Aperto lunedì, martedì e giovedì dalle 8.30 alle 12.30 e dalle 13.30 alle 17.00, mercoledì dalle 8.30 alle 12.00 e dalle 13.30 alle 17.00, venerdì dalle 8.30 alle 12.30 e dalle 13.30 alle 16.00."
            ],
            "fr": [
              "Ouvert le lundi, mardi et jeudi de 8h30 à 12h30 et de 13h30 à 17h, le mercredi de 8h30 à 12h et de 13h30 à 17h , le vendredi de 8h30 à 12h30 et de 13h30 à 16h."
            ],
            "nl": [
              "Geopend op maandag, dinsdag en donderdag van 8.30 tot 12.30 uur en van 13.30 tot 17.00 uur, op woensdag van 8.30 tot 12.00 uur en van 13.30 tot 17.00 uur, op vrijdag van 8.30 tot 12.30 uur en van 13.30 tot 16.00 uur."
            ],
            "es": [
              "Abierto lunes, martes y jueves de 8.30 a 12.30 y de 13.30 a 17.00, miércoles de 8.30 a 12 y de 13.30 a 17.00, viernes de 8.30 a 12.30 y de 13.30 a 16.00."
            ]
          },
          "hasTranslatedProperty": [
            {
              "@id": "https://data.datatourisme.fr/055d2a16-df05-3a34-bb13-0ea61355a5e2",
              "dc:contributor": [
                "https://api.deepl.com/v2/translate"
              ],
              "rdf:language": [
                "nl"
              ],
              "rdf:predicate": [
                "additionalInformation"
              ]
            },
            {
              "@id": "https://data.datatourisme.fr/0b1b236c-6d7e-3042-9ce4-649e1b74238b",
              "dc:contributor": [
                "https://api.deepl.com/v2/translate"
              ],
              "rdf:language": [
                "de"
              ],
              "rdf:predicate": [
                "additionalInformation"
              ]
            },
            {
              "@id": "https://data.datatourisme.fr/521fe60d-2a78-350e-a312-7752e4d1ea30",
              "dc:contributor": [
                "https://api.deepl.com/v2/translate"
              ],
              "rdf:language": [
                "it"
              ],
              "rdf:predicate": [
                "additionalInformation"
              ]
            },
            {
              "@id": "https://data.datatourisme.fr/b1807920-dd8f-323d-a6e8-500a22352ed6",
              "dc:contributor": [
                "https://api.deepl.com/v2/translate"
              ],
              "rdf:language": [
                "es"
              ],
              "rdf:predicate": [
                "additionalInformation"
              ]
            },
            {
              "@id": "https://data.datatourisme.fr/edd67244-630d-3875-b36f-068faf1a12e9",
              "dc:contributor": [
                "https://api.deepl.com/v2/translate"
              ],
              "rdf:language": [
                "en"
              ],
              "rdf:predicate": [
                "additionalInformation"
              ]
            }
          ]
        },
        {
          "@id": "https://data.datatourisme.fr/8cbd9daf-6937-398d-8da5-354da8e26424",
          "schema:closes": "16:00:00",
          "schema:dayOfWeek": [
            {
              "@id": "schema:Friday",
              "@type": [
                "schema:DayOfWeek"
              ],
              "rdfs:label": {
                "de": [
                  "Freitag"
                ],
                "pt": [
                  "Sexta-feira"
                ],
                "en": [
                  "Friday"
                ],
                "it": [
                  "Venerdì"
                ],
                "fr": [
                  "Vendredi"
                ],
                "nl": [
                  "Vrijdag"
                ],
                "es": [
                  "Viernes"
                ]
              }
            }
          ],
          "schema:opens": "13:30:00",
          "schema:validFrom": "2023-01-02T00:00:00",
          "schema:validThrough": "2023-12-31T00:00:00",
          "@type": [
            "schema:OpeningHoursSpecification"
          ],
          "additionalInformation": {
            "de": [
              "Geöffnet am Montag, Dienstag und Donnerstag von 8:30 bis 12:30 Uhr und von 13:30 bis 17:00 Uhr, am Mittwoch von 8:30 bis 12:00 Uhr und von 13:30 bis 17:00 Uhr , am Freitag von 8:30 bis 12:30 Uhr und von 13:30 bis 16:00 Uhr."
            ],
            "en": [
              "Open Monday, Tuesday and Thursday from 8:30 to 12:30 and from 13:30 to 17:00, Wednesday from 8:30 to 12:00 and from 13:30 to 17:00, Friday from 8:30 to 12:30 and from 13:30 to 16:00."
            ],
            "it": [
              "Aperto lunedì, martedì e giovedì dalle 8.30 alle 12.30 e dalle 13.30 alle 17.00, mercoledì dalle 8.30 alle 12.00 e dalle 13.30 alle 17.00, venerdì dalle 8.30 alle 12.30 e dalle 13.30 alle 16.00."
            ],
            "fr": [
              "Ouvert le lundi, mardi et jeudi de 8h30 à 12h30 et de 13h30 à 17h, le mercredi de 8h30 à 12h et de 13h30 à 17h , le vendredi de 8h30 à 12h30 et de 13h30 à 16h."
            ],
            "nl": [
              "Geopend op maandag, dinsdag en donderdag van 8.30 tot 12.30 uur en van 13.30 tot 17.00 uur, op woensdag van 8.30 tot 12.00 uur en van 13.30 tot 17.00 uur, op vrijdag van 8.30 tot 12.30 uur en van 13.30 tot 16.00 uur."
            ],
            "es": [
              "Abierto lunes, martes y jueves de 8.30 a 12.30 y de 13.30 a 17.00, miércoles de 8.30 a 12 y de 13.30 a 17.00, viernes de 8.30 a 12.30 y de 13.30 a 16.00."
            ]
          },
          "hasTranslatedProperty": [
            {
              "@id": "https://data.datatourisme.fr/0588ced5-71d3-3e95-bef8-4e74d095daf2",
              "dc:contributor": [
                "https://api.deepl.com/v2/translate"
              ],
              "rdf:language": [
                "en"
              ],
              "rdf:predicate": [
                "additionalInformation"
              ]
            },
            {
              "@id": "https://data.datatourisme.fr/0df0ac61-f0b4-3dca-bc32-ff1820f4b9be",
              "dc:contributor": [
                "https://api.deepl.com/v2/translate"
              ],
              "rdf:language": [
                "nl"
              ],
              "rdf:predicate": [
                "additionalInformation"
              ]
            },
            {
              "@id": "https://data.datatourisme.fr/58a67346-6ec9-3c4e-80c0-62fd9cd59b2d",
              "dc:contributor": [
                "https://api.deepl.com/v2/translate"
              ],
              "rdf:language": [
                "es"
              ],
              "rdf:predicate": [
                "additionalInformation"
              ]
            },
            {
              "@id": "https://data.datatourisme.fr/6c442232-5e6a-34bb-96ff-e663aec210af",
              "dc:contributor": [
                "https://api.deepl.com/v2/translate"
              ],
              "rdf:language": [
                "it"
              ],
              "rdf:predicate": [
                "additionalInformation"
              ]
            },
            {
              "@id": "https://data.datatourisme.fr/79df9ddc-48c6-38f6-a309-44b0bdf8e83b",
              "dc:contributor": [
                "https://api.deepl.com/v2/translate"
              ],
              "rdf:language": [
                "de"
              ],
              "rdf:predicate": [
                "additionalInformation"
              ]
            }
          ]
        },
        {
          "@id": "https://data.datatourisme.fr/98befaca-0060-3e5b-a1d3-033022b7f038",
          "schema:closes": "17:00:00",
          "schema:dayOfWeek": [
            {
              "@id": "schema:Thursday",
              "@type": [
                "schema:DayOfWeek"
              ],
              "rdfs:label": {
                "de": [
                  "Donnerstag"
                ],
                "pt": [
                  "Quinta-feira"
                ],
                "en": [
                  "Thursday"
                ],
                "it": [
                  "Giovedì"
                ],
                "fr": [
                  "Jeudi"
                ],
                "es": [
                  "Jueves"
                ],
                "nl": [
                  "Donderdag"
                ]
              }
            }
          ],
          "schema:opens": "13:30:00",
          "schema:validFrom": "2023-01-02T00:00:00",
          "schema:validThrough": "2023-12-31T00:00:00",
          "@type": [
            "schema:OpeningHoursSpecification"
          ],
          "additionalInformation": {
            "de": [
              "Geöffnet am Montag, Dienstag und Donnerstag von 8:30 bis 12:30 Uhr und von 13:30 bis 17:00 Uhr, am Mittwoch von 8:30 bis 12:00 Uhr und von 13:30 bis 17:00 Uhr , am Freitag von 8:30 bis 12:30 Uhr und von 13:30 bis 16:00 Uhr."
            ],
            "en": [
              "Open Monday, Tuesday and Thursday from 8:30 to 12:30 and from 13:30 to 17:00, Wednesday from 8:30 to 12:00 and from 13:30 to 17:00, Friday from 8:30 to 12:30 and from 13:30 to 16:00."
            ],
            "it": [
              "Aperto lunedì, martedì e giovedì dalle 8.30 alle 12.30 e dalle 13.30 alle 17.00, mercoledì dalle 8.30 alle 12.00 e dalle 13.30 alle 17.00, venerdì dalle 8.30 alle 12.30 e dalle 13.30 alle 16.00."
            ],
            "fr": [
              "Ouvert le lundi, mardi et jeudi de 8h30 à 12h30 et de 13h30 à 17h, le mercredi de 8h30 à 12h et de 13h30 à 17h , le vendredi de 8h30 à 12h30 et de 13h30 à 16h."
            ],
            "nl": [
              "Geopend op maandag, dinsdag en donderdag van 8.30 tot 12.30 uur en van 13.30 tot 17.00 uur, op woensdag van 8.30 tot 12.00 uur en van 13.30 tot 17.00 uur, op vrijdag van 8.30 tot 12.30 uur en van 13.30 tot 16.00 uur."
            ],
            "es": [
              "Abierto lunes, martes y jueves de 8.30 a 12.30 y de 13.30 a 17.00, miércoles de 8.30 a 12 y de 13.30 a 17.00, viernes de 8.30 a 12.30 y de 13.30 a 16.00."
            ]
          },
          "hasTranslatedProperty": [
            {
              "@id": "https://data.datatourisme.fr/14570648-d75a-3d05-8828-06c8882beabf",
              "dc:contributor": [
                "https://api.deepl.com/v2/translate"
              ],
              "rdf:language": [
                "de"
              ],
              "rdf:predicate": [
                "additionalInformation"
              ]
            },
            {
              "@id": "https://data.datatourisme.fr/73fbb3db-9f4b-3a1e-9b4f-8b9936b7ed88",
              "dc:contributor": [
                "https://api.deepl.com/v2/translate"
              ],
              "rdf:language": [
                "es"
              ],
              "rdf:predicate": [
                "additionalInformation"
              ]
            },
            {
              "@id": "https://data.datatourisme.fr/9035ccc6-8b4f-356a-85f2-d15840293de0",
              "dc:contributor": [
                "https://api.deepl.com/v2/translate"
              ],
              "rdf:language": [
                "nl"
              ],
              "rdf:predicate": [
                "additionalInformation"
              ]
            },
            {
              "@id": "https://data.datatourisme.fr/b50b2e8f-37f9-369f-9564-d870bbda4f42",
              "dc:contributor": [
                "https://api.deepl.com/v2/translate"
              ],
              "rdf:language": [
                "en"
              ],
              "rdf:predicate": [
                "additionalInformation"
              ]
            },
            {
              "@id": "https://data.datatourisme.fr/ec0fd9eb-b4b8-3638-9f8a-fbb9b4b53070",
              "dc:contributor": [
                "https://api.deepl.com/v2/translate"
              ],
              "rdf:language": [
                "it"
              ],
              "rdf:predicate": [
                "additionalInformation"
              ]
            }
          ]
        },
        {
          "@id": "https://data.datatourisme.fr/af49fe4b-5c16-367b-8058-898798034cf1",
          "schema:closes": "12:30:00",
          "schema:dayOfWeek": [
            {
              "@id": "schema:Monday",
              "@type": [
                "schema:DayOfWeek"
              ],
              "rdfs:label": {
                "de": [
                  "Montag"
                ],
                "pt": [
                  "Segunda-feira"
                ],
                "en": [
                  "Monday"
                ],
                "it": [
                  "Lunedì"
                ],
                "fr": [
                  "Lundi"
                ],
                "nl": [
                  "Maandag"
                ],
                "es": [
                  "Lunes"
                ]
              }
            }
          ],
          "schema:opens": "08:30:00",
          "schema:validFrom": "2023-01-02T00:00:00",
          "schema:validThrough": "2023-12-31T00:00:00",
          "@type": [
            "schema:OpeningHoursSpecification"
          ],
          "additionalInformation": {
            "de": [
              "Geöffnet am Montag, Dienstag und Donnerstag von 8:30 bis 12:30 Uhr und von 13:30 bis 17:00 Uhr, am Mittwoch von 8:30 bis 12:00 Uhr und von 13:30 bis 17:00 Uhr , am Freitag von 8:30 bis 12:30 Uhr und von 13:30 bis 16:00 Uhr."
            ],
            "en": [
              "Open Monday, Tuesday and Thursday from 8:30 to 12:30 and from 13:30 to 17:00, Wednesday from 8:30 to 12:00 and from 13:30 to 17:00, Friday from 8:30 to 12:30 and from 13:30 to 16:00."
            ],
            "it": [
              "Aperto lunedì, martedì e giovedì dalle 8.30 alle 12.30 e dalle 13.30 alle 17.00, mercoledì dalle 8.30 alle 12.00 e dalle 13.30 alle 17.00, venerdì dalle 8.30 alle 12.30 e dalle 13.30 alle 16.00."
            ],
            "fr": [
              "Ouvert le lundi, mardi et jeudi de 8h30 à 12h30 et de 13h30 à 17h, le mercredi de 8h30 à 12h et de 13h30 à 17h , le vendredi de 8h30 à 12h30 et de 13h30 à 16h."
            ],
            "nl": [
              "Geopend op maandag, dinsdag en donderdag van 8.30 tot 12.30 uur en van 13.30 tot 17.00 uur, op woensdag van 8.30 tot 12.00 uur en van 13.30 tot 17.00 uur, op vrijdag van 8.30 tot 12.30 uur en van 13.30 tot 16.00 uur."
            ],
            "es": [
              "Abierto lunes, martes y jueves de 8.30 a 12.30 y de 13.30 a 17.00, miércoles de 8.30 a 12 y de 13.30 a 17.00, viernes de 8.30 a 12.30 y de 13.30 a 16.00."
            ]
          },
          "hasTranslatedProperty": [
            {
              "@id": "https://data.datatourisme.fr/22770638-0248-364e-944c-96a3a9bdce9f",
              "dc:contributor": [
                "https://api.deepl.com/v2/translate"
              ],
              "rdf:language": [
                "de"
              ],
              "rdf:predicate": [
                "additionalInformation"
              ]
            },
            {
              "@id": "https://data.datatourisme.fr/25f0d119-351f-3b41-91fc-3ea2b385df05",
              "dc:contributor": [
                "https://api.deepl.com/v2/translate"
              ],
              "rdf:language": [
                "en"
              ],
              "rdf:predicate": [
                "additionalInformation"
              ]
            },
            {
              "@id": "https://data.datatourisme.fr/3b113ee9-7d7b-3a51-a9cf-0c703389e19d",
              "dc:contributor": [
                "https://api.deepl.com/v2/translate"
              ],
              "rdf:language": [
                "nl"
              ],
              "rdf:predicate": [
                "additionalInformation"
              ]
            },
            {
              "@id": "https://data.datatourisme.fr/6b628b11-9eff-3e4c-85b3-a2bc7b4e248c",
              "dc:contributor": [
                "https://api.deepl.com/v2/translate"
              ],
              "rdf:language": [
                "it"
              ],
              "rdf:predicate": [
                "additionalInformation"
              ]
            },
            {
              "@id": "https://data.datatourisme.fr/fd1e983a-170c-3be0-aab1-4a11e8a2b9fe",
              "dc:contributor": [
                "https://api.deepl.com/v2/translate"
              ],
              "rdf:language": [
                "es"
              ],
              "rdf:predicate": [
                "additionalInformation"
              ]
            }
          ]
        },
        {
          "@id": "https://data.datatourisme.fr/d223d2a5-eb7c-3c4e-aeba-8dd29fff32f5",
          "schema:closes": "12:30:00",
          "schema:dayOfWeek": [
            {
              "@id": "schema:Friday",
              "@type": [
                "schema:DayOfWeek"
              ],
              "rdfs:label": {
                "de": [
                  "Freitag"
                ],
                "pt": [
                  "Sexta-feira"
                ],
                "en": [
                  "Friday"
                ],
                "it": [
                  "Venerdì"
                ],
                "fr": [
                  "Vendredi"
                ],
                "nl": [
                  "Vrijdag"
                ],
                "es": [
                  "Viernes"
                ]
              }
            }
          ],
          "schema:opens": "08:30:00",
          "schema:validFrom": "2023-01-02T00:00:00",
          "schema:validThrough": "2023-12-31T00:00:00",
          "@type": [
            "schema:OpeningHoursSpecification"
          ],
          "additionalInformation": {
            "de": [
              "Geöffnet am Montag, Dienstag und Donnerstag von 8:30 bis 12:30 Uhr und von 13:30 bis 17:00 Uhr, am Mittwoch von 8:30 bis 12:00 Uhr und von 13:30 bis 17:00 Uhr , am Freitag von 8:30 bis 12:30 Uhr und von 13:30 bis 16:00 Uhr."
            ],
            "en": [
              "Open Monday, Tuesday and Thursday from 8:30 to 12:30 and from 13:30 to 17:00, Wednesday from 8:30 to 12:00 and from 13:30 to 17:00, Friday from 8:30 to 12:30 and from 13:30 to 16:00."
            ],
            "it": [
              "Aperto lunedì, martedì e giovedì dalle 8.30 alle 12.30 e dalle 13.30 alle 17.00, mercoledì dalle 8.30 alle 12.00 e dalle 13.30 alle 17.00, venerdì dalle 8.30 alle 12.30 e dalle 13.30 alle 16.00."
            ],
            "fr": [
              "Ouvert le lundi, mardi et jeudi de 8h30 à 12h30 et de 13h30 à 17h, le mercredi de 8h30 à 12h et de 13h30 à 17h , le vendredi de 8h30 à 12h30 et de 13h30 à 16h."
            ],
            "nl": [
              "Geopend op maandag, dinsdag en donderdag van 8.30 tot 12.30 uur en van 13.30 tot 17.00 uur, op woensdag van 8.30 tot 12.00 uur en van 13.30 tot 17.00 uur, op vrijdag van 8.30 tot 12.30 uur en van 13.30 tot 16.00 uur."
            ],
            "es": [
              "Abierto lunes, martes y jueves de 8.30 a 12.30 y de 13.30 a 17.00, miércoles de 8.30 a 12 y de 13.30 a 17.00, viernes de 8.30 a 12.30 y de 13.30 a 16.00."
            ]
          },
          "hasTranslatedProperty": [
            {
              "@id": "https://data.datatourisme.fr/3674f88f-15f6-3fbf-aa9a-cb692ae20bda",
              "dc:contributor": [
                "https://api.deepl.com/v2/translate"
              ],
              "rdf:language": [
                "es"
              ],
              "rdf:predicate": [
                "additionalInformation"
              ]
            },
            {
              "@id": "https://data.datatourisme.fr/75175abe-e2bb-3167-93e9-0e5461153a77",
              "dc:contributor": [
                "https://api.deepl.com/v2/translate"
              ],
              "rdf:language": [
                "en"
              ],
              "rdf:predicate": [
                "additionalInformation"
              ]
            },
            {
              "@id": "https://data.datatourisme.fr/9c12b5d0-ee01-334a-8000-8e85e359542d",
              "dc:contributor": [
                "https://api.deepl.com/v2/translate"
              ],
              "rdf:language": [
                "it"
              ],
              "rdf:predicate": [
                "additionalInformation"
              ]
            },
            {
              "@id": "https://data.datatourisme.fr/a8342237-0753-392c-bd74-2486a1d7db82",
              "dc:contributor": [
                "https://api.deepl.com/v2/translate"
              ],
              "rdf:language": [
                "de"
              ],
              "rdf:predicate": [
                "additionalInformation"
              ]
            },
            {
              "@id": "https://data.datatourisme.fr/def72f95-9379-37b2-b2b0-e3fbcfd58419",
              "dc:contributor": [
                "https://api.deepl.com/v2/translate"
              ],
              "rdf:language": [
                "nl"
              ],
              "rdf:predicate": [
                "additionalInformation"
              ]
            }
          ]
        }
      ],
      "@type": [
        "schema:Place",
        "Place"
      ]
    }
  ],
  "lastUpdate": "2023-06-09",
  "lastUpdateDatatourisme": "2023-06-10T00:18:28.812Z"
}