{
  "@id": "https://data.datatourisme.fr/36/02352362-d7bb-3ac5-a4fe-cdc90578cc69",
  "dc:identifier": "LOIMIP065V5001MY",
  "@type": [
    "PlaceOfInterest",
    "PointOfInterest",
    "SportsAndLeisurePlace"
  ],
  "rdfs:label": {
    "en": [
      "THE CASINO OF CAPVERN"
    ],
    "fr": [
      "CASINO DE CAPVERN"
    ],
    "es": [
      "CASINO DE CAPVERN"
    ]
  },
  "hasBeenCreatedBy": {
    "@id": "https://data.datatourisme.fr/96e146f9-b74b-38c8-92a2-5fb89aace39d",
    "schema:legalName": "HAUTES PYRENEES TOURISME ENVIRONNEMENT",
    "@type": [
      "schema:Organization",
      "foaf:Agent",
      "Agent"
    ]
  },
  "hasBeenPublishedBy": [
    {
      "@id": "https://data.datatourisme.fr/7d3e58d7-59ca-3925-9fce-9efc8ba1fc49",
      "schema:email": [
        "tourisme-hautes-pyrenees@ha-py.fr"
      ],
      "@type": [
        "foaf:Agent",
        "Agent"
      ]
    }
  ],
  "hasContact": [
    {
      "@id": "https://data.datatourisme.fr/d4e3adcd-6cad-34bb-981d-df5bf89730e8",
      "schema:legalName": "CASINO DE CAPVERN",
      "@type": [
        "schema:Organization",
        "foaf:Agent",
        "Agent"
      ]
    }
  ],
  "hasDescription": [
    {
      "@id": "https://data.datatourisme.fr/f425cb2b-b557-3b8f-95dd-06120c74ee7d",
      "dc:description": {
        "de": [
          "Entdecken Sie im Casino von Capvern einen Raum für Spiele und Freizeitaktivitäten.\nTäglicher Empfang ab 10 Uhr.  Entdecken Sie seine 75 Spielautomaten, seine Raucherterrasse, Black-Jack-Tische und versuchen Sie, den Jackpot zu gewinnen. Animationen an allen Wochenenden.\nDas Restaurant des Casinos bietet Ihnen am Mittwochmittag, Donnerstagmittag und Freitagmittag ein Tagesmenü. Entdecken Sie auch die Speisekarte und die Menüs von Mittwoch bis Sonntag."
        ],
        "en": [
          "Discover a games and leisure area at the Casino of Capvern.\nDiscover its 75 slot machines, its smoking terrace, blackjack tables and try to win the jackpot. Animations every weekend.\nThe Casino restaurant offers a daily menu on Wednesday noon, Thursday noon and Friday noon. Also discover the menu and menus from Wednesday to Sunday."
        ],
        "it": [
          "Scoprite uno spazio di giochi e attività per il tempo libero al Casinò di Capvern.\nAperto tutti i giorni dalle 10.00.  Scoprite le 75 slot machine, la terrazza fumatori, i tavoli di black jack e provate a vincere il jackpot. Animazioni ogni fine settimana.\nIl ristorante del Casinò offre un menu giornaliero il mercoledì a pranzo, il giovedì a pranzo e il venerdì a pranzo. Scoprite anche il menu dal mercoledì alla domenica."
        ],
        "fr": [
          "Découvrez  un espace de jeux et de loisirs au Casino de Capvern.\nAccueil tous les jours dès 10h.  Découvrez ses 75 machines à sous, sa terrasse de jeu fumeur, tables de black jack et tenter de remporter le jackpot. Animations tous les weekends.\nLe restaurant du Casino vous propose un menu du jour le mercredi midi, jeudi midi et vendredi midi. Découvrez aussi la carte et les menus du mercredi au dimanche."
        ],
        "es": [
          "Ven y descubre el Casino de Capvern, sus 75 máquinas tragamonedas, su terraza de juegos para fumadores, mesas de blackjack y entretenimiento todos los fines de semana.\nEl restaurante Casino ofrece un menú diario a 13 € los miércoles al mediodía, jueves al mediodía y viernes al mediodía. Descubra nuestra carta y menús de miércoles a domingo."
        ],
        "nl": [
          "Ontdek een ruimte van spelen en vrijetijdsactiviteiten in het Casino van Capvern.\nElke dag geopend vanaf 10 uur.  Ontdek de 75 speelautomaten, het rookterras, de black jack tafels en probeer de jackpot te winnen. Animaties elk weekend.\nHet restaurant van het casino biedt een dagmenu op woensdagmiddag, donderdagmiddag en vrijdagmiddag. Ontdek ook het menu van woensdag tot zondag."
        ]
      },
      "@type": [
        "Description"
      ],
      "hasTranslatedProperty": [
        {
          "@id": "https://data.datatourisme.fr/08d4b514-76f0-3251-aa1c-decc2b060560",
          "dc:contributor": [
            "https://api.deepl.com/v2/translate"
          ],
          "rdf:language": [
            "nl"
          ],
          "rdf:predicate": [
            {
              "@id": "dc:description"
            }
          ]
        },
        {
          "@id": "https://data.datatourisme.fr/92345961-423a-367a-9a2f-86c2040a340f",
          "dc:contributor": [
            "https://api.deepl.com/v2/translate"
          ],
          "rdf:language": [
            "de"
          ],
          "rdf:predicate": [
            {
              "@id": "dc:description"
            }
          ]
        },
        {
          "@id": "https://data.datatourisme.fr/a29444ad-1f44-33bd-a5f2-8c4671eb3a0f",
          "dc:contributor": [
            "https://api.deepl.com/v2/translate"
          ],
          "rdf:language": [
            "it"
          ],
          "rdf:predicate": [
            {
              "@id": "dc:description"
            }
          ]
        }
      ]
    }
  ],
  "isLocatedAt": [
    {
      "@id": "https://data.datatourisme.fr/f851ff09-6fb7-3710-860d-3ef21efe0dd8",
      "schema:address": [
        {
          "@id": "https://data.datatourisme.fr/d928c8cd-8f99-33e9-84f7-bcb396e31228",
          "schema:addressLocality": "Capvern",
          "schema:postalCode": "65130",
          "@type": [
            "schema:PostalAddress",
            "PostalAddress"
          ],
          "hasAddressCity": {
            "@id": "kb:65127",
            "@type": [
              "City"
            ],
            "rdfs:label": {
              "de": [
                "Capvern"
              ],
              "pt": [
                "Capvern"
              ],
              "en": [
                "Capvern"
              ],
              "it": [
                "Capvern"
              ],
              "fr": [
                "Capvern"
              ],
              "nl": [
                "Capvern"
              ],
              "es": [
                "Capvern"
              ]
            },
            "insee": "65127",
            "isPartOfDepartment": {
              "@id": "kb:France7665",
              "@type": [
                "Department"
              ],
              "rdfs:label": {
                "de": [
                  "Hautes-Pyrénées"
                ],
                "pt": [
                  "Hautes-Pyrénées"
                ],
                "en": [
                  "Hautes-Pyrénées"
                ],
                "it": [
                  "Hautes-Pyrénées"
                ],
                "fr": [
                  "Hautes-Pyrénées"
                ],
                "nl": [
                  "Hautes-Pyrénées"
                ],
                "es": [
                  "Hautes-Pyrénées"
                ]
              },
              "insee": "65",
              "isPartOfRegion": {
                "@id": "kb:France76",
                "@type": [
                  "Region"
                ],
                "rdfs:label": {
                  "de": [
                    "Occitanie"
                  ],
                  "pt": [
                    "Occitanie"
                  ],
                  "en": [
                    "Occitanie"
                  ],
                  "it": [
                    "Occitanie"
                  ],
                  "fr": [
                    "Occitanie"
                  ],
                  "nl": [
                    "Occitanie"
                  ],
                  "es": [
                    "Occitanie"
                  ]
                },
                "insee": "76",
                "isPartOfCountry": {
                  "@id": "kb:France",
                  "@type": [
                    "schema:Country"
                  ],
                  "rdfs:label": {
                    "de": [
                      "France",
                      "Frankreich"
                    ],
                    "pt": [
                      "França",
                      "France"
                    ],
                    "en": [
                      "France"
                    ],
                    "it": [
                      "France",
                      "Francia"
                    ],
                    "fr": [
                      "France"
                    ],
                    "nl": [
                      "France",
                      "Frankrijk"
                    ],
                    "es": [
                      "France",
                      "Francia"
                    ]
                  }
                }
              }
            }
          }
        }
      ],
      "schema:geo": {
        "@id": "https://data.datatourisme.fr/00476d0a-7e91-3108-a706-1dd8e565940f",
        "schema:latitude": "43.1023779",
        "schema:longitude": "0.314151",
        "@type": [
          "schema:GeoCoordinates"
        ]
      },
      "schema:openingHoursSpecification": [
        {
          "@id": "https://data.datatourisme.fr/ddce9fd0-cd68-3730-bd09-d95b5e4a32d1",
          "schema:validFrom": "2023-01-01T00:00:00",
          "schema:validThrough": "2023-12-31T00:00:00",
          "@type": [
            "schema:OpeningHoursSpecification"
          ],
          "additionalInformation": {
            "de": [
              "Montag bis Donnerstag von 10:00 bis 2:00 Uhr.\nFreitag bis Sonntag und vor Feiertagen von 10:00 bis 3:00 Uhr."
            ],
            "en": [
              "Monday to Thursday from 10 am to 2 am. \nFrom Friday to Sunday and the eve of public holidays from 10 am to 3 am"
            ],
            "it": [
              "Dal lunedì al giovedì dalle 10.00 alle 2.00.\nDal venerdì alla domenica e il giorno prima dei giorni festivi dalle 10 alle 3 del mattino."
            ],
            "fr": [
              "Du lundi au jeudi de 10h à 2h.\nDu vendredi au dimanche et veille de jours fériés de 10h à 3h."
            ],
            "nl": [
              "Maandag tot donderdag van 10 tot 2 uur.\nVrijdag t/m zondag en de dag voor de feestdagen van 10.00 tot 3.00 uur."
            ],
            "es": [
              "De lunes a jueves de 10:00 a 02:00.\nde viernes a domingo y víspera de días festivos de 10:00 a 03:00."
            ]
          },
          "hasTranslatedProperty": [
            {
              "@id": "https://data.datatourisme.fr/67a4dd19-ab8b-330c-b233-6495b102da43",
              "dc:contributor": [
                "https://api.deepl.com/v2/translate"
              ],
              "rdf:language": [
                "de"
              ],
              "rdf:predicate": [
                "additionalInformation"
              ]
            },
            {
              "@id": "https://data.datatourisme.fr/8fa13b3b-2a2d-3cf9-988a-76f7bee2ef46",
              "dc:contributor": [
                "https://api.deepl.com/v2/translate"
              ],
              "rdf:language": [
                "it"
              ],
              "rdf:predicate": [
                "additionalInformation"
              ]
            },
            {
              "@id": "https://data.datatourisme.fr/e41006a1-fcdd-3677-8c16-bc31f32438b6",
              "dc:contributor": [
                "https://api.deepl.com/v2/translate"
              ],
              "rdf:language": [
                "nl"
              ],
              "rdf:predicate": [
                "additionalInformation"
              ]
            }
          ]
        }
      ],
      "@type": [
        "schema:Place",
        "Place"
      ],
      "altInsee": [
        "CAPVERN"
      ]
    }
  ],
  "lastUpdate": "2023-02-09",
  "lastUpdateDatatourisme": "2023-02-10T03:09:40.717Z",
  "reducedMobilityAccess": true
}