{
  "@id": "https://data.datatourisme.fr/36/3df8e787-bcd1-36ca-9773-6f75eaaff157",
  "dc:identifier": "RESMIP065V525K5C",
  "@type": [
    "schema:FoodEstablishment",
    "FoodEstablishment",
    "PlaceOfInterest",
    "PointOfInterest"
  ],
  "rdfs:label": {
    "en": [
      "SNACK NELLY SKI"
    ],
    "fr": [
      "SNACKING L'ESTANQUET"
    ],
    "es": [
      "SNACK NELLY SKI"
    ]
  },
  "hasBeenCreatedBy": {
    "@id": "https://data.datatourisme.fr/96e146f9-b74b-38c8-92a2-5fb89aace39d",
    "schema:legalName": "HAUTES PYRENEES TOURISME ENVIRONNEMENT",
    "@type": [
      "schema:Organization",
      "foaf:Agent",
      "Agent"
    ]
  },
  "hasBeenPublishedBy": [
    {
      "@id": "https://data.datatourisme.fr/7d3e58d7-59ca-3925-9fce-9efc8ba1fc49",
      "schema:email": [
        "tourisme-hautes-pyrenees@ha-py.fr"
      ],
      "@type": [
        "foaf:Agent",
        "Agent"
      ]
    }
  ],
  "hasContact": [
    {
      "@id": "https://data.datatourisme.fr/02c42896-e49c-3b8a-af56-5d6400707325",
      "schema:address": [
        {
          "@id": "https://data.datatourisme.fr/49d84646-d50d-364b-9904-7b7a0c7b699d",
          "schema:addressLocality": "Luz-Saint-Sauveur",
          "schema:postalCode": "65120",
          "schema:streetAddress": [
            "14 Place du 8 Mai"
          ],
          "@type": [
            "schema:PostalAddress",
            "PostalAddress"
          ],
          "hasAddressCity": {
            "@id": "kb:65295",
            "@type": [
              "City"
            ],
            "rdfs:label": {
              "de": [
                "Luz-Saint-Sauveur"
              ],
              "pt": [
                "Luz-Saint-Sauveur"
              ],
              "en": [
                "Luz-Saint-Sauveur"
              ],
              "it": [
                "Luz-Saint-Sauveur"
              ],
              "fr": [
                "Luz-Saint-Sauveur"
              ],
              "nl": [
                "Luz-Saint-Sauveur"
              ],
              "es": [
                "Luz-Saint-Sauveur"
              ]
            },
            "insee": "65295",
            "isPartOfDepartment": {
              "@id": "kb:France7665",
              "@type": [
                "Department"
              ],
              "rdfs:label": {
                "de": [
                  "Hautes-Pyrénées"
                ],
                "pt": [
                  "Hautes-Pyrénées"
                ],
                "en": [
                  "Hautes-Pyrénées"
                ],
                "it": [
                  "Hautes-Pyrénées"
                ],
                "fr": [
                  "Hautes-Pyrénées"
                ],
                "nl": [
                  "Hautes-Pyrénées"
                ],
                "es": [
                  "Hautes-Pyrénées"
                ]
              },
              "insee": "65",
              "isPartOfRegion": {
                "@id": "kb:France76",
                "@type": [
                  "Region"
                ],
                "rdfs:label": {
                  "de": [
                    "Occitanie"
                  ],
                  "pt": [
                    "Occitanie"
                  ],
                  "en": [
                    "Occitanie"
                  ],
                  "it": [
                    "Occitanie"
                  ],
                  "fr": [
                    "Occitanie"
                  ],
                  "nl": [
                    "Occitanie"
                  ],
                  "es": [
                    "Occitanie"
                  ]
                },
                "insee": "76",
                "isPartOfCountry": {
                  "@id": "kb:France",
                  "@type": [
                    "schema:Country"
                  ],
                  "rdfs:label": {
                    "de": [
                      "France",
                      "Frankreich"
                    ],
                    "pt": [
                      "França",
                      "France"
                    ],
                    "en": [
                      "France"
                    ],
                    "it": [
                      "France",
                      "Francia"
                    ],
                    "fr": [
                      "France"
                    ],
                    "nl": [
                      "France",
                      "Frankrijk"
                    ],
                    "es": [
                      "France",
                      "Francia"
                    ]
                  }
                }
              }
            }
          }
        }
      ],
      "schema:legalName": "SNACKING L'ESTANQUET",
      "schema:telephone": [
        "+33 6 71 65 00 35"
      ],
      "@type": [
        "schema:Organization",
        "foaf:Agent",
        "Agent"
      ]
    }
  ],
  "hasDescription": [
    {
      "@id": "https://data.datatourisme.fr/665f1b10-5770-3a98-b1d2-172df1597a96",
      "dc:description": {
        "de": [
          "Kleiner, gemütlicher Imbiss in der Ortschaft Luz Saint Sauveur.\n\nAngeboten werden: Getränke, Eis, Smoothies, Waffeln, süße und herzhafte Paninis, Veggie-Panini, gemischte Salate, Hotdogs, Sandwiches, Pommes frites, gemischte Teller (Lammwurst mit Bärlauch oder Wurst vom Bauernhof), Landaise-Teller.\n\nAuch Tagesvorschläge: Omelette mit Pfifferlingen, mariniertes Huhn, marinierte Schweinespinnen...."
        ],
        "en": [
          "Small friendly snack bar located in the village of Luz Saint Sauveur.\nYou will be offered : drinks, ice creams, smoothies, waffles, sweet and salty paninis, veggie panini, salads, hot-dogs, sandwiches, fries, mixed plates (lamb sausage with bear garlic or farm sausage), Landes plate.\nAlso, suggestions of the day : omelette with chanterelles, marinated chicken, marinated pork spiders...."
        ],
        "it": [
          "Piccolo snack bar accogliente situato nel villaggio di Luz Saint Sauveur.\n\nVi verranno offerti: bevande, gelati, frullati, waffle, panini dolci e salati, panini vegetariani, insalate miste, hot dog, panini, patatine fritte, piatti misti (salsiccia di agnello con aglio orsino o salsiccia di fattoria), piatto Landaise.\n\nInoltre, proposte del giorno: frittata con finferli, pollo marinato, ragni di maiale marinati...."
        ],
        "fr": [
          "Petit snack convivial situé dans le bourg de Luz Saint Sauveur.\n\nVous seront proposés : boissons, glaces, smoothies, gaufres, paninis salés et sucrés, panini végé, salades composés, hot-dogs, sandwichs, frites, assiettes composées ( saucisse d'agneau à l'ail des ours ou saucisse de la ferme), assiette landaise.\n\nEgalement, suggestions du jour : omelette aux girolles, poulet mariné, araignées de porc marinées...."
        ],
        "es": [
          "Pequeño y acogedor snack bar situado en el pueblo de Luz Saint Sauveur.\n\nSe le ofrecerán: bebidas, helados, batidos, gofres, paninis dulces y salados, paninis vegetarianos, ensaladas mixtas, perritos calientes, bocadillos, patatas fritas, platos combinados (salchicha de cordero con ajo de oso o salchicha de granja), plato landaise.\n\nAdemás, sugerencias del día: tortilla con rebozuelos, pollo marinado, arañas de cerdo marinadas...."
        ],
        "nl": [
          "Kleine vriendelijke snackbar gelegen in het dorp Luz Saint Sauveur.\n\nU krijgt aangeboden: drankjes, ijsjes, smoothies, wafels, zoete en hartige panini's, veggie panini's, gemengde salades, hotdogs, broodjes, patat, gemengde gerechten (lamsworst met berenknoflook of boerenworst), Landaise schotel.\n\nOok suggesties van de dag: omelet met cantharellen, gemarineerde kip, gemarineerde varkensspinnen...."
        ]
      },
      "@type": [
        "Description"
      ],
      "hasTranslatedProperty": [
        {
          "@id": "https://data.datatourisme.fr/2ef5aeef-0ef5-370e-a3c4-e5ef5e09f37a",
          "dc:contributor": [
            "https://api.deepl.com/v2/translate"
          ],
          "rdf:language": [
            "nl"
          ],
          "rdf:predicate": [
            {
              "@id": "dc:description"
            }
          ]
        },
        {
          "@id": "https://data.datatourisme.fr/312bc9c3-ec7c-3866-af87-a6cdb1d9fce8",
          "dc:contributor": [
            "https://api.deepl.com/v2/translate"
          ],
          "rdf:language": [
            "de"
          ],
          "rdf:predicate": [
            {
              "@id": "dc:description"
            }
          ]
        },
        {
          "@id": "https://data.datatourisme.fr/466e6b08-6d9a-30d7-b04b-f5a236a3e21b",
          "dc:contributor": [
            "https://api.deepl.com/v2/translate"
          ],
          "rdf:language": [
            "it"
          ],
          "rdf:predicate": [
            {
              "@id": "dc:description"
            }
          ]
        },
        {
          "@id": "https://data.datatourisme.fr/929f06dd-8ee7-3d01-aeb4-d180712f48a0",
          "dc:contributor": [
            "https://api.deepl.com/v2/translate"
          ],
          "rdf:language": [
            "es"
          ],
          "rdf:predicate": [
            {
              "@id": "dc:description"
            }
          ]
        }
      ]
    }
  ],
  "isLocatedAt": [
    {
      "@id": "https://data.datatourisme.fr/3e7cb78b-37f7-3454-a209-362d9543b953",
      "schema:address": [
        {
          "@id": "https://data.datatourisme.fr/49d84646-d50d-364b-9904-7b7a0c7b699d",
          "schema:addressLocality": "Luz-Saint-Sauveur",
          "schema:postalCode": "65120",
          "schema:streetAddress": [
            "14 Place du 8 Mai"
          ],
          "@type": [
            "schema:PostalAddress",
            "PostalAddress"
          ],
          "hasAddressCity": {
            "@id": "kb:65295",
            "@type": [
              "City"
            ],
            "rdfs:label": {
              "de": [
                "Luz-Saint-Sauveur"
              ],
              "pt": [
                "Luz-Saint-Sauveur"
              ],
              "en": [
                "Luz-Saint-Sauveur"
              ],
              "it": [
                "Luz-Saint-Sauveur"
              ],
              "fr": [
                "Luz-Saint-Sauveur"
              ],
              "nl": [
                "Luz-Saint-Sauveur"
              ],
              "es": [
                "Luz-Saint-Sauveur"
              ]
            },
            "insee": "65295",
            "isPartOfDepartment": {
              "@id": "kb:France7665",
              "@type": [
                "Department"
              ],
              "rdfs:label": {
                "de": [
                  "Hautes-Pyrénées"
                ],
                "pt": [
                  "Hautes-Pyrénées"
                ],
                "en": [
                  "Hautes-Pyrénées"
                ],
                "it": [
                  "Hautes-Pyrénées"
                ],
                "fr": [
                  "Hautes-Pyrénées"
                ],
                "nl": [
                  "Hautes-Pyrénées"
                ],
                "es": [
                  "Hautes-Pyrénées"
                ]
              },
              "insee": "65",
              "isPartOfRegion": {
                "@id": "kb:France76",
                "@type": [
                  "Region"
                ],
                "rdfs:label": {
                  "de": [
                    "Occitanie"
                  ],
                  "pt": [
                    "Occitanie"
                  ],
                  "en": [
                    "Occitanie"
                  ],
                  "it": [
                    "Occitanie"
                  ],
                  "fr": [
                    "Occitanie"
                  ],
                  "nl": [
                    "Occitanie"
                  ],
                  "es": [
                    "Occitanie"
                  ]
                },
                "insee": "76",
                "isPartOfCountry": {
                  "@id": "kb:France",
                  "@type": [
                    "schema:Country"
                  ],
                  "rdfs:label": {
                    "de": [
                      "France",
                      "Frankreich"
                    ],
                    "pt": [
                      "França",
                      "France"
                    ],
                    "en": [
                      "France"
                    ],
                    "it": [
                      "France",
                      "Francia"
                    ],
                    "fr": [
                      "France"
                    ],
                    "nl": [
                      "France",
                      "Frankrijk"
                    ],
                    "es": [
                      "France",
                      "Francia"
                    ]
                  }
                }
              }
            }
          }
        }
      ],
      "schema:geo": {
        "@id": "https://data.datatourisme.fr/62f01ada-7b6d-308e-8167-79d89bb3877b",
        "schema:latitude": "42.87325",
        "schema:longitude": "-0.00218",
        "@type": [
          "schema:GeoCoordinates"
        ]
      },
      "schema:openingHoursSpecification": [
        {
          "@id": "https://data.datatourisme.fr/23cb8fb7-212a-352d-9f6b-726c2fb842ab",
          "schema:dayOfWeek": [
            {
              "@id": "schema:Friday",
              "@type": [
                "schema:DayOfWeek"
              ],
              "rdfs:label": {
                "de": [
                  "Freitag"
                ],
                "pt": [
                  "Sexta-feira"
                ],
                "en": [
                  "Friday"
                ],
                "it": [
                  "Venerdì"
                ],
                "fr": [
                  "Vendredi"
                ],
                "nl": [
                  "Vrijdag"
                ],
                "es": [
                  "Viernes"
                ]
              }
            },
            {
              "@id": "schema:Monday",
              "@type": [
                "schema:DayOfWeek"
              ],
              "rdfs:label": {
                "de": [
                  "Montag"
                ],
                "pt": [
                  "Segunda-feira"
                ],
                "en": [
                  "Monday"
                ],
                "it": [
                  "Lunedì"
                ],
                "fr": [
                  "Lundi"
                ],
                "nl": [
                  "Maandag"
                ],
                "es": [
                  "Lunes"
                ]
              }
            },
            {
              "@id": "schema:Saturday",
              "@type": [
                "schema:DayOfWeek"
              ],
              "rdfs:label": {
                "de": [
                  "Samstag"
                ],
                "pt": [
                  "Sábado"
                ],
                "en": [
                  "Saturday"
                ],
                "it": [
                  "Sabato"
                ],
                "fr": [
                  "Samedi"
                ],
                "nl": [
                  "Zaterdag"
                ],
                "es": [
                  "Sábado"
                ]
              }
            },
            {
              "@id": "schema:Sunday",
              "@type": [
                "schema:DayOfWeek"
              ],
              "rdfs:label": {
                "de": [
                  "Sonntag"
                ],
                "pt": [
                  "Domingo"
                ],
                "en": [
                  "Sunday"
                ],
                "it": [
                  "Domenica"
                ],
                "fr": [
                  "Dimanche"
                ],
                "nl": [
                  "Zondag"
                ],
                "es": [
                  "Domingo"
                ]
              }
            },
            {
              "@id": "schema:Thursday",
              "@type": [
                "schema:DayOfWeek"
              ],
              "rdfs:label": {
                "de": [
                  "Donnerstag"
                ],
                "pt": [
                  "Quinta-feira"
                ],
                "en": [
                  "Thursday"
                ],
                "it": [
                  "Giovedì"
                ],
                "fr": [
                  "Jeudi"
                ],
                "es": [
                  "Jueves"
                ],
                "nl": [
                  "Donderdag"
                ]
              }
            },
            {
              "@id": "schema:Tuesday",
              "@type": [
                "schema:DayOfWeek"
              ],
              "rdfs:label": {
                "de": [
                  "Dienstag"
                ],
                "pt": [
                  "Terça-feira"
                ],
                "en": [
                  "Tuesday"
                ],
                "it": [
                  "Martedì"
                ],
                "fr": [
                  "Mardi"
                ],
                "es": [
                  "Martes"
                ],
                "nl": [
                  "Dinsdag"
                ]
              }
            },
            {
              "@id": "schema:Wednesday",
              "@type": [
                "schema:DayOfWeek"
              ],
              "rdfs:label": {
                "de": [
                  "Mittwoch"
                ],
                "pt": [
                  "Quarta-feira"
                ],
                "en": [
                  "Wednesday"
                ],
                "it": [
                  "Mercoledì"
                ],
                "fr": [
                  "Mercredi"
                ],
                "nl": [
                  "Woensdag"
                ],
                "es": [
                  "Miércoles"
                ]
              }
            }
          ],
          "schema:validFrom": "2023-07-01T00:00:00",
          "schema:validThrough": "2023-08-31T00:00:00",
          "@type": [
            "schema:OpeningHoursSpecification"
          ]
        },
        {
          "@id": "https://data.datatourisme.fr/44109eb5-4dbf-3067-95d3-b92cd454ac75",
          "schema:dayOfWeek": [
            {
              "@id": "schema:Friday",
              "@type": [
                "schema:DayOfWeek"
              ],
              "rdfs:label": {
                "de": [
                  "Freitag"
                ],
                "pt": [
                  "Sexta-feira"
                ],
                "en": [
                  "Friday"
                ],
                "it": [
                  "Venerdì"
                ],
                "fr": [
                  "Vendredi"
                ],
                "nl": [
                  "Vrijdag"
                ],
                "es": [
                  "Viernes"
                ]
              }
            },
            {
              "@id": "schema:Monday",
              "@type": [
                "schema:DayOfWeek"
              ],
              "rdfs:label": {
                "de": [
                  "Montag"
                ],
                "pt": [
                  "Segunda-feira"
                ],
                "en": [
                  "Monday"
                ],
                "it": [
                  "Lunedì"
                ],
                "fr": [
                  "Lundi"
                ],
                "nl": [
                  "Maandag"
                ],
                "es": [
                  "Lunes"
                ]
              }
            },
            {
              "@id": "schema:Saturday",
              "@type": [
                "schema:DayOfWeek"
              ],
              "rdfs:label": {
                "de": [
                  "Samstag"
                ],
                "pt": [
                  "Sábado"
                ],
                "en": [
                  "Saturday"
                ],
                "it": [
                  "Sabato"
                ],
                "fr": [
                  "Samedi"
                ],
                "nl": [
                  "Zaterdag"
                ],
                "es": [
                  "Sábado"
                ]
              }
            },
            {
              "@id": "schema:Sunday",
              "@type": [
                "schema:DayOfWeek"
              ],
              "rdfs:label": {
                "de": [
                  "Sonntag"
                ],
                "pt": [
                  "Domingo"
                ],
                "en": [
                  "Sunday"
                ],
                "it": [
                  "Domenica"
                ],
                "fr": [
                  "Dimanche"
                ],
                "nl": [
                  "Zondag"
                ],
                "es": [
                  "Domingo"
                ]
              }
            },
            {
              "@id": "schema:Thursday",
              "@type": [
                "schema:DayOfWeek"
              ],
              "rdfs:label": {
                "de": [
                  "Donnerstag"
                ],
                "pt": [
                  "Quinta-feira"
                ],
                "en": [
                  "Thursday"
                ],
                "it": [
                  "Giovedì"
                ],
                "fr": [
                  "Jeudi"
                ],
                "es": [
                  "Jueves"
                ],
                "nl": [
                  "Donderdag"
                ]
              }
            },
            {
              "@id": "schema:Tuesday",
              "@type": [
                "schema:DayOfWeek"
              ],
              "rdfs:label": {
                "de": [
                  "Dienstag"
                ],
                "pt": [
                  "Terça-feira"
                ],
                "en": [
                  "Tuesday"
                ],
                "it": [
                  "Martedì"
                ],
                "fr": [
                  "Mardi"
                ],
                "es": [
                  "Martes"
                ],
                "nl": [
                  "Dinsdag"
                ]
              }
            },
            {
              "@id": "schema:Wednesday",
              "@type": [
                "schema:DayOfWeek"
              ],
              "rdfs:label": {
                "de": [
                  "Mittwoch"
                ],
                "pt": [
                  "Quarta-feira"
                ],
                "en": [
                  "Wednesday"
                ],
                "it": [
                  "Mercoledì"
                ],
                "fr": [
                  "Mercredi"
                ],
                "nl": [
                  "Woensdag"
                ],
                "es": [
                  "Miércoles"
                ]
              }
            }
          ],
          "schema:validFrom": "2023-09-01T00:00:00",
          "schema:validThrough": "2023-09-30T00:00:00",
          "@type": [
            "schema:OpeningHoursSpecification"
          ]
        },
        {
          "@id": "https://data.datatourisme.fr/4a54fa73-de3b-3bf6-a338-f75340f4e373",
          "schema:dayOfWeek": [
            {
              "@id": "schema:Saturday",
              "@type": [
                "schema:DayOfWeek"
              ],
              "rdfs:label": {
                "de": [
                  "Samstag"
                ],
                "pt": [
                  "Sábado"
                ],
                "en": [
                  "Saturday"
                ],
                "it": [
                  "Sabato"
                ],
                "fr": [
                  "Samedi"
                ],
                "nl": [
                  "Zaterdag"
                ],
                "es": [
                  "Sábado"
                ]
              }
            },
            {
              "@id": "schema:Sunday",
              "@type": [
                "schema:DayOfWeek"
              ],
              "rdfs:label": {
                "de": [
                  "Sonntag"
                ],
                "pt": [
                  "Domingo"
                ],
                "en": [
                  "Sunday"
                ],
                "it": [
                  "Domenica"
                ],
                "fr": [
                  "Dimanche"
                ],
                "nl": [
                  "Zondag"
                ],
                "es": [
                  "Domingo"
                ]
              }
            }
          ],
          "schema:validFrom": "2023-06-01T00:00:00",
          "schema:validThrough": "2023-06-30T00:00:00",
          "@type": [
            "schema:OpeningHoursSpecification"
          ]
        }
      ],
      "@type": [
        "schema:Place",
        "Place"
      ],
      "altInsee": [
        "LUZ-SAINT-SAUVEUR"
      ],
      "petsAllowed": true
    }
  ],
  "lastUpdate": "2023-05-16",
  "lastUpdateDatatourisme": "2023-05-17T02:16:10Z",
  "reducedMobilityAccess": true
}