{
  "@id": "https://data.datatourisme.fr/13/22486ac3-036d-3841-be81-d6f65b74a632",
  "dc:identifier": "5188311",
  "@type": [
    "schema:LocalBusiness",
    "PlaceOfInterest",
    "PointOfInterest",
    "Store"
  ],
  "rdfs:comment": {
    "de": [
      "Zeitungen-Papeterie-Spielwaren-Tabak-Basar-Geschenke-Souvenirs-Blumen:\r\nGeöffnet Montag bis Samstag von 7.00 bis 20.00 Uhr und Sonntag von 7.00 bis 13.00 Uhr"
    ],
    "en": [
      "Newspapers-paper-paper-games-tabac-bazaar-gifts-souvenirs-flowers:\r\nOpen Monday to Saturday from 7:00 am to 8:00 pm and Sunday from 7:00 am to 1:00 pm"
    ],
    "it": [
      "Giornali, cartoleria, giochi, tabacchi, bazar, regali, souvenir, fiori:\r\nAperto dal lunedì al sabato dalle 7.00 alle 20.00 e la domenica dalle 7.00 alle 13.00"
    ],
    "fr": [
      "Journaux-papeterie-jeux-tabac-bazar-cadeaux-souvenirs-fleurs:\r\nOuvert du lundi au samedi de 7h00 à 20h00 et le dimanche de 7h00 à 13h00"
    ],
    "es": [
      "Periódicos, papelería, juegos, tabaco, bazar, regalos, recuerdos, flores:\r\nAbierto de lunes a sábado de 7 a 20 horas y los domingos de 7 a 13 horas"
    ],
    "nl": [
      "Kranten, schrijfwaren, spelletjes, tabak, bazaar, geschenken, souvenirs, bloemen:\r\nOpen van maandag tot zaterdag van 7 tot 20 uur en zondag van 7 tot 13 uur"
    ]
  },
  "rdfs:label": {
    "fr": [
      "Tabac - Loto - Presse"
    ]
  },
  "hasBeenCreatedBy": {
    "@id": "https://data.datatourisme.fr/13/90db9da4-fc54-34ab-95a9-fe495d555c06",
    "dc:identifier": "1420",
    "schema:email": [
      "corinne.vincent@lepuyenvelay.fr",
      "florence.brustel@lepuyenvelay.fr",
      "karine.wassner@lepuyenvelay.fr"
    ],
    "schema:legalName": "Office de Tourisme de l'agglomération du Puy-en-Velay",
    "@type": [
      "schema:Organization",
      "foaf:Agent",
      "Agent"
    ],
    "foaf:homepage": [
      "https://www.lepuyenvelay-tourisme.fr/"
    ]
  },
  "hasBeenPublishedBy": [
    {
      "@id": "https://data.datatourisme.fr/36ac2aa2-25d7-341e-b68a-2e78c6066065",
      "schema:legalName": "Maison du Tourisme de la Haute-Loire - source : Apidae Tourisme",
      "@type": [
        "schema:Organization",
        "foaf:Agent",
        "Agent"
      ],
      "foaf:homepage": [
        "https://www.apidae-tourisme.com/"
      ]
    }
  ],
  "hasContact": [
    {
      "@id": "https://data.datatourisme.fr/c19a7fec-43b5-3cf8-a8c6-2939fd79b1c4",
      "schema:email": [
        "patriciarocher@orange.fr"
      ],
      "schema:telephone": [
        "+33 4 71 00 62 20"
      ],
      "@type": [
        "foaf:Agent",
        "Agent"
      ]
    }
  ],
  "hasDescription": [
    {
      "@id": "https://data.datatourisme.fr/754fd395-2a5f-3891-bd8d-f6481f06f48f",
      "@type": [
        "Description"
      ],
      "hasTranslatedProperty": [
        {
          "@id": "https://data.datatourisme.fr/1088afef-9a62-35ab-8aff-28757988711f",
          "dc:contributor": [
            "https://api.deepl.com/v2/translate"
          ],
          "rdf:language": [
            "en"
          ],
          "rdf:predicate": [
            "shortDescription"
          ]
        },
        {
          "@id": "https://data.datatourisme.fr/b2fad287-fe63-3c6f-bfb8-f38557c35f5b",
          "dc:contributor": [
            "https://api.deepl.com/v2/translate"
          ],
          "rdf:language": [
            "de"
          ],
          "rdf:predicate": [
            "shortDescription"
          ]
        },
        {
          "@id": "https://data.datatourisme.fr/b4e85dc8-b2c1-351c-bbff-34607ca95cb1",
          "dc:contributor": [
            "https://api.deepl.com/v2/translate"
          ],
          "rdf:language": [
            "es"
          ],
          "rdf:predicate": [
            "shortDescription"
          ]
        },
        {
          "@id": "https://data.datatourisme.fr/c16ac212-501a-390f-ad80-45c313ba8aef",
          "dc:contributor": [
            "https://api.deepl.com/v2/translate"
          ],
          "rdf:language": [
            "it"
          ],
          "rdf:predicate": [
            "shortDescription"
          ]
        },
        {
          "@id": "https://data.datatourisme.fr/dd333dc4-1c02-37dc-8d4b-7e6fdab95e11",
          "dc:contributor": [
            "https://api.deepl.com/v2/translate"
          ],
          "rdf:language": [
            "nl"
          ],
          "rdf:predicate": [
            "shortDescription"
          ]
        }
      ],
      "shortDescription": {
        "de": [
          "Zeitungen-Papeterie-Spielwaren-Tabak-Basar-Geschenke-Souvenirs-Blumen:\r\nGeöffnet Montag bis Samstag von 7.00 bis 20.00 Uhr und Sonntag von 7.00 bis 13.00 Uhr"
        ],
        "en": [
          "Newspapers-paper-paper-games-tabac-bazaar-gifts-souvenirs-flowers:\r\nOpen Monday to Saturday from 7:00 am to 8:00 pm and Sunday from 7:00 am to 1:00 pm"
        ],
        "it": [
          "Giornali, cartoleria, giochi, tabacchi, bazar, regali, souvenir, fiori:\r\nAperto dal lunedì al sabato dalle 7.00 alle 20.00 e la domenica dalle 7.00 alle 13.00"
        ],
        "fr": [
          "Journaux-papeterie-jeux-tabac-bazar-cadeaux-souvenirs-fleurs:\r\nOuvert du lundi au samedi de 7h00 à 20h00 et le dimanche de 7h00 à 13h00"
        ],
        "es": [
          "Periódicos, papelería, juegos, tabaco, bazar, regalos, recuerdos, flores:\r\nAbierto de lunes a sábado de 7 a 20 horas y los domingos de 7 a 13 horas"
        ],
        "nl": [
          "Kranten, schrijfwaren, spelletjes, tabak, bazaar, geschenken, souvenirs, bloemen:\r\nOpen van maandag tot zaterdag van 7 tot 20 uur en zondag van 7 tot 13 uur"
        ]
      }
    }
  ],
  "hasTranslatedProperty": [
    {
      "@id": "https://data.datatourisme.fr/21d75001-a328-3c8b-8541-79e5aeecca45",
      "dc:contributor": [
        "https://api.deepl.com/v2/translate"
      ],
      "rdf:language": [
        "nl"
      ],
      "rdf:predicate": [
        {
          "@id": "rdfs:comment"
        }
      ]
    },
    {
      "@id": "https://data.datatourisme.fr/93b5c78d-49af-3582-9865-2386ebf43082",
      "dc:contributor": [
        "https://api.deepl.com/v2/translate"
      ],
      "rdf:language": [
        "es"
      ],
      "rdf:predicate": [
        {
          "@id": "rdfs:comment"
        }
      ]
    },
    {
      "@id": "https://data.datatourisme.fr/98cff6ab-95c7-3539-a228-b4c3f3b2494b",
      "dc:contributor": [
        "https://api.deepl.com/v2/translate"
      ],
      "rdf:language": [
        "en"
      ],
      "rdf:predicate": [
        {
          "@id": "rdfs:comment"
        }
      ]
    },
    {
      "@id": "https://data.datatourisme.fr/e2cf9bd4-5f5e-333e-b80d-98d57579a42a",
      "dc:contributor": [
        "https://api.deepl.com/v2/translate"
      ],
      "rdf:language": [
        "de"
      ],
      "rdf:predicate": [
        {
          "@id": "rdfs:comment"
        }
      ]
    },
    {
      "@id": "https://data.datatourisme.fr/fc014f58-1076-3e23-8b50-987b52828bd7",
      "dc:contributor": [
        "https://api.deepl.com/v2/translate"
      ],
      "rdf:language": [
        "it"
      ],
      "rdf:predicate": [
        {
          "@id": "rdfs:comment"
        }
      ]
    }
  ],
  "isLocatedAt": [
    {
      "@id": "https://data.datatourisme.fr/78ba8046-ccc0-325d-8fce-9a9086acd483",
      "schema:address": [
        {
          "@id": "https://data.datatourisme.fr/ccc0f050-badc-36f2-b709-1583cbbbd212",
          "schema:addressLocality": "Allègre",
          "schema:postalCode": "43270",
          "schema:streetAddress": [
            "57, rue du Mont Bar"
          ],
          "@type": [
            "schema:PostalAddress",
            "PostalAddress"
          ],
          "hasAddressCity": {
            "@id": "kb:43003",
            "@type": [
              "City"
            ],
            "rdfs:label": {
              "de": [
                "Allègre"
              ],
              "pt": [
                "Allègre"
              ],
              "en": [
                "Allègre"
              ],
              "it": [
                "Allègre"
              ],
              "fr": [
                "Allègre"
              ],
              "nl": [
                "Allègre"
              ],
              "es": [
                "Allègre"
              ]
            },
            "insee": "43003",
            "isPartOfDepartment": {
              "@id": "kb:France8443",
              "@type": [
                "Department"
              ],
              "rdfs:label": {
                "de": [
                  "Haute-Loire"
                ],
                "pt": [
                  "Haute-Loire"
                ],
                "en": [
                  "Haute-Loire"
                ],
                "it": [
                  "Haute-Loire"
                ],
                "fr": [
                  "Haute-Loire"
                ],
                "nl": [
                  "Haute-Loire"
                ],
                "es": [
                  "Haute-Loire"
                ]
              },
              "insee": "43",
              "isPartOfRegion": {
                "@id": "kb:France84",
                "@type": [
                  "Region"
                ],
                "rdfs:label": {
                  "de": [
                    "Auvergne-Rhône-Alpes"
                  ],
                  "pt": [
                    "Auvergne-Rhône-Alpes"
                  ],
                  "en": [
                    "Auvergne-Rhône-Alpes"
                  ],
                  "it": [
                    "Auvergne-Rhône-Alpes"
                  ],
                  "fr": [
                    "Auvergne-Rhône-Alpes"
                  ],
                  "nl": [
                    "Auvergne-Rhône-Alpes"
                  ],
                  "es": [
                    "Auvergne-Rhône-Alpes"
                  ]
                },
                "insee": "84",
                "isPartOfCountry": {
                  "@id": "kb:France",
                  "@type": [
                    "schema:Country"
                  ],
                  "rdfs:label": {
                    "de": [
                      "France",
                      "Frankreich"
                    ],
                    "pt": [
                      "França",
                      "France"
                    ],
                    "en": [
                      "France"
                    ],
                    "it": [
                      "France",
                      "Francia"
                    ],
                    "fr": [
                      "France"
                    ],
                    "nl": [
                      "France",
                      "Frankrijk"
                    ],
                    "es": [
                      "France",
                      "Francia"
                    ]
                  }
                }
              }
            }
          }
        }
      ],
      "schema:geo": {
        "@id": "https://data.datatourisme.fr/90f9b13e-f868-3e9d-b03b-2013d09deb0c",
        "schema:latitude": "45.196202",
        "schema:longitude": "3.711334",
        "@type": [
          "schema:GeoCoordinates"
        ]
      },
      "schema:openingHoursSpecification": [
        {
          "@id": "https://data.datatourisme.fr/f87e535a-636d-3343-ad63-8a03392e7511",
          "schema:validFrom": "2023-01-01T00:00:00",
          "schema:validThrough": "2023-12-31T23:59:59",
          "@type": [
            "schema:OpeningHoursSpecification"
          ]
        }
      ],
      "@type": [
        "schema:Place",
        "Place"
      ]
    }
  ],
  "isOwnedBy": [
    {
      "@id": "https://data.datatourisme.fr/d7dfd47e-c605-39b6-9b42-c46773b63868",
      "schema:email": [
        "corinne.vincent@lepuyenvelay.fr",
        "florence.brustel@lepuyenvelay.fr"
      ],
      "schema:legalName": "Office de Tourisme de l'agglomération du Puy-en-Velay",
      "@type": [
        "schema:Organization",
        "foaf:Agent",
        "Agent"
      ],
      "foaf:homepage": [
        "https://www.lepuyenvelay-tourisme.fr/"
      ]
    }
  ],
  "lastUpdate": "2021-04-02",
  "lastUpdateDatatourisme": "2023-06-20T05:49:22.631Z"
}