{
  "@id": "https://data.datatourisme.fr/32/442b67fa-0cae-3af7-afa1-242e70872aeb",
  "dc:identifier": "RESLAR034V52AI5E",
  "@type": [
    "schema:FastFoodRestaurant",
    "schema:FoodEstablishment",
    "FastFoodRestaurant",
    "FoodEstablishment",
    "PlaceOfInterest",
    "PointOfInterest"
  ],
  "rdfs:comment": {
    "de": [
      "Restaurant Pizzeria in Caux\nPizzas, Pastas, Foccacias, Salate, hausgemachte Eiscreme"
    ],
    "en": [
      "Restaurant Pizzeria in Caux\nPizzas, Pastas, Foccacias, Salads, Home-made ice creams"
    ],
    "it": [
      "Ristorante Pizzeria a Caux\nPizze, Paste, Foccacce, Insalate, Gelati artigianali"
    ],
    "fr": [
      "Restaurant Pizzeria à Caux\nPizzas, Pastas, Foccacias, Salades, Glaces artisanales"
    ],
    "es": [
      "Restaurante Pizzería en Caux\nPizzas, Pastas, Foccacias, Ensaladas, Helados caseros"
    ],
    "nl": [
      "Restaurant Pizzeria in Caux\nPizza's, Pasta's, Foccacia's, Salades, Huisgemaakt ijs"
    ]
  },
  "rdfs:label": {
    "en": [
      "TÊTE D ENCHOIS"
    ],
    "fr": [
      "TÊTE D ENCHOIS"
    ]
  },
  "creationDate": "2023-01-03",
  "hasBeenCreatedBy": {
    "@id": "https://data.datatourisme.fr/ee971f5f-1772-3b3f-932a-ace1eea53b3a",
    "schema:legalName": "OT CAP D'AGDE MEDITERRANEE",
    "@type": [
      "schema:Organization",
      "foaf:Agent",
      "Agent"
    ]
  },
  "hasBeenPublishedBy": [
    {
      "@id": "https://data.datatourisme.fr/febedded-d61e-398a-afe4-6ddebe34211c",
      "schema:email": [
        "contact@herault-tourisme.com"
      ],
      "schema:legalName": "Hérault Tourisme",
      "schema:telephone": [
        "+33 4 67 67 71 71"
      ],
      "@type": [
        "schema:Organization",
        "foaf:Agent",
        "Agent"
      ],
      "foaf:homepage": [
        "http://www.herault-tourisme.com/"
      ]
    }
  ],
  "hasContact": [
    {
      "@id": "https://data.datatourisme.fr/7e8b0e8b-7205-3324-9847-f9e08e96361f",
      "schema:email": [
        "contact@tetedanchois.fr"
      ],
      "schema:legalName": "TÊTE D ENCHOIS",
      "schema:telephone": [
        "+33 4 67 26 42 59"
      ],
      "@type": [
        "schema:Organization",
        "foaf:Agent",
        "Agent"
      ],
      "foaf:homepage": [
        "https://tetedanchois.fr/"
      ]
    }
  ],
  "hasDescription": [
    {
      "@id": "https://data.datatourisme.fr/82407a54-8e34-3c50-a5f4-4872f2c2cd26",
      "dc:description": {
        "de": [
          "Restaurant Pizzeria in Caux\nPizzas, Pastas, Foccacias, Salate, hausgemachte Eiscreme"
        ],
        "en": [
          "Restaurant Pizzeria in Caux\nPizzas, Pastas, Foccacias, Salads, Home-made ice creams"
        ],
        "it": [
          "Ristorante Pizzeria a Caux\nPizze, Paste, Foccacce, Insalate, Gelati artigianali"
        ],
        "fr": [
          "Restaurant Pizzeria à Caux\nPizzas, Pastas, Foccacias, Salades, Glaces artisanales"
        ],
        "es": [
          "Restaurante Pizzería en Caux\nPizzas, Pastas, Foccacias, Ensaladas, Helados caseros"
        ],
        "nl": [
          "Restaurant Pizzeria in Caux\nPizza's, Pasta's, Foccacia's, Salades, Huisgemaakt ijs"
        ]
      },
      "@type": [
        "Description"
      ],
      "hasTranslatedProperty": [
        {
          "@id": "https://data.datatourisme.fr/d7d837f2-e4ce-3ed2-8abf-f9b3053bf303",
          "dc:contributor": [
            "https://api.deepl.com/v2/translate"
          ],
          "rdf:language": [
            "it"
          ],
          "rdf:predicate": [
            "shortDescription"
          ]
        },
        {
          "@id": "https://data.datatourisme.fr/f90d4372-57f3-3e50-b67c-247be41d568f",
          "dc:contributor": [
            "https://api.deepl.com/v2/translate"
          ],
          "rdf:language": [
            "it"
          ],
          "rdf:predicate": [
            {
              "@id": "dc:description"
            }
          ]
        }
      ],
      "shortDescription": {
        "de": [
          "Restaurant Pizzeria in Caux\nPizzas, Pastas, Foccacias, Salate, hausgemachte Eiscreme"
        ],
        "en": [
          "Restaurant Pizzeria in Caux\nPizzas, Pastas, Foccacias, Salads, Home-made ice creams"
        ],
        "it": [
          "Ristorante Pizzeria a Caux\nPizze, Paste, Foccacce, Insalate, Gelati artigianali"
        ],
        "fr": [
          "Restaurant Pizzeria à Caux\nPizzas, Pastas, Foccacias, Salades, Glaces artisanales"
        ],
        "es": [
          "Restaurante Pizzería en Caux\nPizzas, Pastas, Foccacias, Ensaladas, Helados caseros"
        ],
        "nl": [
          "Restaurant Pizzeria in Caux\nPizza's, Pasta's, Foccacia's, Salades, Huisgemaakt ijs"
        ]
      }
    }
  ],
  "hasTranslatedProperty": [
    {
      "@id": "https://data.datatourisme.fr/95a498e7-6bee-3c87-b233-0aee43bd8683",
      "dc:contributor": [
        "https://api.deepl.com/v2/translate"
      ],
      "rdf:language": [
        "it"
      ],
      "rdf:predicate": [
        {
          "@id": "rdfs:comment"
        }
      ]
    }
  ],
  "isLocatedAt": [
    {
      "@id": "https://data.datatourisme.fr/10c643e1-6a0e-3f06-94aa-07cd1542c683",
      "schema:address": [
        {
          "@id": "https://data.datatourisme.fr/e31977de-2c92-3e81-a7da-4153e355b5ee",
          "schema:addressLocality": "Caux",
          "schema:postalCode": "34720",
          "schema:streetAddress": [
            "20 Place de la République"
          ],
          "@type": [
            "schema:PostalAddress",
            "PostalAddress"
          ],
          "hasAddressCity": {
            "@id": "kb:34063",
            "@type": [
              "City"
            ],
            "rdfs:label": {
              "de": [
                "Caux"
              ],
              "pt": [
                "Caux"
              ],
              "en": [
                "Caux"
              ],
              "it": [
                "Caux"
              ],
              "fr": [
                "Caux"
              ],
              "nl": [
                "Caux"
              ],
              "es": [
                "Caux"
              ]
            },
            "insee": "34063",
            "isPartOfDepartment": {
              "@id": "kb:France7634",
              "@type": [
                "Department"
              ],
              "rdfs:label": {
                "de": [
                  "Hérault"
                ],
                "pt": [
                  "Hérault"
                ],
                "en": [
                  "Hérault"
                ],
                "it": [
                  "Hérault"
                ],
                "fr": [
                  "Hérault"
                ],
                "nl": [
                  "Hérault"
                ],
                "es": [
                  "Hérault"
                ]
              },
              "insee": "34",
              "isPartOfRegion": {
                "@id": "kb:France76",
                "@type": [
                  "Region"
                ],
                "rdfs:label": {
                  "de": [
                    "Occitanie"
                  ],
                  "pt": [
                    "Occitanie"
                  ],
                  "en": [
                    "Occitanie"
                  ],
                  "it": [
                    "Occitanie"
                  ],
                  "fr": [
                    "Occitanie"
                  ],
                  "nl": [
                    "Occitanie"
                  ],
                  "es": [
                    "Occitanie"
                  ]
                },
                "insee": "76",
                "isPartOfCountry": {
                  "@id": "kb:France",
                  "@type": [
                    "schema:Country"
                  ],
                  "rdfs:label": {
                    "de": [
                      "France",
                      "Frankreich"
                    ],
                    "pt": [
                      "França",
                      "France"
                    ],
                    "en": [
                      "France"
                    ],
                    "it": [
                      "France",
                      "Francia"
                    ],
                    "fr": [
                      "France"
                    ],
                    "nl": [
                      "France",
                      "Frankrijk"
                    ],
                    "es": [
                      "France",
                      "Francia"
                    ]
                  }
                }
              }
            }
          }
        }
      ],
      "schema:geo": {
        "@id": "https://data.datatourisme.fr/76697d70-589f-3284-bb56-88b59498beb3",
        "schema:latitude": "43.50711",
        "schema:longitude": "3.36771",
        "@type": [
          "schema:GeoCoordinates"
        ]
      },
      "schema:openingHoursSpecification": [
        {
          "@id": "https://data.datatourisme.fr/41415e56-50d9-310f-82a4-588a7568b4f7",
          "schema:closes": "22:00:00",
          "schema:dayOfWeek": [
            {
              "@id": "schema:Saturday",
              "@type": [
                "schema:DayOfWeek"
              ],
              "rdfs:label": {
                "de": [
                  "Samstag"
                ],
                "pt": [
                  "Sábado"
                ],
                "en": [
                  "Saturday"
                ],
                "it": [
                  "Sabato"
                ],
                "fr": [
                  "Samedi"
                ],
                "nl": [
                  "Zaterdag"
                ],
                "es": [
                  "Sábado"
                ]
              }
            }
          ],
          "schema:opens": "18:00:00",
          "schema:validFrom": "2023-01-01T18:00:00",
          "schema:validThrough": "2023-12-31T22:00:00",
          "@type": [
            "schema:OpeningHoursSpecification"
          ],
          "additionalInformation": {
            "de": [
              "Fermeture: Montag-Sonntag."
            ],
            "en": [
              "Fermeture: Monday-Sunday."
            ],
            "it": [
              "Chiuso: lunedì-domenica."
            ],
            "fr": [
              "Fermeture: Lundi-Dimanche."
            ],
            "nl": [
              "Fermeture: Maandag-Zondag."
            ],
            "es": [
              "Fermeture: Lunes-Domingo."
            ]
          },
          "hasTranslatedProperty": [
            {
              "@id": "https://data.datatourisme.fr/5c08d15d-eca2-3272-9eea-7f9e80fb9b14",
              "dc:contributor": [
                "https://api.deepl.com/v2/translate"
              ],
              "rdf:language": [
                "it"
              ],
              "rdf:predicate": [
                "additionalInformation"
              ]
            }
          ]
        },
        {
          "@id": "https://data.datatourisme.fr/5e18fa74-4a6f-35dd-80d3-2398702f4814",
          "schema:closes": "22:00:00",
          "schema:dayOfWeek": [
            {
              "@id": "schema:Thursday",
              "@type": [
                "schema:DayOfWeek"
              ],
              "rdfs:label": {
                "de": [
                  "Donnerstag"
                ],
                "pt": [
                  "Quinta-feira"
                ],
                "en": [
                  "Thursday"
                ],
                "it": [
                  "Giovedì"
                ],
                "fr": [
                  "Jeudi"
                ],
                "es": [
                  "Jueves"
                ],
                "nl": [
                  "Donderdag"
                ]
              }
            }
          ],
          "schema:opens": "18:00:00",
          "schema:validFrom": "2023-01-01T18:00:00",
          "schema:validThrough": "2023-12-31T22:00:00",
          "@type": [
            "schema:OpeningHoursSpecification"
          ],
          "additionalInformation": {
            "de": [
              "Fermeture: Montag-Sonntag."
            ],
            "en": [
              "Fermeture: Monday-Sunday."
            ],
            "it": [
              "Chiuso: lunedì-domenica."
            ],
            "fr": [
              "Fermeture: Lundi-Dimanche."
            ],
            "nl": [
              "Fermeture: Maandag-Zondag."
            ],
            "es": [
              "Fermeture: Lunes-Domingo."
            ]
          },
          "hasTranslatedProperty": [
            {
              "@id": "https://data.datatourisme.fr/443f027e-d8b4-35b2-81da-e70907b0a83b",
              "dc:contributor": [
                "https://api.deepl.com/v2/translate"
              ],
              "rdf:language": [
                "it"
              ],
              "rdf:predicate": [
                "additionalInformation"
              ]
            }
          ]
        },
        {
          "@id": "https://data.datatourisme.fr/9aa869e5-e30b-386c-9355-c8402a75e5a8",
          "schema:closes": "22:00:00",
          "schema:dayOfWeek": [
            {
              "@id": "schema:Friday",
              "@type": [
                "schema:DayOfWeek"
              ],
              "rdfs:label": {
                "de": [
                  "Freitag"
                ],
                "pt": [
                  "Sexta-feira"
                ],
                "en": [
                  "Friday"
                ],
                "it": [
                  "Venerdì"
                ],
                "fr": [
                  "Vendredi"
                ],
                "nl": [
                  "Vrijdag"
                ],
                "es": [
                  "Viernes"
                ]
              }
            }
          ],
          "schema:opens": "18:00:00",
          "schema:validFrom": "2023-01-01T18:00:00",
          "schema:validThrough": "2023-12-31T22:00:00",
          "@type": [
            "schema:OpeningHoursSpecification"
          ],
          "additionalInformation": {
            "de": [
              "Fermeture: Montag-Sonntag."
            ],
            "en": [
              "Fermeture: Monday-Sunday."
            ],
            "it": [
              "Chiuso: lunedì-domenica."
            ],
            "fr": [
              "Fermeture: Lundi-Dimanche."
            ],
            "nl": [
              "Fermeture: Maandag-Zondag."
            ],
            "es": [
              "Fermeture: Lunes-Domingo."
            ]
          },
          "hasTranslatedProperty": [
            {
              "@id": "https://data.datatourisme.fr/6928a21d-14d3-33b2-8ae9-360cee7caafe",
              "dc:contributor": [
                "https://api.deepl.com/v2/translate"
              ],
              "rdf:language": [
                "it"
              ],
              "rdf:predicate": [
                "additionalInformation"
              ]
            }
          ]
        },
        {
          "@id": "https://data.datatourisme.fr/a95c8212-baa4-3888-9cc1-73e107f3b826",
          "schema:closes": "22:00:00",
          "schema:dayOfWeek": [
            {
              "@id": "schema:Tuesday",
              "@type": [
                "schema:DayOfWeek"
              ],
              "rdfs:label": {
                "de": [
                  "Dienstag"
                ],
                "pt": [
                  "Terça-feira"
                ],
                "en": [
                  "Tuesday"
                ],
                "it": [
                  "Martedì"
                ],
                "fr": [
                  "Mardi"
                ],
                "es": [
                  "Martes"
                ],
                "nl": [
                  "Dinsdag"
                ]
              }
            }
          ],
          "schema:opens": "18:00:00",
          "schema:validFrom": "2023-01-01T18:00:00",
          "schema:validThrough": "2023-12-31T22:00:00",
          "@type": [
            "schema:OpeningHoursSpecification"
          ],
          "additionalInformation": {
            "de": [
              "Fermeture: Montag-Sonntag."
            ],
            "en": [
              "Fermeture: Monday-Sunday."
            ],
            "it": [
              "Chiuso: lunedì-domenica."
            ],
            "fr": [
              "Fermeture: Lundi-Dimanche."
            ],
            "nl": [
              "Fermeture: Maandag-Zondag."
            ],
            "es": [
              "Fermeture: Lunes-Domingo."
            ]
          },
          "hasTranslatedProperty": [
            {
              "@id": "https://data.datatourisme.fr/129d68b5-c2b4-34a7-b4ee-50c58e737334",
              "dc:contributor": [
                "https://api.deepl.com/v2/translate"
              ],
              "rdf:language": [
                "it"
              ],
              "rdf:predicate": [
                "additionalInformation"
              ]
            }
          ]
        },
        {
          "@id": "https://data.datatourisme.fr/abde0359-7830-36cf-a841-0e69581e7fa2",
          "schema:closes": "22:00:00",
          "schema:dayOfWeek": [
            {
              "@id": "schema:Wednesday",
              "@type": [
                "schema:DayOfWeek"
              ],
              "rdfs:label": {
                "de": [
                  "Mittwoch"
                ],
                "pt": [
                  "Quarta-feira"
                ],
                "en": [
                  "Wednesday"
                ],
                "it": [
                  "Mercoledì"
                ],
                "fr": [
                  "Mercredi"
                ],
                "nl": [
                  "Woensdag"
                ],
                "es": [
                  "Miércoles"
                ]
              }
            }
          ],
          "schema:opens": "18:00:00",
          "schema:validFrom": "2023-01-01T18:00:00",
          "schema:validThrough": "2023-12-31T22:00:00",
          "@type": [
            "schema:OpeningHoursSpecification"
          ],
          "additionalInformation": {
            "de": [
              "Fermeture: Montag-Sonntag."
            ],
            "en": [
              "Fermeture: Monday-Sunday."
            ],
            "it": [
              "Chiuso: lunedì-domenica."
            ],
            "fr": [
              "Fermeture: Lundi-Dimanche."
            ],
            "nl": [
              "Fermeture: Maandag-Zondag."
            ],
            "es": [
              "Fermeture: Lunes-Domingo."
            ]
          },
          "hasTranslatedProperty": [
            {
              "@id": "https://data.datatourisme.fr/213246d3-0311-3be3-89f2-625baec06f30",
              "dc:contributor": [
                "https://api.deepl.com/v2/translate"
              ],
              "rdf:language": [
                "it"
              ],
              "rdf:predicate": [
                "additionalInformation"
              ]
            }
          ]
        },
        {
          "@id": "https://data.datatourisme.fr/b624492d-771e-39d4-bb3e-c182190e07fb",
          "schema:closes": "14:00:00",
          "schema:dayOfWeek": [
            {
              "@id": "schema:Tuesday",
              "@type": [
                "schema:DayOfWeek"
              ],
              "rdfs:label": {
                "de": [
                  "Dienstag"
                ],
                "pt": [
                  "Terça-feira"
                ],
                "en": [
                  "Tuesday"
                ],
                "it": [
                  "Martedì"
                ],
                "fr": [
                  "Mardi"
                ],
                "es": [
                  "Martes"
                ],
                "nl": [
                  "Dinsdag"
                ]
              }
            }
          ],
          "schema:opens": "11:30:00",
          "schema:validFrom": "2023-01-01T11:30:00",
          "schema:validThrough": "2023-12-31T14:00:00",
          "@type": [
            "schema:OpeningHoursSpecification"
          ],
          "additionalInformation": {
            "de": [
              "Fermeture: Montag-Sonntag."
            ],
            "en": [
              "Fermeture: Monday-Sunday."
            ],
            "it": [
              "Chiuso: lunedì-domenica."
            ],
            "fr": [
              "Fermeture: Lundi-Dimanche."
            ],
            "nl": [
              "Fermeture: Maandag-Zondag."
            ],
            "es": [
              "Fermeture: Lunes-Domingo."
            ]
          },
          "hasTranslatedProperty": [
            {
              "@id": "https://data.datatourisme.fr/4298c171-4f7f-3f8b-90ea-868f01aca50d",
              "dc:contributor": [
                "https://api.deepl.com/v2/translate"
              ],
              "rdf:language": [
                "it"
              ],
              "rdf:predicate": [
                "additionalInformation"
              ]
            }
          ]
        },
        {
          "@id": "https://data.datatourisme.fr/be7e3bdf-8401-3d7c-9dde-1d94337c4cc6",
          "schema:closes": "14:00:00",
          "schema:dayOfWeek": [
            {
              "@id": "schema:Saturday",
              "@type": [
                "schema:DayOfWeek"
              ],
              "rdfs:label": {
                "de": [
                  "Samstag"
                ],
                "pt": [
                  "Sábado"
                ],
                "en": [
                  "Saturday"
                ],
                "it": [
                  "Sabato"
                ],
                "fr": [
                  "Samedi"
                ],
                "nl": [
                  "Zaterdag"
                ],
                "es": [
                  "Sábado"
                ]
              }
            }
          ],
          "schema:opens": "11:30:00",
          "schema:validFrom": "2023-01-01T11:30:00",
          "schema:validThrough": "2023-12-31T14:00:00",
          "@type": [
            "schema:OpeningHoursSpecification"
          ],
          "additionalInformation": {
            "de": [
              "Fermeture: Montag-Sonntag."
            ],
            "en": [
              "Fermeture: Monday-Sunday."
            ],
            "it": [
              "Chiuso: lunedì-domenica."
            ],
            "fr": [
              "Fermeture: Lundi-Dimanche."
            ],
            "nl": [
              "Fermeture: Maandag-Zondag."
            ],
            "es": [
              "Fermeture: Lunes-Domingo."
            ]
          },
          "hasTranslatedProperty": [
            {
              "@id": "https://data.datatourisme.fr/6a9aaa23-4807-3329-9ce3-6abe57cb359f",
              "dc:contributor": [
                "https://api.deepl.com/v2/translate"
              ],
              "rdf:language": [
                "it"
              ],
              "rdf:predicate": [
                "additionalInformation"
              ]
            }
          ]
        },
        {
          "@id": "https://data.datatourisme.fr/c9353c06-a7f7-3998-9e63-7ccf2d0e3845",
          "schema:closes": "14:00:00",
          "schema:dayOfWeek": [
            {
              "@id": "schema:Friday",
              "@type": [
                "schema:DayOfWeek"
              ],
              "rdfs:label": {
                "de": [
                  "Freitag"
                ],
                "pt": [
                  "Sexta-feira"
                ],
                "en": [
                  "Friday"
                ],
                "it": [
                  "Venerdì"
                ],
                "fr": [
                  "Vendredi"
                ],
                "nl": [
                  "Vrijdag"
                ],
                "es": [
                  "Viernes"
                ]
              }
            }
          ],
          "schema:opens": "11:30:00",
          "schema:validFrom": "2023-01-01T11:30:00",
          "schema:validThrough": "2023-12-31T14:00:00",
          "@type": [
            "schema:OpeningHoursSpecification"
          ],
          "additionalInformation": {
            "de": [
              "Fermeture: Montag-Sonntag."
            ],
            "en": [
              "Fermeture: Monday-Sunday."
            ],
            "it": [
              "Chiuso: lunedì-domenica."
            ],
            "fr": [
              "Fermeture: Lundi-Dimanche."
            ],
            "nl": [
              "Fermeture: Maandag-Zondag."
            ],
            "es": [
              "Fermeture: Lunes-Domingo."
            ]
          },
          "hasTranslatedProperty": [
            {
              "@id": "https://data.datatourisme.fr/a10c7236-2c35-3e72-b55f-0b4dc7c4f71f",
              "dc:contributor": [
                "https://api.deepl.com/v2/translate"
              ],
              "rdf:language": [
                "it"
              ],
              "rdf:predicate": [
                "additionalInformation"
              ]
            }
          ]
        },
        {
          "@id": "https://data.datatourisme.fr/d3975f02-81af-3b37-b9fa-d65d152deb06",
          "schema:closes": "14:00:00",
          "schema:dayOfWeek": [
            {
              "@id": "schema:Wednesday",
              "@type": [
                "schema:DayOfWeek"
              ],
              "rdfs:label": {
                "de": [
                  "Mittwoch"
                ],
                "pt": [
                  "Quarta-feira"
                ],
                "en": [
                  "Wednesday"
                ],
                "it": [
                  "Mercoledì"
                ],
                "fr": [
                  "Mercredi"
                ],
                "nl": [
                  "Woensdag"
                ],
                "es": [
                  "Miércoles"
                ]
              }
            }
          ],
          "schema:opens": "11:30:00",
          "schema:validFrom": "2023-01-01T11:30:00",
          "schema:validThrough": "2023-12-31T14:00:00",
          "@type": [
            "schema:OpeningHoursSpecification"
          ],
          "additionalInformation": {
            "de": [
              "Fermeture: Montag-Sonntag."
            ],
            "en": [
              "Fermeture: Monday-Sunday."
            ],
            "it": [
              "Chiuso: lunedì-domenica."
            ],
            "fr": [
              "Fermeture: Lundi-Dimanche."
            ],
            "nl": [
              "Fermeture: Maandag-Zondag."
            ],
            "es": [
              "Fermeture: Lunes-Domingo."
            ]
          },
          "hasTranslatedProperty": [
            {
              "@id": "https://data.datatourisme.fr/bf2946cd-4773-39a7-bb3d-49c135dbb5f6",
              "dc:contributor": [
                "https://api.deepl.com/v2/translate"
              ],
              "rdf:language": [
                "it"
              ],
              "rdf:predicate": [
                "additionalInformation"
              ]
            }
          ]
        },
        {
          "@id": "https://data.datatourisme.fr/d8973d33-7366-3fe5-957c-1750fc356b0b",
          "schema:closes": "14:00:00",
          "schema:dayOfWeek": [
            {
              "@id": "schema:Thursday",
              "@type": [
                "schema:DayOfWeek"
              ],
              "rdfs:label": {
                "de": [
                  "Donnerstag"
                ],
                "pt": [
                  "Quinta-feira"
                ],
                "en": [
                  "Thursday"
                ],
                "it": [
                  "Giovedì"
                ],
                "fr": [
                  "Jeudi"
                ],
                "es": [
                  "Jueves"
                ],
                "nl": [
                  "Donderdag"
                ]
              }
            }
          ],
          "schema:opens": "11:30:00",
          "schema:validFrom": "2023-01-01T11:30:00",
          "schema:validThrough": "2023-12-31T14:00:00",
          "@type": [
            "schema:OpeningHoursSpecification"
          ],
          "additionalInformation": {
            "de": [
              "Fermeture: Montag-Sonntag."
            ],
            "en": [
              "Fermeture: Monday-Sunday."
            ],
            "it": [
              "Chiuso: lunedì-domenica."
            ],
            "fr": [
              "Fermeture: Lundi-Dimanche."
            ],
            "nl": [
              "Fermeture: Maandag-Zondag."
            ],
            "es": [
              "Fermeture: Lunes-Domingo."
            ]
          },
          "hasTranslatedProperty": [
            {
              "@id": "https://data.datatourisme.fr/a1354704-f2b5-3127-8382-e72bee692a8c",
              "dc:contributor": [
                "https://api.deepl.com/v2/translate"
              ],
              "rdf:language": [
                "it"
              ],
              "rdf:predicate": [
                "additionalInformation"
              ]
            }
          ]
        }
      ],
      "@type": [
        "schema:Place",
        "Place"
      ]
    }
  ],
  "lastUpdate": "2023-06-21",
  "lastUpdateDatatourisme": "2023-06-21T23:21:42.989Z"
}