{
  "@id": "https://data.datatourisme.fr/48/73ba1dbe-a1c9-3ae5-8e0b-49ef4a210670",
  "dc:identifier": "FMACHA0520003839",
  "schema:endDate": [
    "2022-06-12"
  ],
  "schema:startDate": [
    "2022-06-11"
  ],
  "@type": [
    "schema:Event",
    "schema:SportsEvent",
    "EntertainmentAndEvent",
    "PointOfInterest",
    "SportsCompetition",
    "SportsEvent"
  ],
  "rdfs:label": {
    "fr": [
      "ENDURANCE QUAD 10 HEURES"
    ]
  },
  "hasBeenCreatedBy": {
    "@id": "https://data.datatourisme.fr/8a7783bd-3f84-3280-96fa-8377a3aa1f10",
    "schema:address": [
      {
        "@id": "https://data.datatourisme.fr/48242e21-cf7b-3fac-bebe-475afbf09c59",
        "schema:addressLocality": "Chaumont",
        "schema:postOfficeBoxNumber": "CS 52048",
        "schema:postalCode": "52902",
        "schema:streetAddress": [
          "4, cours Marcel Baron"
        ],
        "@type": [
          "schema:PostalAddress",
          "PostalAddress"
        ],
        "cedex": "9",
        "hasAddressCity": {
          "@id": "kb:52121",
          "@type": [
            "City"
          ],
          "rdfs:label": {
            "de": [
              "Chaumont"
            ],
            "pt": [
              "Chaumont"
            ],
            "en": [
              "Chaumont"
            ],
            "it": [
              "Chaumont"
            ],
            "fr": [
              "Chaumont"
            ],
            "nl": [
              "Chaumont"
            ],
            "es": [
              "Chaumont"
            ]
          },
          "insee": "52121",
          "isPartOfDepartment": {
            "@id": "kb:France4452",
            "@type": [
              "Department"
            ],
            "rdfs:label": {
              "de": [
                "Haute-Marne"
              ],
              "pt": [
                "Haute-Marne"
              ],
              "en": [
                "Haute-Marne"
              ],
              "it": [
                "Haute-Marne"
              ],
              "fr": [
                "Haute-Marne"
              ],
              "nl": [
                "Haute-Marne"
              ],
              "es": [
                "Haute-Marne"
              ]
            },
            "insee": "52",
            "isPartOfRegion": {
              "@id": "kb:France44",
              "@type": [
                "Region"
              ],
              "rdfs:label": {
                "de": [
                  "Grand Est"
                ],
                "pt": [
                  "Grand Est"
                ],
                "en": [
                  "Grand Est"
                ],
                "it": [
                  "Grand Est"
                ],
                "fr": [
                  "Grand Est"
                ],
                "nl": [
                  "Grand Est"
                ],
                "es": [
                  "Grand Est"
                ]
              },
              "insee": "44",
              "isPartOfCountry": {
                "@id": "kb:France",
                "@type": [
                  "schema:Country"
                ],
                "rdfs:label": {
                  "de": [
                    "France",
                    "Frankreich"
                  ],
                  "pt": [
                    "França",
                    "France"
                  ],
                  "en": [
                    "France"
                  ],
                  "it": [
                    "France",
                    "Francia"
                  ],
                  "fr": [
                    "France"
                  ],
                  "nl": [
                    "France",
                    "Frankrijk"
                  ],
                  "es": [
                    "France",
                    "Francia"
                  ]
                }
              }
            }
          }
        }
      }
    ],
    "schema:email": [
      "info@tourisme-hautemarne.com"
    ],
    "schema:legalName": "Maison Départementale du Tourisme de la Haute-Marne",
    "schema:telephone": [
      "+33 3 25 30 39 00"
    ],
    "@type": [
      "schema:Organization",
      "foaf:Agent",
      "Agent"
    ],
    "foaf:homepage": [
      "https://www.tourisme-hautemarne.com/"
    ]
  },
  "hasBeenPublishedBy": [
    {
      "@id": "https://data.datatourisme.fr/081c4049-7ed3-3499-943a-07e169c91044",
      "schema:address": [
        {
          "@id": "https://data.datatourisme.fr/c2572c5c-b9d0-3ccf-a23b-c378cfab8f2f",
          "schema:addressLocality": "Chaumont",
          "schema:postalCode": "52902",
          "schema:streetAddress": [
            "4, cours Marcel Baron – CS 52048"
          ],
          "@type": [
            "schema:PostalAddress",
            "PostalAddress"
          ],
          "cedex": "9",
          "hasAddressCity": {
            "@id": "kb:52121",
            "@type": [
              "City"
            ],
            "rdfs:label": {
              "de": [
                "Chaumont"
              ],
              "pt": [
                "Chaumont"
              ],
              "en": [
                "Chaumont"
              ],
              "it": [
                "Chaumont"
              ],
              "fr": [
                "Chaumont"
              ],
              "nl": [
                "Chaumont"
              ],
              "es": [
                "Chaumont"
              ]
            },
            "insee": "52121",
            "isPartOfDepartment": {
              "@id": "kb:France4452",
              "@type": [
                "Department"
              ],
              "rdfs:label": {
                "de": [
                  "Haute-Marne"
                ],
                "pt": [
                  "Haute-Marne"
                ],
                "en": [
                  "Haute-Marne"
                ],
                "it": [
                  "Haute-Marne"
                ],
                "fr": [
                  "Haute-Marne"
                ],
                "nl": [
                  "Haute-Marne"
                ],
                "es": [
                  "Haute-Marne"
                ]
              },
              "insee": "52",
              "isPartOfRegion": {
                "@id": "kb:France44",
                "@type": [
                  "Region"
                ],
                "rdfs:label": {
                  "de": [
                    "Grand Est"
                  ],
                  "pt": [
                    "Grand Est"
                  ],
                  "en": [
                    "Grand Est"
                  ],
                  "it": [
                    "Grand Est"
                  ],
                  "fr": [
                    "Grand Est"
                  ],
                  "nl": [
                    "Grand Est"
                  ],
                  "es": [
                    "Grand Est"
                  ]
                },
                "insee": "44",
                "isPartOfCountry": {
                  "@id": "kb:France",
                  "@type": [
                    "schema:Country"
                  ],
                  "rdfs:label": {
                    "de": [
                      "France",
                      "Frankreich"
                    ],
                    "pt": [
                      "França",
                      "France"
                    ],
                    "en": [
                      "France"
                    ],
                    "it": [
                      "France",
                      "Francia"
                    ],
                    "fr": [
                      "France"
                    ],
                    "nl": [
                      "France",
                      "Frankrijk"
                    ],
                    "es": [
                      "France",
                      "Francia"
                    ]
                  }
                }
              }
            }
          }
        }
      ],
      "schema:legalName": "Maison Départementale du Tourisme de la Haute-Marne",
      "@type": [
        "schema:Organization",
        "foaf:Agent",
        "Agent"
      ]
    }
  ],
  "hasContact": [
    {
      "@id": "https://data.datatourisme.fr/3bd59cf8-1450-3637-b59c-a0474c3e50f7",
      "schema:address": [
        {
          "@id": "https://data.datatourisme.fr/1e2fdfc9-bf05-3530-a12f-7be73b494abe",
          "schema:addressLocality": "Bourmont-entre-Meuse-et-Mouzon",
          "schema:postalCode": "52150",
          "schema:streetAddress": [
            "ASSOCIATION GONCOURT QUAD NATURE",
            "Le Mont"
          ],
          "@type": [
            "schema:PostalAddress",
            "PostalAddress"
          ],
          "hasAddressCity": {
            "@id": "kb:52064",
            "@type": [
              "City"
            ],
            "rdfs:label": {
              "de": [
                "Bourmont-entre-Meuse-et-Mouzon"
              ],
              "pt": [
                "Bourmont-entre-Meuse-et-Mouzon"
              ],
              "en": [
                "Bourmont-entre-Meuse-et-Mouzon"
              ],
              "it": [
                "Bourmont-entre-Meuse-et-Mouzon"
              ],
              "fr": [
                "Bourmont-entre-Meuse-et-Mouzon"
              ],
              "nl": [
                "Bourmont-entre-Meuse-et-Mouzon"
              ],
              "es": [
                "Bourmont-entre-Meuse-et-Mouzon"
              ]
            },
            "insee": "52064",
            "isPartOfDepartment": {
              "@id": "kb:France4452",
              "@type": [
                "Department"
              ],
              "rdfs:label": {
                "de": [
                  "Haute-Marne"
                ],
                "pt": [
                  "Haute-Marne"
                ],
                "en": [
                  "Haute-Marne"
                ],
                "it": [
                  "Haute-Marne"
                ],
                "fr": [
                  "Haute-Marne"
                ],
                "nl": [
                  "Haute-Marne"
                ],
                "es": [
                  "Haute-Marne"
                ]
              },
              "insee": "52",
              "isPartOfRegion": {
                "@id": "kb:France44",
                "@type": [
                  "Region"
                ],
                "rdfs:label": {
                  "de": [
                    "Grand Est"
                  ],
                  "pt": [
                    "Grand Est"
                  ],
                  "en": [
                    "Grand Est"
                  ],
                  "it": [
                    "Grand Est"
                  ],
                  "fr": [
                    "Grand Est"
                  ],
                  "nl": [
                    "Grand Est"
                  ],
                  "es": [
                    "Grand Est"
                  ]
                },
                "insee": "44",
                "isPartOfCountry": {
                  "@id": "kb:France",
                  "@type": [
                    "schema:Country"
                  ],
                  "rdfs:label": {
                    "de": [
                      "France",
                      "Frankreich"
                    ],
                    "pt": [
                      "França",
                      "France"
                    ],
                    "en": [
                      "France"
                    ],
                    "it": [
                      "France",
                      "Francia"
                    ],
                    "fr": [
                      "France"
                    ],
                    "nl": [
                      "France",
                      "Frankrijk"
                    ],
                    "es": [
                      "France",
                      "Francia"
                    ]
                  }
                }
              }
            }
          }
        }
      ],
      "schema:email": [
        "goncourtquadnature@free.fr"
      ],
      "schema:familyName": [
        "GONCOURT QUAD NATURE"
      ],
      "schema:telephone": [
        "+33 6 16 18 77 66"
      ],
      "@type": [
        "schema:Person",
        "foaf:Agent",
        "Agent"
      ]
    }
  ],
  "hasDescription": [
    {
      "@id": "https://data.datatourisme.fr/2ccd0995-962f-3fb3-988f-1727a5a95662",
      "dc:description": {
        "de": [
          "Sport, Unterhaltung und Action!\n\nDas Rennen ist im FFM-Kalender unter der Nummer 156 und im FIM Europe ZUE-Kalender unter der Nummer EMN 30/866 eingetragen.\n\n- Unterhaltung für Kinder\n- Erfrischungsbar\n- Verpflegung"
        ],
        "en": [
          "Sports, entertainment and action!\n\nThe race is registered on the FFM calendar under number 156 and on the FIM Europe ZUE calendar under number EMN 30/866.\n\n- Children's entertainment\n- refreshment bar\n- Catering"
        ],
        "it": [
          "Sport, divertimento e azione!\n\nLa gara è iscritta nel calendario FFM con il numero 156 e nel calendario FIM Europe ZUE con il numero EMN 30/866.\n\n- Animazione per bambini\n- Punto di ristoro\n- Ristorazione"
        ],
        "fr": [
          "Du sport, du spectacle et de l'action !\n\nLa course est inscrite au calendrier FFM sous le numéro 156 et au calendrier FIM Europe ZUE sous le numéro EMN 30/866.\n\n- Animations enfants\n- Buvette\n- Restauration"
        ],
        "es": [
          "¡Deporte, entretenimiento y acción!\n\nLa carrera está inscrita en el calendario de la FFM con el número 156 y en el calendario ZUE de la FIM Europa con el número EMN 30/866.\n\n- Animación infantil\n- Puesto de refrescos\n- Catering"
        ],
        "nl": [
          "Sport, entertainment en actie!\n\nDe race is geregistreerd op de FFM kalender onder nummer 156 en op de FIM Europe ZUE kalender onder nummer EMN 30/866.\n\n- Kinderanimatie\n- verfrissing bar\n- Horeca"
        ]
      },
      "@type": [
        "Description"
      ],
      "hasTranslatedProperty": [
        {
          "@id": "https://data.datatourisme.fr/1589b291-9da9-340b-9406-8df67af270a7",
          "dc:contributor": [
            "https://api.deepl.com/v2/translate"
          ],
          "rdf:language": [
            "it"
          ],
          "rdf:predicate": [
            {
              "@id": "dc:description"
            }
          ]
        },
        {
          "@id": "https://data.datatourisme.fr/b0f99bd7-5050-39f9-a4d4-5df74dabca9e",
          "dc:contributor": [
            "https://api.deepl.com/v2/translate"
          ],
          "rdf:language": [
            "es"
          ],
          "rdf:predicate": [
            {
              "@id": "dc:description"
            }
          ]
        }
      ]
    }
  ],
  "isLocatedAt": [
    {
      "@id": "https://data.datatourisme.fr/f3cd5a47-75b7-33ee-9511-4f9e6947ec3d",
      "schema:address": [
        {
          "@id": "https://data.datatourisme.fr/1e2fdfc9-bf05-3530-a12f-7be73b494abe",
          "schema:addressLocality": "Bourmont-entre-Meuse-et-Mouzon",
          "schema:postalCode": "52150",
          "schema:streetAddress": [
            "ASSOCIATION GONCOURT QUAD NATURE",
            "Le Mont"
          ],
          "@type": [
            "schema:PostalAddress",
            "PostalAddress"
          ],
          "hasAddressCity": {
            "@id": "kb:52064",
            "@type": [
              "City"
            ],
            "rdfs:label": {
              "de": [
                "Bourmont-entre-Meuse-et-Mouzon"
              ],
              "pt": [
                "Bourmont-entre-Meuse-et-Mouzon"
              ],
              "en": [
                "Bourmont-entre-Meuse-et-Mouzon"
              ],
              "it": [
                "Bourmont-entre-Meuse-et-Mouzon"
              ],
              "fr": [
                "Bourmont-entre-Meuse-et-Mouzon"
              ],
              "nl": [
                "Bourmont-entre-Meuse-et-Mouzon"
              ],
              "es": [
                "Bourmont-entre-Meuse-et-Mouzon"
              ]
            },
            "insee": "52064",
            "isPartOfDepartment": {
              "@id": "kb:France4452",
              "@type": [
                "Department"
              ],
              "rdfs:label": {
                "de": [
                  "Haute-Marne"
                ],
                "pt": [
                  "Haute-Marne"
                ],
                "en": [
                  "Haute-Marne"
                ],
                "it": [
                  "Haute-Marne"
                ],
                "fr": [
                  "Haute-Marne"
                ],
                "nl": [
                  "Haute-Marne"
                ],
                "es": [
                  "Haute-Marne"
                ]
              },
              "insee": "52",
              "isPartOfRegion": {
                "@id": "kb:France44",
                "@type": [
                  "Region"
                ],
                "rdfs:label": {
                  "de": [
                    "Grand Est"
                  ],
                  "pt": [
                    "Grand Est"
                  ],
                  "en": [
                    "Grand Est"
                  ],
                  "it": [
                    "Grand Est"
                  ],
                  "fr": [
                    "Grand Est"
                  ],
                  "nl": [
                    "Grand Est"
                  ],
                  "es": [
                    "Grand Est"
                  ]
                },
                "insee": "44",
                "isPartOfCountry": {
                  "@id": "kb:France",
                  "@type": [
                    "schema:Country"
                  ],
                  "rdfs:label": {
                    "de": [
                      "France",
                      "Frankreich"
                    ],
                    "pt": [
                      "França",
                      "France"
                    ],
                    "en": [
                      "France"
                    ],
                    "it": [
                      "France",
                      "Francia"
                    ],
                    "fr": [
                      "France"
                    ],
                    "nl": [
                      "France",
                      "Frankrijk"
                    ],
                    "es": [
                      "France",
                      "Francia"
                    ]
                  }
                }
              }
            }
          }
        }
      ],
      "schema:geo": {
        "@id": "https://data.datatourisme.fr/f1e1bf1c-7c95-312b-91f8-ab8d96d3506e",
        "schema:latitude": "48.239919",
        "schema:longitude": "5.608713",
        "@type": [
          "schema:GeoCoordinates"
        ]
      },
      "schema:openingHoursSpecification": [
        {
          "@id": "https://data.datatourisme.fr/3ae8b84f-766f-3dd5-961b-69fea34ecee6",
          "schema:validFrom": "2022-06-11T00:00:00",
          "schema:validThrough": "2022-06-12T23:59:59",
          "@type": [
            "schema:OpeningHoursSpecification"
          ],
          "additionalInformation": {
            "de": [
              "Samstag: 20.00 - 1.00 Uhr\nSonntag: 11:30 - 16:30"
            ],
            "en": [
              "Saturday: 8:00 pm - 1:00 am\nSunday: 11:30am - 4:30pm"
            ],
            "it": [
              "Sabato: dalle 20.00 all'1.00\nDomenica: 11:30-16:30"
            ],
            "fr": [
              "Samedi : 20h00 - 1h00\nDimanche : 11h30 - 16h30"
            ],
            "nl": [
              "Zaterdag: 20.00 - 01.00 uur\nZondag: 11.30 - 16.30 uur"
            ],
            "es": [
              "Sábado: 8pm - 1am\nDomingo: 11:30 - 16:30"
            ]
          },
          "hasTranslatedProperty": [
            {
              "@id": "https://data.datatourisme.fr/171def65-564c-344e-bc13-d610f3abed20",
              "dc:contributor": [
                "https://api.deepl.com/v2/translate"
              ],
              "rdf:language": [
                "de"
              ],
              "rdf:predicate": [
                "additionalInformation"
              ]
            },
            {
              "@id": "https://data.datatourisme.fr/3274d6ba-2fef-36cf-b7f5-ab0c70d363aa",
              "dc:contributor": [
                "https://api.deepl.com/v2/translate"
              ],
              "rdf:language": [
                "es"
              ],
              "rdf:predicate": [
                "additionalInformation"
              ]
            },
            {
              "@id": "https://data.datatourisme.fr/a6dfacee-96c9-3583-ba49-2050e27edf12",
              "dc:contributor": [
                "https://api.deepl.com/v2/translate"
              ],
              "rdf:language": [
                "it"
              ],
              "rdf:predicate": [
                "additionalInformation"
              ]
            },
            {
              "@id": "https://data.datatourisme.fr/acd10641-a303-3f59-9dd7-ea880f3961d5",
              "dc:contributor": [
                "https://api.deepl.com/v2/translate"
              ],
              "rdf:language": [
                "nl"
              ],
              "rdf:predicate": [
                "additionalInformation"
              ]
            },
            {
              "@id": "https://data.datatourisme.fr/d34364af-821a-36ad-831b-70f7552855f9",
              "dc:contributor": [
                "https://api.deepl.com/v2/translate"
              ],
              "rdf:language": [
                "en"
              ],
              "rdf:predicate": [
                "additionalInformation"
              ]
            }
          ]
        }
      ],
      "@type": [
        "schema:Place",
        "Place"
      ]
    }
  ],
  "lastUpdate": "2022-02-16",
  "lastUpdateDatatourisme": "2023-02-04T00:34:11.597Z",
  "takesPlaceAt": [
    {
      "@id": "https://data.datatourisme.fr/3111a33b-8d35-381c-b8dc-c242bae36c1f",
      "@type": [
        "Period"
      ],
      "endDate": "2022-06-12",
      "hasTranslatedProperty": [
        {
          "@id": "https://data.datatourisme.fr/14b7c731-d57d-3521-a0f0-69383343d5ba",
          "dc:contributor": [
            "https://api.deepl.com/v2/translate"
          ],
          "rdf:language": [
            "en"
          ],
          "rdf:predicate": [
            "openingDetails"
          ]
        },
        {
          "@id": "https://data.datatourisme.fr/1bac5c82-00f8-3c36-896e-4987c90cde77",
          "dc:contributor": [
            "https://api.deepl.com/v2/translate"
          ],
          "rdf:language": [
            "it"
          ],
          "rdf:predicate": [
            "openingDetails"
          ]
        },
        {
          "@id": "https://data.datatourisme.fr/60b66298-ef80-3ac7-af70-029d1ef26ab5",
          "dc:contributor": [
            "https://api.deepl.com/v2/translate"
          ],
          "rdf:language": [
            "es"
          ],
          "rdf:predicate": [
            "openingDetails"
          ]
        },
        {
          "@id": "https://data.datatourisme.fr/8b152209-7f14-317b-ba25-48672f551d0c",
          "dc:contributor": [
            "https://api.deepl.com/v2/translate"
          ],
          "rdf:language": [
            "de"
          ],
          "rdf:predicate": [
            "openingDetails"
          ]
        },
        {
          "@id": "https://data.datatourisme.fr/bc835aee-3476-3c18-97ff-85be98df4aa6",
          "dc:contributor": [
            "https://api.deepl.com/v2/translate"
          ],
          "rdf:language": [
            "nl"
          ],
          "rdf:predicate": [
            "openingDetails"
          ]
        }
      ],
      "openingDetails": {
        "de": [
          "Samstag: 20.00 - 1.00 Uhr\nSonntag: 11:30 - 16:30"
        ],
        "en": [
          "Saturday: 8:00 pm - 1:00 am\nSunday: 11:30am - 4:30pm"
        ],
        "it": [
          "Sabato: dalle 20.00 all'1.00\nDomenica: 11:30-16:30"
        ],
        "fr": [
          "Samedi : 20h00 - 1h00\nDimanche : 11h30 - 16h30"
        ],
        "nl": [
          "Zaterdag: 20.00 - 01.00 uur\nZondag: 11.30 - 16.30 uur"
        ],
        "es": [
          "Sábado: 8pm - 1am\nDomingo: 11:30 - 16:30"
        ]
      },
      "startDate": "2022-06-11"
    }
  ]
}