{
  "@id": "https://data.datatourisme.fr/13/c93a7b48-ee26-36aa-ac93-f2559d90240a",
  "dc:identifier": "111443",
  "@type": [
    "schema:Accommodation",
    "schema:FoodEstablishment",
    "schema:Hotel",
    "schema:LodgingBusiness",
    "schema:Restaurant",
    "Accommodation",
    "FoodEstablishment",
    "Hotel",
    "HotelRestaurant",
    "HotelTrade",
    "PlaceOfInterest",
    "PointOfInterest",
    "Restaurant"
  ],
  "rdfs:comment": {
    "de": [
      "Im Herzen des Dreiecks Genf, Annecy, Chamonix genießt das Mont-Blanc Hotel *** eine strategische Lage im Herzen von Hochsavoyen in Saint Pierre en Faucigny"
    ],
    "en": [
      "In the heart of Haute Savoie and closed to Geneva, Annecy and Chamonix, the Mont blanc Hotel (three stars hotel) has a strategic location !"
    ],
    "it": [
      "Nel cuore del triangolo Ginevra, Annecy, Chamonix, l'Hotel Mont-Blanc *** gode di una posizione strategica nel cuore dell'Alta Savoia, a Saint Pierre en Faucigny"
    ],
    "fr": [
      "Au cœur du triangle Genève, Annecy, Chamonix, le Mont-Blanc Hotel *** jouit d'un emplacement stratégique au cœur de la Haute Savoie à Saint Pierre en Faucigny"
    ],
    "nl": [
      "In het hart van de driehoek Genève, Annecy, Chamonix ligt het Mont-Blanc Hotel *** op een strategische locatie in het hart van de Haute Savoie in Saint Pierre en Faucigny"
    ],
    "es": [
      "En el corazón del triángulo de Ginebra, Annecy y Chamonix, el Hotel Mont-Blanc *** goza de una ubicación estratégica en el corazón de la Alta Saboya en Saint Pierre en Faucigny"
    ]
  },
  "rdfs:label": {
    "en": [
      "Mont-Blanc Hôtel"
    ],
    "fr": [
      "Mont-Blanc Hôtel"
    ]
  },
  "hasBeenCreatedBy": {
    "@id": "https://data.datatourisme.fr/13/d82c8d16-19ad-3176-9665-453cfb2e55f0",
    "dc:identifier": "53",
    "schema:email": [
      "developpement@larochesurforon.com"
    ],
    "schema:legalName": "Office de Tourisme de La Roche sur Foron",
    "@type": [
      "schema:Organization",
      "foaf:Agent",
      "Agent"
    ],
    "foaf:homepage": [
      "http://www.larochesurforon.com/"
    ]
  },
  "hasBeenPublishedBy": [
    {
      "@id": "https://data.datatourisme.fr/8a9feb4b-2cbd-3d2c-b507-bd6c6776b23b",
      "schema:legalName": "Apidae Tourisme Scic SA - source : Apidae Tourisme",
      "@type": [
        "schema:Organization",
        "foaf:Agent",
        "Agent"
      ],
      "foaf:homepage": [
        "https://www.apidae-tourisme.com/"
      ]
    }
  ],
  "hasContact": [
    {
      "@id": "https://data.datatourisme.fr/e91a25ad-9ebe-360d-bb3b-fb81dfd783ac",
      "schema:email": [
        "info@montblanc-hotel.fr"
      ],
      "schema:telephone": [
        "+33 4 50 03 86 55"
      ],
      "@type": [
        "foaf:Agent",
        "Agent"
      ],
      "foaf:homepage": [
        "http://www.montblanc-hotel.com/"
      ]
    }
  ],
  "hasDescription": [
    {
      "@id": "https://data.datatourisme.fr/36a37e67-620a-3b8e-9260-dd3c1fa54cd7",
      "@type": [
        "Description"
      ],
      "hasTranslatedProperty": [
        {
          "@id": "https://data.datatourisme.fr/4e054069-0163-3bf1-894b-2821bfb84cf2",
          "dc:contributor": [
            "https://api.deepl.com/v2/translate"
          ],
          "rdf:language": [
            "nl"
          ],
          "rdf:predicate": [
            "shortDescription"
          ]
        },
        {
          "@id": "https://data.datatourisme.fr/8441e6c9-6f5b-3416-a8dd-d2947f8c7000",
          "dc:contributor": [
            "https://api.deepl.com/v2/translate"
          ],
          "rdf:language": [
            "it"
          ],
          "rdf:predicate": [
            "shortDescription"
          ]
        },
        {
          "@id": "https://data.datatourisme.fr/ad315655-30f5-3e22-bc67-acf5a16b9bef",
          "dc:contributor": [
            "https://api.deepl.com/v2/translate"
          ],
          "rdf:language": [
            "de"
          ],
          "rdf:predicate": [
            "shortDescription"
          ]
        },
        {
          "@id": "https://data.datatourisme.fr/d8b4547e-6cae-3ada-97f0-d1e03cccaaa8",
          "dc:contributor": [
            "https://api.deepl.com/v2/translate"
          ],
          "rdf:language": [
            "es"
          ],
          "rdf:predicate": [
            "shortDescription"
          ]
        }
      ],
      "shortDescription": {
        "de": [
          "Im Herzen des Dreiecks Genf, Annecy, Chamonix genießt das Mont-Blanc Hotel *** eine strategische Lage im Herzen von Hochsavoyen in Saint Pierre en Faucigny"
        ],
        "en": [
          "In the heart of Haute Savoie and closed to Geneva, Annecy and Chamonix, the Mont blanc Hotel (three stars hotel) has a strategic location !"
        ],
        "it": [
          "Nel cuore del triangolo Ginevra, Annecy, Chamonix, l'Hotel Mont-Blanc *** gode di una posizione strategica nel cuore dell'Alta Savoia, a Saint Pierre en Faucigny"
        ],
        "fr": [
          "Au cœur du triangle Genève, Annecy, Chamonix, le Mont-Blanc Hotel *** jouit d'un emplacement stratégique au cœur de la Haute Savoie à Saint Pierre en Faucigny"
        ],
        "nl": [
          "In het hart van de driehoek Genève, Annecy, Chamonix ligt het Mont-Blanc Hotel *** op een strategische locatie in het hart van de Haute Savoie in Saint Pierre en Faucigny"
        ],
        "es": [
          "En el corazón del triángulo de Ginebra, Annecy y Chamonix, el Hotel Mont-Blanc *** goza de una ubicación estratégica en el corazón de la Alta Saboya en Saint Pierre en Faucigny"
        ]
      }
    }
  ],
  "hasTranslatedProperty": [
    {
      "@id": "https://data.datatourisme.fr/06d0f93d-1a2b-386a-ba43-2b990cd9976d",
      "dc:contributor": [
        "https://api.deepl.com/v2/translate"
      ],
      "rdf:language": [
        "de"
      ],
      "rdf:predicate": [
        {
          "@id": "rdfs:comment"
        }
      ]
    },
    {
      "@id": "https://data.datatourisme.fr/18645002-942f-3a42-ab84-2785c7520f53",
      "dc:contributor": [
        "https://api.deepl.com/v2/translate"
      ],
      "rdf:language": [
        "es"
      ],
      "rdf:predicate": [
        {
          "@id": "rdfs:comment"
        }
      ]
    },
    {
      "@id": "https://data.datatourisme.fr/4e86c9c1-4f1e-313e-a44e-fe0e71c99697",
      "dc:contributor": [
        "https://api.deepl.com/v2/translate"
      ],
      "rdf:language": [
        "it"
      ],
      "rdf:predicate": [
        {
          "@id": "rdfs:comment"
        }
      ]
    },
    {
      "@id": "https://data.datatourisme.fr/e848c663-5b3d-314a-8de8-75370c2aaf25",
      "dc:contributor": [
        "https://api.deepl.com/v2/translate"
      ],
      "rdf:language": [
        "nl"
      ],
      "rdf:predicate": [
        {
          "@id": "rdfs:comment"
        }
      ]
    }
  ],
  "isLocatedAt": [
    {
      "@id": "https://data.datatourisme.fr/cd3a2fac-bc74-3cb4-ae1b-2190685a527d",
      "schema:address": [
        {
          "@id": "https://data.datatourisme.fr/af52b312-a55f-32d1-b93c-1d8c051e14d2",
          "schema:addressLocality": "Saint-Pierre-en-Faucigny",
          "schema:postalCode": "74800",
          "schema:streetAddress": [
            "280 rue du Rhône",
            "Les Jourdies"
          ],
          "@type": [
            "schema:PostalAddress",
            "PostalAddress"
          ],
          "hasAddressCity": {
            "@id": "kb:74250",
            "@type": [
              "City"
            ],
            "rdfs:label": {
              "de": [
                "Saint-Pierre-en-Faucigny"
              ],
              "pt": [
                "Saint-Pierre-en-Faucigny"
              ],
              "en": [
                "Saint-Pierre-en-Faucigny"
              ],
              "it": [
                "Saint-Pierre-en-Faucigny"
              ],
              "fr": [
                "Saint-Pierre-en-Faucigny"
              ],
              "nl": [
                "Saint-Pierre-en-Faucigny"
              ],
              "es": [
                "Saint-Pierre-en-Faucigny"
              ]
            },
            "insee": "74250",
            "isPartOfDepartment": {
              "@id": "kb:France8474",
              "@type": [
                "Department"
              ],
              "rdfs:label": {
                "de": [
                  "Haute-Savoie"
                ],
                "pt": [
                  "Haute-Savoie"
                ],
                "en": [
                  "Haute-Savoie"
                ],
                "it": [
                  "Haute-Savoie"
                ],
                "fr": [
                  "Haute-Savoie"
                ],
                "nl": [
                  "Haute-Savoie"
                ],
                "es": [
                  "Haute-Savoie"
                ]
              },
              "insee": "74",
              "isPartOfRegion": {
                "@id": "kb:France84",
                "@type": [
                  "Region"
                ],
                "rdfs:label": {
                  "de": [
                    "Auvergne-Rhône-Alpes"
                  ],
                  "pt": [
                    "Auvergne-Rhône-Alpes"
                  ],
                  "en": [
                    "Auvergne-Rhône-Alpes"
                  ],
                  "it": [
                    "Auvergne-Rhône-Alpes"
                  ],
                  "fr": [
                    "Auvergne-Rhône-Alpes"
                  ],
                  "nl": [
                    "Auvergne-Rhône-Alpes"
                  ],
                  "es": [
                    "Auvergne-Rhône-Alpes"
                  ]
                },
                "insee": "84",
                "isPartOfCountry": {
                  "@id": "kb:France",
                  "@type": [
                    "schema:Country"
                  ],
                  "rdfs:label": {
                    "de": [
                      "France",
                      "Frankreich"
                    ],
                    "pt": [
                      "França",
                      "France"
                    ],
                    "en": [
                      "France"
                    ],
                    "it": [
                      "France",
                      "Francia"
                    ],
                    "fr": [
                      "France"
                    ],
                    "nl": [
                      "France",
                      "Frankrijk"
                    ],
                    "es": [
                      "France",
                      "Francia"
                    ]
                  }
                }
              }
            }
          }
        }
      ],
      "schema:geo": {
        "@id": "https://data.datatourisme.fr/38eb7a02-91ba-3585-b86e-1714cdf180e0",
        "schema:elevation": "461",
        "schema:latitude": "46.072933",
        "schema:longitude": "6.38104",
        "@type": [
          "schema:GeoCoordinates"
        ]
      },
      "schema:openingHoursSpecification": [
        {
          "@id": "https://data.datatourisme.fr/bbf3e705-9844-3897-8369-baa6ff0ca3be",
          "schema:validFrom": "2023-01-01T00:00:00",
          "schema:validThrough": "2023-12-31T23:59:59",
          "@type": [
            "schema:OpeningHoursSpecification"
          ],
          "additionalInformation": {
            "de": [
              "Montag bis Freitag von 6.30 bis 21.30 Uhr\r\nSamstags, sonntags und an Feiertagen von 7:30 bis 18:30 Uhr"
            ],
            "en": [
              "Monday to Friday from 6:30 am to 9:30 pm\r\nSaturday, Sunday and holidays from 7:30 am to 6:30 pm"
            ],
            "it": [
              "Dal lunedì al venerdì dalle 6.30 alle 21.30\r\nSabato, domenica e festivi dalle 7.30 alle 18.30"
            ],
            "fr": [
              "Du lundi au vendredi de 6h30 à 21h30\r\nLe samedi, dimanche et jours fériés de 7h30 à 18h30"
            ],
            "nl": [
              "Maandag tot vrijdag van 6u30 tot 21u30\r\nZaterdag, zondag en feestdagen van 7.30 tot 18.30 uur"
            ],
            "es": [
              "De lunes a viernes de 6.30 a 21.30 horas\r\nSábados, domingos y festivos, de 7.30 a 18.30 h"
            ]
          },
          "hasTranslatedProperty": [
            {
              "@id": "https://data.datatourisme.fr/2b5fdc50-ce0b-39e2-a841-cecef0b9a0e0",
              "dc:contributor": [
                "https://api.deepl.com/v2/translate"
              ],
              "rdf:language": [
                "es"
              ],
              "rdf:predicate": [
                "additionalInformation"
              ]
            },
            {
              "@id": "https://data.datatourisme.fr/40a19567-d5ce-30af-8637-fd602af656ea",
              "dc:contributor": [
                "https://api.deepl.com/v2/translate"
              ],
              "rdf:language": [
                "de"
              ],
              "rdf:predicate": [
                "additionalInformation"
              ]
            },
            {
              "@id": "https://data.datatourisme.fr/6fd075fd-36f6-30a9-b509-a2db2a0a86c3",
              "dc:contributor": [
                "https://api.deepl.com/v2/translate"
              ],
              "rdf:language": [
                "en"
              ],
              "rdf:predicate": [
                "additionalInformation"
              ]
            },
            {
              "@id": "https://data.datatourisme.fr/7417c1b7-cb4f-330a-ac08-66fe4259c628",
              "dc:contributor": [
                "https://api.deepl.com/v2/translate"
              ],
              "rdf:language": [
                "nl"
              ],
              "rdf:predicate": [
                "additionalInformation"
              ]
            },
            {
              "@id": "https://data.datatourisme.fr/98c9f6d8-af74-35b1-aa9a-80ec4d49de9f",
              "dc:contributor": [
                "https://api.deepl.com/v2/translate"
              ],
              "rdf:language": [
                "it"
              ],
              "rdf:predicate": [
                "additionalInformation"
              ]
            }
          ]
        }
      ],
      "@type": [
        "schema:Place",
        "Place"
      ]
    }
  ],
  "isOwnedBy": [
    {
      "@id": "https://data.datatourisme.fr/37de52da-cebc-3e8c-93b2-dfbda51c4ad7",
      "schema:email": [
        "developpement@larochesurforon.com"
      ],
      "schema:legalName": "Office de Tourisme de La Roche sur Foron",
      "@type": [
        "schema:Organization",
        "foaf:Agent",
        "Agent"
      ],
      "foaf:homepage": [
        "http://www.larochesurforon.com/"
      ]
    }
  ],
  "lastUpdate": "2023-01-17",
  "lastUpdateDatatourisme": "2023-06-22T05:53:28.764Z",
  "offers": [
    {
      "@id": "https://data.datatourisme.fr/0f560fa7-1814-367c-9edb-3dabca46ac8d",
      "schema:priceSpecification": [
        {
          "@id": "https://data.datatourisme.fr/388d2536-87d0-3558-8423-b29fd176b4cd",
          "schema:minPrice": [
            "10",
            "15",
            "86",
            "96"
          ],
          "schema:priceCurrency": "EUR",
          "@type": [
            "schema:PriceSpecification",
            "PriceSpecification"
          ],
          "appliesOnPeriod": [
            {
              "@id": "https://data.datatourisme.fr/a425afdf-3594-300b-b55e-1858bafa3fd4",
              "@type": [
                "Period"
              ],
              "endDate": "2023-12-31",
              "startDate": "2023-01-01"
            }
          ]
        }
      ],
      "@type": [
        "schema:Offer",
        "Offer"
      ]
    }
  ]
}