{
  "@id": "https://data.datatourisme.fr/14/0554ad25-58c2-3505-8f18-5f4ed40148ae",
  "dc:identifier": "85550",
  "schema:endDate": [
    "2032-12-31"
  ],
  "schema:startDate": [
    "2022-01-06"
  ],
  "@type": [
    "schema:Event",
    "EntertainmentAndEvent",
    "PointOfInterest"
  ],
  "rdfs:label": {
    "fr": [
      "Les marchés"
    ]
  },
  "hasBeenCreatedBy": {
    "@id": "https://data.datatourisme.fr/13bf9c01-ddfc-34da-b05d-64a7fbd4b53e",
    "schema:email": [
      "datatourisme62@gmail.com"
    ],
    "schema:legalName": "Pas-de-Calais Tourisme",
    "@type": [
      "schema:Organization",
      "foaf:Agent",
      "Agent"
    ],
    "foaf:homepage": [
      "http://www.datatourisme62.com/"
    ]
  },
  "hasBeenPublishedBy": [
    {
      "@id": "https://data.datatourisme.fr/13bf9c01-ddfc-34da-b05d-64a7fbd4b53e",
      "schema:email": [
        "datatourisme62@gmail.com"
      ],
      "schema:legalName": "Pas-de-Calais Tourisme",
      "@type": [
        "schema:Organization",
        "foaf:Agent",
        "Agent"
      ],
      "foaf:homepage": [
        "http://www.datatourisme62.com/"
      ]
    }
  ],
  "hasContact": [
    {
      "@id": "https://data.datatourisme.fr/0c011320-fe9b-3660-80a4-cf9eac1ce19b",
      "schema:address": [
        {
          "@id": "https://data.datatourisme.fr/55271c1d-1f7a-363d-9e0b-7e84893deec4",
          "schema:addressLocality": "Le Touquet-Paris-Plage",
          "schema:postalCode": "62520",
          "schema:streetAddress": [
            "Rue Jean Monnet\nMarché couvert"
          ],
          "@type": [
            "schema:PostalAddress",
            "PostalAddress"
          ],
          "hasAddressCity": {
            "@id": "kb:62826",
            "@type": [
              "City"
            ],
            "rdfs:label": {
              "de": [
                "Le Touquet-Paris-Plage"
              ],
              "pt": [
                "Le Touquet-Paris-Plage"
              ],
              "en": [
                "Le Touquet-Paris-Plage"
              ],
              "it": [
                "Le Touquet-Paris-Plage"
              ],
              "fr": [
                "Le Touquet-Paris-Plage"
              ],
              "nl": [
                "Le Touquet-Paris-Plage"
              ],
              "es": [
                "Le Touquet-Paris-Plage"
              ]
            },
            "insee": "62826",
            "isPartOfDepartment": {
              "@id": "kb:France3262",
              "@type": [
                "Department"
              ],
              "rdfs:label": {
                "de": [
                  "Pas-de-Calais"
                ],
                "pt": [
                  "Pas-de-Calais"
                ],
                "en": [
                  "Pas-de-Calais"
                ],
                "it": [
                  "Pas-de-Calais"
                ],
                "fr": [
                  "Pas-de-Calais"
                ],
                "nl": [
                  "Pas-de-Calais"
                ],
                "es": [
                  "Pas-de-Calais"
                ]
              },
              "insee": "62",
              "isPartOfRegion": {
                "@id": "kb:France32",
                "@type": [
                  "Region"
                ],
                "rdfs:label": {
                  "de": [
                    "Hauts-de-France"
                  ],
                  "pt": [
                    "Hauts-de-France"
                  ],
                  "en": [
                    "Hauts-de-France"
                  ],
                  "it": [
                    "Hauts-de-France"
                  ],
                  "fr": [
                    "Hauts-de-France"
                  ],
                  "nl": [
                    "Hauts-de-France"
                  ],
                  "es": [
                    "Hauts-de-France"
                  ]
                },
                "insee": "32",
                "isPartOfCountry": {
                  "@id": "kb:France",
                  "@type": [
                    "schema:Country"
                  ],
                  "rdfs:label": {
                    "de": [
                      "France",
                      "Frankreich"
                    ],
                    "pt": [
                      "França",
                      "France"
                    ],
                    "en": [
                      "France"
                    ],
                    "it": [
                      "France",
                      "Francia"
                    ],
                    "fr": [
                      "France"
                    ],
                    "nl": [
                      "France",
                      "Frankrijk"
                    ],
                    "es": [
                      "France",
                      "Francia"
                    ]
                  }
                }
              }
            }
          }
        }
      ],
      "schema:telephone": [
        "+33 3 21 06 72 52"
      ],
      "@type": [
        "foaf:Agent",
        "Agent"
      ]
    }
  ],
  "hasDescription": [
    {
      "@id": "https://data.datatourisme.fr/b424f9fe-271b-37c9-8ca3-53fd42834ab6",
      "dc:description": {
        "de": [
          "Vom 1. Januar bis 31. März: 2 Mal pro Woche\n- Donnerstag, von 8.15 bis 13.00 Uhr (außer donnerstags in den Winterferien (alle Zonen) um 13.30 Uhr)\n- Samstag, von 8:15 bis 13:30 Uhr.\n\n    Vom 1. April bis zum 30. Juni: 2 Mal pro Woche\n- Donnerstag, von 8:15 bis 13:00 Uhr (außer donnerstags in den Schulferien (alle Zonen) um 13:30 Uhr)\n- Samstag und Feiertage: von 8:15 bis 14:00 Uhr.\n\nZusätzliche Märkte :\n- Montag: Ostern, Pfingsten bis 14.00 Uhr und montags in den Schulferien im Frühjahr (alle Zonen) bis 13.30 Uhr.\n\nBesondere Bedingungen für den Teilmarkt \"Fischhandel\":\n- an den oben genannten Markttagen,\n- am Freitagmorgen von 8:15 bis 13:00 Uhr\n- am Sonntagmorgen von 8.15 bis 13.00 Uhr\n- an den Vormittagen jedes Schulferientages (alle Zonen) von 8:15 bis 13:30 Uhr, außer samstags von 8:15 bis 14:00 Uhr.\n\n    Vom 1. Juli bis zum Schulbeginn im September: 3 Mal pro Woche\n- 1. Montag: 4. Juli - letzter Montag: 29. August 2022\n- montag und Donnerstag: 8.15 Uhr bis 13.30 Uhr\n- samstag: 8.15 Uhr bis 14.00 Uhr\n- außer Donnerstag, den 14. Juli und Montag, den 15. August 2022: 8.15 bis 14.00 Uhr\n\nBesondere Bedingungen für den Teil \"Fischgeschäft\": Vormittags an jedem Wochentag von 8.15 Uhr bis 13.30 Uhr.\nAußer samstags und an Feiertagen von 8:15 bis 14:00 Uhr.\n\n    Ab dem Datum des Schulbeginns bis zum 30. September 2022: 2 Mal pro Woche\n- Donnerstag von 8.15 bis 13.00 Uhr\n- Samstag von 8.15 bis 13.30 Uhr\n\nVom 1. Oktober bis 31. Dezember 2022: 2 Mal pro Woche\n- Donnerstag von 8:15 bis 13:00 Uhr (außer donnerstags in den Schulferien (alle Zonen) und an Feiertagen um 13:30 Uhr)\n- Samstag von 8.15 bis 13.30 Uhr\n\nZusätzliche Märkte:\n- Montag in den Allerheiligenferien (alle Zonen) bis 13.30 Uhr (am 24. und 31. Oktober 2022).\n- Montag in den Weihnachtsferien (alle Zonen) bis 13.30 Uhr (19. und 26. Dezember 2022).\n\nBesondere Bedingungen für den Teil \"Fischgeschäft\" :\n- an den oben genannten Markttagen\n- am Freitagmorgen von 8:15 bis 13:00 Uhr\n- am Sonntagmorgen von 8:15 bis 13:00 Uhr\n- an den Vormittagen jedes Schulferientages (alle Zonen) von 8:15 bis 13:30 Uhr"
        ],
        "en": [
          "From January 1st to March 31st: 2 times a week\n- Thursday, from 8:15 am to 1:00 pm (except Thursdays during winter vacations (all zones) at 1:30 pm)\n- Saturday, from 8:15 am to 1:30 pm.\n\n    From April 1st to June 30th: 2 times a week\n- Thursday, from 8:15 am to 1:00 pm (except Thursdays of school vacations (all zones) at 1:30 pm)\n- Saturday and holidays, from 8:15 am to 2:00 pm.\n\nAdditional markets:\n- Monday: Easter, Whitsun until 2:00 pm and Mondays of the spring school vacations (all zones) until 1:30 pm.\n\nSpecific conditions for the \"Fishmonger\" section:\n- on the above-mentioned market days,\n- friday morning from 8:15 am to 1:00 pm\n- sunday mornings from 8:15 am to 1:00 pm\n- the mornings of each day of school vacations (all zones) from 8:15 am to 1:30 pm, except Saturdays from 8:15 am to 2:00 pm.\n\n    From July 1st to the beginning of the school year in September: 3 times a week\n- 1st Monday: July 4th - last Monday: August 29th\n- monday and Thursday: 8:15am to 1:30pm\n- saturday: 8:15 am to 2:00 pm\n- except Thursday, July 14 and Monday, August 15, 2022: 8:15 am to 2:00 pm\n\nSpecific conditions for the \"Fishmonger's\" section: the morning of each day of the week, from 8:15 am to 1:30 pm.\nExcept Saturday and holidays from 8:15 am to 2:00 pm.\n\n    From the beginning of the school year to September 30, 2022: 2 times a week\n- Thursday from 8:15 am to 1:00 pm\n- Saturday from 8:15 am to 1:30 pm\n\nFrom October 1 to December 31, 2022: 2 times per week\n- Thursday from 8:15 am to 1:00 pm (except Thursdays during school vacations (all zones) and holidays at 1:30 pm)\n- Saturday from 8:15am to 1:30pm\n\nAdditional markets :\n- Monday of All Saints' Day vacations (all zones) until 1:30 p.m. (October 24 and 31, 2022).\n- Monday of Christmas vacations (all zones) until 1:30 pm (December 19 and 26, 2022).\n\nSpecific conditions for the \"Fishmonger\" section:\n- on the above-mentioned market days\n- friday morning from 8:15 am to 1:00 pm\n- sunday mornings from 8:15 am to 1:00 pm\n- the mornings of each day of school vacations (all zones) from 8:15 am to 1:30 pm"
        ],
        "it": [
          "Dal 1° gennaio al 31 marzo: due volte alla settimana\n- Giovedì, dalle 8.15 alle 13.00 (tranne il giovedì durante le vacanze invernali (tutte le zone) alle 13.30)\n- Sabato, dalle 8.15 alle 13.30.\n\n    Dal 1° aprile al 30 giugno: 2 volte alla settimana\n- Giovedì, dalle 8.15 alle 13.00 (tranne il giovedì durante le vacanze scolastiche (tutte le zone) alle 13.30)\n- Sabato e festivi, dalle 8.15 alle 14.00.\n\nUlteriori mercati:\n- Lunedì: Pasqua, Pentecoste fino alle 14:00 e lunedì delle vacanze scolastiche di primavera (tutte le zone) fino alle 13:30.\n\nCondizioni specifiche per la sezione \"Pescheria\":\n- nei suddetti giorni di mercato,\n- venerdì mattina dalle 8.15 alle 13.00\n- domenica mattina dalle 8.15 alle 13.00\n- la mattina di ogni giorno delle vacanze scolastiche (tutte le zone) dalle 8.15 alle 13.30, tranne il sabato dalle 8.15 alle 14.00.\n\n    Dal 1° luglio all'inizio dell'anno scolastico a settembre: 3 volte a settimana\n- 1° lunedì: 4 luglio - ultimo lunedì: 29 agosto 2022\n- lunedì e giovedì: dalle 8.15 alle 13.30\n- sabato: dalle 8.15 alle 14.00\n- tranne giovedì 14 luglio e lunedì 15 agosto 2022: dalle 8.15 alle 14.00\n\nCondizioni specifiche per la sezione \"Pescheria\": al mattino di ogni giorno feriale, dalle 8.15 alle 13.30.\nTranne il sabato e i giorni festivi, dalle 8.15 alle 14.00.\n\n    Dall'inizio dell'anno scolastico al 30 settembre 2022: due volte alla settimana\n- Giovedì dalle 8.15 alle 13.00\n- Sabato dalle 8.15 alle 13.30\n\nDal 1° ottobre al 31 dicembre 2022: due volte a settimana\n- Giovedì dalle 8.15 alle 13.00 (tranne il giovedì durante le vacanze scolastiche (tutte le zone) e i giorni festivi alle 13.30)\n- Sabato dalle 8.15 alle 13.30\n\nUlteriori mercati :\n- Lunedì della festa di Ognissanti (tutte le zone) fino alle 13.30 (24 e 31 ottobre 2022).\n- Lunedì delle vacanze di Natale (tutte le zone) fino alle 13.30 (19 e 26 dicembre 2022).\n\nCondizioni specifiche per la sezione \"Pescheria\":\n- nei giorni di mercato sopra indicati\n- venerdì mattina dalle 8.15 alle 13.00\n- domenica mattina dalle 8.15 alle 13.00\n- le mattine di ogni vacanza scolastica (tutte le zone) dalle 8.15 alle 13.30"
        ],
        "fr": [
          "Du 1er Janvier au 31 Mars : 2 fois par semaine \n- Jeudi, de 8h15 à 13h00 (sauf les jeudis des vacances d’hiver (toutes zones) à 13h30)\n- Samedi, de 8h15 à 13h30.\n\n    Du 1er Avril au 30 Juin : 2 fois par semaine \n- Jeudi, de 8h15 à 13h00 (sauf les jeudis des vacances scolaires (toutes zones) à 13h30)\n- Samedi et jours fériés, de 8h15 à 14h00.\n\nMarchés supplémentaires :\n- Lundi : de Pâques, de Pentecôte jusqu’à 14h00 et les lundis des vacances scolaires de printemps (toutes zones) jusqu’à 13h30.\n\nConditions spécifiques à la partie « Poissonnerie » :\n- les jours de marché précités,\n- le Vendredi matin de 8h15 à 13h00\n- le Dimanche matin de 8h15 à 13h00\n- les matins de chaque jour des vacances scolaires (toutes zones) de 8h15 à 13h30, sauf les samedis de 8h15 à 14h00.\n\n    Du 1er  Juillet à la date de la rentrée scolaire de Septembre : 3 fois par semaine\n- 1er Lundi : le 4 Juillet - dernier lundi : le 29 août 2022\n- lundi et jeudi : 8h15 à 13h30\n- samedi : 8h15 à 14h00\n- sauf le jeudi 14 juillet et le lundi 15 août 2022 : 8h15 à 14h00\n\nConditions spécifiques à la partie « Poissonnerie » : le matin de chaque jour de la semaine, de 8 H 15 à 13 H 30.\nSauf samedi et jours fériés de 8h15 à 14h00.\n\n    De la date de la rentrée scolaire au 30 Septembre 2022 : 2 fois par semaine \n- Jeudi de 8h15 à 13h00\n- Samedi de 8h15 à 13h30\n\nDu 1er Octobre au 31 Décembre 2022 : 2 fois par semaine\n- Jeudi de 8h15 à 13h00 (sauf les jeudis des vacances scolaires (toutes zones) et fériés à 13h30)\n- Samedi de 8h15 à 13h30\n\nMarchés supplémentaires :\n- Lundi des vacances de la Toussaint (toutes zones) jusqu’à 13h30 (les 24 et 31 Octobre 2022).\n- Lundi des vacances de Noël (toutes zones) jusqu’à 13h30 (les 19 et 26 décembre 2022).\n\nConditions spécifiques à la partie « Poissonnerie » :\n- les jours de marché précités\n- le Vendredi matin de 8h15 à 13h00\n- le Dimanche matin de 8h15 à 13h00\n- les matins de chaque jour des vacances scolaires (toutes zones) de 8h15 à 13h30"
        ],
        "nl": [
          "Van 1 januari tot 31 maart: twee keer per week\n- Donderdag, van 8.15 tot 13.00 uur (behalve donderdag tijdens de wintervakantie (alle zones) om 13.30 uur)\n- Zaterdag, van 8.15 tot 13.30 uur.\n\n    Van 1 april tot 30 juni: 2 keer per week\n- Donderdag, van 8.15 tot 13.00 uur (behalve donderdag tijdens schoolvakanties (alle zones) om 13.30 uur)\n- Zaterdag en feestdagen, van 8.15 tot 14.00 uur.\n\nExtra markten:\n- Maandagen: Pasen, Pinksteren tot 14.00 uur en maandagen van de voorjaarsschoolvakanties (alle zones) tot 13.30 uur.\n\nSpecifieke voorwaarden voor de afdeling \"Visboer\":\n- op bovengenoemde marktdagen,\n- vrijdagochtend van 8.15 tot 13.00 uur\n- zondagochtend van 8.15 tot 13.00 uur\n- de ochtenden van elke dag van de schoolvakanties (alle zones) van 8.15 tot 13.30 uur, behalve op zaterdag van 8.15 tot 14.00 uur.\n\n    Van 1 juli tot het begin van het schooljaar in september: 3 keer per week\n- 1e maandag: 4 juli - laatste maandag: 29 augustus 2022\n- maandag en donderdag: 8.15 tot 13.30 uur\n- zaterdag: 8.15u tot 14u\n- behalve donderdag 14 juli en maandag 15 augustus 2022: 8.15 tot 14.00 uur\n\nSpecifieke voorwaarden voor de afdeling \"Visboer\": elke werkdag 's ochtends van 8.15 tot 13.30 uur.\nBehalve op zaterdag en feestdagen van 8.15 tot 14.00 uur.\n\n    Vanaf het begin van het schooljaar tot 30 september 2022: twee keer per week\n- Donderdag van 8.15 tot 13.00 uur\n- Zaterdag van 8.15 tot 13.30 uur\n\nVan 1 oktober tot 31 december 2022: twee keer per week\n- Donderdag van 8.15 tot 13.00 uur (behalve donderdag tijdens schoolvakanties (alle zones) en feestdagen om 13.30 uur)\n- Zaterdag van 8.15 tot 13.30 uur\n\nBijkomende markten :\n- Maandag van de Allerheiligenvakantie (alle zones) tot 13.30 uur (24 en 31 oktober 2022).\n- Maandag van de kerstvakantie (alle zones) tot 13.30 uur (19 en 26 december 2022).\n\nSpecifieke voorwaarden voor de afdeling \"Visboer\":\n- op de bovengenoemde marktdagen\n- vrijdagochtend van 8.15 tot 13.00 uur\n- zondagochtend van 8.15 tot 13.00 uur\n- op de ochtenden van elke schoolvakantie (alle zones) van 8.15 tot 13.30 uur"
        ],
        "es": [
          "Del 1 de enero al 31 de marzo: dos veces por semana\n- Jueves, de 8:15 a 13:00 horas (excepto los jueves de vacaciones de invierno (todas las zonas) a las 13:30 horas)\n- Sábado, de 8.15 a 13.30 horas.\n\n    Del 1 de abril al 30 de junio: 2 veces por semana\n- Jueves, de 8:15 a 13:00 horas (excepto los jueves de vacaciones escolares (todas las zonas) a las 13:30 horas)\n- Sábados y festivos, de 8.15 a 14.00 horas.\n\nOtros mercados:\n- Lunes: Semana Santa, Pentecostés hasta las 14:00 y los lunes de las vacaciones escolares de primavera (todas las zonas) hasta las 13:30.\n\nCondiciones específicas para la sección \"Pescadería\":\n- en los días de mercado mencionados,\n- viernes por la mañana de 8:15 a 13:00\n- los domingos por la mañana de 8.15 a 13.00\n- las mañanas de todos los días de las vacaciones escolares (todas las zonas) de 8.15 a 13.30, excepto los sábados de 8.15 a 14.00.\n\n    Desde el 1 de julio hasta el inicio del curso escolar en septiembre: 3 veces por semana\n- primer lunes: 4 de julio - último lunes: 29 de agosto de 2022\n- lunes y jueves: de 8:15 a 13:30\n- sábado: de 8:15 a 14:00\n- excepto el jueves 14 de julio y el lunes 15 de agosto de 2022: de 8:15 a 14:00 horas\n\nCondiciones específicas para la sección \"Pescadería\": por la mañana de cada día laborable, de 8.15 a 13.30 horas.\nExcepto los sábados y días festivos, de 8.15 a 14.00 horas.\n\n    Desde el inicio del curso escolar hasta el 30 de septiembre de 2022: dos veces por semana\n- Jueves de 8.15 a 13 horas\n- Sábado de 8.15 a 13.30 horas\n\nDel 1 de octubre al 31 de diciembre de 2022: dos veces por semana\n- Jueves de 8:15 a 13:00 horas (excepto los jueves durante las vacaciones escolares (todas las zonas) y los días festivos a las 13:30 horas)\n- Sábado de 8:15 a 13:30\n\nMercados adicionales :\n- Lunes de la fiesta de Todos los Santos (todas las zonas) hasta las 13.30 horas (24 y 31 de octubre de 2022).\n- Lunes de las vacaciones de Navidad (todas las zonas) hasta las 13.30 horas (19 y 26 de diciembre de 2022).\n\nCondiciones específicas para la sección \"Pescadería\":\n- en los días de mercado mencionados\n- viernes por la mañana de 8:15 a 13:00\n- los domingos por la mañana de 8.15 a 13.00\n- en las mañanas de cada día de vacaciones escolares (en todas las zonas) de 8.15 a 13.30 horas"
        ]
      },
      "@type": [
        "Description"
      ],
      "hasTranslatedProperty": [
        {
          "@id": "https://data.datatourisme.fr/3b747436-04b8-303a-9198-f9d6512eee23",
          "dc:contributor": [
            "https://api.deepl.com/v2/translate"
          ],
          "rdf:language": [
            "es"
          ],
          "rdf:predicate": [
            {
              "@id": "dc:description"
            }
          ]
        },
        {
          "@id": "https://data.datatourisme.fr/502695f6-7adb-37aa-b261-07e144b386a5",
          "dc:contributor": [
            "https://api.deepl.com/v2/translate"
          ],
          "rdf:language": [
            "de"
          ],
          "rdf:predicate": [
            {
              "@id": "dc:description"
            }
          ]
        },
        {
          "@id": "https://data.datatourisme.fr/75fa89bc-7821-3939-8092-eae0b2a5fa1f",
          "dc:contributor": [
            "https://api.deepl.com/v2/translate"
          ],
          "rdf:language": [
            "en"
          ],
          "rdf:predicate": [
            {
              "@id": "dc:description"
            }
          ]
        },
        {
          "@id": "https://data.datatourisme.fr/99df45b6-b741-3759-8aaf-2426021293b8",
          "dc:contributor": [
            "https://api.deepl.com/v2/translate"
          ],
          "rdf:language": [
            "nl"
          ],
          "rdf:predicate": [
            {
              "@id": "dc:description"
            }
          ]
        },
        {
          "@id": "https://data.datatourisme.fr/bae83232-b25c-39c7-b06e-f133a241ef93",
          "dc:contributor": [
            "https://api.deepl.com/v2/translate"
          ],
          "rdf:language": [
            "it"
          ],
          "rdf:predicate": [
            {
              "@id": "dc:description"
            }
          ]
        }
      ]
    }
  ],
  "isLocatedAt": [
    {
      "@id": "https://data.datatourisme.fr/49d4575e-79c4-390d-ad17-ed9b2515038f",
      "schema:address": [
        {
          "@id": "https://data.datatourisme.fr/55271c1d-1f7a-363d-9e0b-7e84893deec4",
          "schema:addressLocality": "Le Touquet-Paris-Plage",
          "schema:postalCode": "62520",
          "schema:streetAddress": [
            "Rue Jean Monnet\nMarché couvert"
          ],
          "@type": [
            "schema:PostalAddress",
            "PostalAddress"
          ],
          "hasAddressCity": {
            "@id": "kb:62826",
            "@type": [
              "City"
            ],
            "rdfs:label": {
              "de": [
                "Le Touquet-Paris-Plage"
              ],
              "pt": [
                "Le Touquet-Paris-Plage"
              ],
              "en": [
                "Le Touquet-Paris-Plage"
              ],
              "it": [
                "Le Touquet-Paris-Plage"
              ],
              "fr": [
                "Le Touquet-Paris-Plage"
              ],
              "nl": [
                "Le Touquet-Paris-Plage"
              ],
              "es": [
                "Le Touquet-Paris-Plage"
              ]
            },
            "insee": "62826",
            "isPartOfDepartment": {
              "@id": "kb:France3262",
              "@type": [
                "Department"
              ],
              "rdfs:label": {
                "de": [
                  "Pas-de-Calais"
                ],
                "pt": [
                  "Pas-de-Calais"
                ],
                "en": [
                  "Pas-de-Calais"
                ],
                "it": [
                  "Pas-de-Calais"
                ],
                "fr": [
                  "Pas-de-Calais"
                ],
                "nl": [
                  "Pas-de-Calais"
                ],
                "es": [
                  "Pas-de-Calais"
                ]
              },
              "insee": "62",
              "isPartOfRegion": {
                "@id": "kb:France32",
                "@type": [
                  "Region"
                ],
                "rdfs:label": {
                  "de": [
                    "Hauts-de-France"
                  ],
                  "pt": [
                    "Hauts-de-France"
                  ],
                  "en": [
                    "Hauts-de-France"
                  ],
                  "it": [
                    "Hauts-de-France"
                  ],
                  "fr": [
                    "Hauts-de-France"
                  ],
                  "nl": [
                    "Hauts-de-France"
                  ],
                  "es": [
                    "Hauts-de-France"
                  ]
                },
                "insee": "32",
                "isPartOfCountry": {
                  "@id": "kb:France",
                  "@type": [
                    "schema:Country"
                  ],
                  "rdfs:label": {
                    "de": [
                      "France",
                      "Frankreich"
                    ],
                    "pt": [
                      "França",
                      "France"
                    ],
                    "en": [
                      "France"
                    ],
                    "it": [
                      "France",
                      "Francia"
                    ],
                    "fr": [
                      "France"
                    ],
                    "nl": [
                      "France",
                      "Frankrijk"
                    ],
                    "es": [
                      "France",
                      "Francia"
                    ]
                  }
                }
              }
            }
          }
        }
      ],
      "schema:geo": {
        "@id": "https://data.datatourisme.fr/7eb5d422-f814-3df4-90a1-b8db8cdf3840",
        "schema:elevation": "13.36",
        "schema:latitude": "50.520528",
        "schema:longitude": "1.583427",
        "@type": [
          "schema:GeoCoordinates"
        ]
      },
      "@type": [
        "schema:Place",
        "Place"
      ]
    }
  ],
  "isOwnedBy": [
    {
      "@id": "https://data.datatourisme.fr/13bf9c01-ddfc-34da-b05d-64a7fbd4b53e",
      "schema:email": [
        "datatourisme62@gmail.com"
      ],
      "schema:legalName": "Pas-de-Calais Tourisme",
      "@type": [
        "schema:Organization",
        "foaf:Agent",
        "Agent"
      ],
      "foaf:homepage": [
        "http://www.datatourisme62.com/"
      ]
    }
  ],
  "lastUpdate": "2022-10-21",
  "lastUpdateDatatourisme": "2022-12-02T09:58:36.64Z",
  "takesPlaceAt": [
    {
      "@id": "https://data.datatourisme.fr/f5899d1b-32e1-3c90-a158-6ea29e8ec97d",
      "@type": [
        "Period"
      ],
      "endDate": "2032-12-31",
      "startDate": "2022-01-06"
    }
  ]
}