{
  "@id": "https://data.datatourisme.fr/13/67cce8c7-4fc7-30f4-895a-f38b885830d1",
  "dc:identifier": "5709160",
  "@type": [
    "schema:LocalBusiness",
    "schema:TouristInformationCenter",
    "LocalTouristOffice",
    "PlaceOfInterest",
    "PointOfInterest",
    "Store",
    "TouristInformationCenter"
  ],
  "rdfs:comment": {
    "de": [
      "Das Tourismusbüro von Chaudes-Aigues liegt im Herzen der Kurstadt am Rande des Aubrac. Das ganze Jahr über geöffnet."
    ],
    "en": [
      "Chaudes-Aigues tourist office located in the heart of the spa town at the gates of Aubrac. Open all year round."
    ],
    "it": [
      "Ufficio turistico di Chaudes-Aigues, situato nel cuore della città termale, alle porte dell'Aubrac. Aperto tutto l'anno."
    ],
    "fr": [
      "Bureau de tourisme de Chaudes-Aigues situé au cœur de la cité thermale aux portes de l'Aubrac. Ouvert toute l'année."
    ],
    "nl": [
      "Toeristische dienst van Chaudes-Aigues gelegen in het hart van het kuuroord aan de poort van de Aubrac. Het hele jaar geopend."
    ],
    "es": [
      "La oficina de turismo de Chaudes-Aigues está situada en el corazón de la ciudad termal, a las puertas del Aubrac. Abierto todo el año."
    ]
  },
  "rdfs:label": {
    "fr": [
      "Office de tourisme des Pays de Saint-Flour - Bureau de Chaudes-Aigues"
    ]
  },
  "hasBeenCreatedBy": {
    "@id": "https://data.datatourisme.fr/13/c913303f-392f-3c64-bf72-40b180602652",
    "dc:identifier": "1464",
    "schema:email": [
      "communication@pays-saint-flour.fr",
      "promotion@pays-saint-flour.fr"
    ],
    "schema:legalName": "Office de Tourisme des Pays de Saint-Flour",
    "@type": [
      "schema:Organization",
      "foaf:Agent",
      "Agent"
    ],
    "foaf:homepage": [
      "http://www.pays-saint-flour.fr/"
    ]
  },
  "hasBeenPublishedBy": [
    {
      "@id": "https://data.datatourisme.fr/8a9feb4b-2cbd-3d2c-b507-bd6c6776b23b",
      "schema:legalName": "Apidae Tourisme Scic SA - source : Apidae Tourisme",
      "@type": [
        "schema:Organization",
        "foaf:Agent",
        "Agent"
      ],
      "foaf:homepage": [
        "https://www.apidae-tourisme.com/"
      ]
    }
  ],
  "hasContact": [
    {
      "@id": "https://data.datatourisme.fr/20bb0a7b-7c6c-3f15-9536-e8496b411cf4",
      "schema:email": [
        "chaudesaigues.info@pays-saint-flour.fr"
      ],
      "schema:telephone": [
        "+33 4 71 23 52 75"
      ],
      "@type": [
        "foaf:Agent",
        "Agent"
      ],
      "foaf:homepage": [
        "http://www.pays-saint-flour.fr/"
      ]
    }
  ],
  "hasDescription": [
    {
      "@id": "https://data.datatourisme.fr/b51435c7-7e56-339d-8de3-84d5acf7b60d",
      "@type": [
        "Description"
      ],
      "hasTranslatedProperty": [
        {
          "@id": "https://data.datatourisme.fr/213b92d2-1a93-3906-a895-e81478c4a32a",
          "dc:contributor": [
            "https://api.deepl.com/v2/translate"
          ],
          "rdf:language": [
            "es"
          ],
          "rdf:predicate": [
            "shortDescription"
          ]
        },
        {
          "@id": "https://data.datatourisme.fr/5eaa8092-20e6-317e-871d-f4aca9b39e41",
          "dc:contributor": [
            "https://api.deepl.com/v2/translate"
          ],
          "rdf:language": [
            "it"
          ],
          "rdf:predicate": [
            "shortDescription"
          ]
        },
        {
          "@id": "https://data.datatourisme.fr/82a4fb3e-5474-306d-86b5-d14c995832e9",
          "dc:contributor": [
            "https://api.deepl.com/v2/translate"
          ],
          "rdf:language": [
            "nl"
          ],
          "rdf:predicate": [
            "shortDescription"
          ]
        },
        {
          "@id": "https://data.datatourisme.fr/b8729ec9-a896-30de-9a95-b864e0b8746d",
          "dc:contributor": [
            "https://api.deepl.com/v2/translate"
          ],
          "rdf:language": [
            "de"
          ],
          "rdf:predicate": [
            "shortDescription"
          ]
        },
        {
          "@id": "https://data.datatourisme.fr/e5e295e5-0c89-36e9-b497-5111a745bd49",
          "dc:contributor": [
            "https://api.deepl.com/v2/translate"
          ],
          "rdf:language": [
            "en"
          ],
          "rdf:predicate": [
            "shortDescription"
          ]
        }
      ],
      "shortDescription": {
        "de": [
          "Das Tourismusbüro von Chaudes-Aigues liegt im Herzen der Kurstadt am Rande des Aubrac. Das ganze Jahr über geöffnet."
        ],
        "en": [
          "Chaudes-Aigues tourist office located in the heart of the spa town at the gates of Aubrac. Open all year round."
        ],
        "it": [
          "Ufficio turistico di Chaudes-Aigues, situato nel cuore della città termale, alle porte dell'Aubrac. Aperto tutto l'anno."
        ],
        "fr": [
          "Bureau de tourisme de Chaudes-Aigues situé au cœur de la cité thermale aux portes de l'Aubrac. Ouvert toute l'année."
        ],
        "nl": [
          "Toeristische dienst van Chaudes-Aigues gelegen in het hart van het kuuroord aan de poort van de Aubrac. Het hele jaar geopend."
        ],
        "es": [
          "La oficina de turismo de Chaudes-Aigues está situada en el corazón de la ciudad termal, a las puertas del Aubrac. Abierto todo el año."
        ]
      }
    }
  ],
  "hasTranslatedProperty": [
    {
      "@id": "https://data.datatourisme.fr/173fa1ff-f1e9-3072-8499-5474dbb576fd",
      "dc:contributor": [
        "https://api.deepl.com/v2/translate"
      ],
      "rdf:language": [
        "nl"
      ],
      "rdf:predicate": [
        {
          "@id": "rdfs:comment"
        }
      ]
    },
    {
      "@id": "https://data.datatourisme.fr/3a435ee3-7f36-355d-9202-faf4b9cbde06",
      "dc:contributor": [
        "https://api.deepl.com/v2/translate"
      ],
      "rdf:language": [
        "es"
      ],
      "rdf:predicate": [
        {
          "@id": "rdfs:comment"
        }
      ]
    },
    {
      "@id": "https://data.datatourisme.fr/b558910b-f421-36d6-a08a-05a48b3a96ce",
      "dc:contributor": [
        "https://api.deepl.com/v2/translate"
      ],
      "rdf:language": [
        "de"
      ],
      "rdf:predicate": [
        {
          "@id": "rdfs:comment"
        }
      ]
    },
    {
      "@id": "https://data.datatourisme.fr/bccf5001-48ba-3a8f-92a5-a462a8996f81",
      "dc:contributor": [
        "https://api.deepl.com/v2/translate"
      ],
      "rdf:language": [
        "it"
      ],
      "rdf:predicate": [
        {
          "@id": "rdfs:comment"
        }
      ]
    },
    {
      "@id": "https://data.datatourisme.fr/f35619c8-6792-3d47-aa24-56571a6a9eaa",
      "dc:contributor": [
        "https://api.deepl.com/v2/translate"
      ],
      "rdf:language": [
        "en"
      ],
      "rdf:predicate": [
        {
          "@id": "rdfs:comment"
        }
      ]
    }
  ],
  "isLocatedAt": [
    {
      "@id": "https://data.datatourisme.fr/a37a80fa-f4c9-3f9c-b581-cce97abd0896",
      "schema:address": [
        {
          "@id": "https://data.datatourisme.fr/57d878aa-2588-35de-a484-2afd65decb27",
          "schema:addressLocality": "Chaudes-Aigues",
          "schema:postalCode": "15110",
          "@type": [
            "schema:PostalAddress",
            "PostalAddress"
          ],
          "hasAddressCity": {
            "@id": "kb:15045",
            "@type": [
              "City"
            ],
            "rdfs:label": {
              "de": [
                "Chaudes-Aigues"
              ],
              "pt": [
                "Chaudes-Aigues"
              ],
              "en": [
                "Chaudes-Aigues"
              ],
              "it": [
                "Chaudes-Aigues"
              ],
              "fr": [
                "Chaudes-Aigues"
              ],
              "nl": [
                "Chaudes-Aigues"
              ],
              "es": [
                "Chaudes-Aigues"
              ]
            },
            "insee": "15045",
            "isPartOfDepartment": {
              "@id": "kb:France8415",
              "@type": [
                "Department"
              ],
              "rdfs:label": {
                "de": [
                  "Cantal"
                ],
                "pt": [
                  "Cantal"
                ],
                "en": [
                  "Cantal"
                ],
                "it": [
                  "Cantal"
                ],
                "fr": [
                  "Cantal"
                ],
                "nl": [
                  "Cantal"
                ],
                "es": [
                  "Cantal"
                ]
              },
              "insee": "15",
              "isPartOfRegion": {
                "@id": "kb:France84",
                "@type": [
                  "Region"
                ],
                "rdfs:label": {
                  "de": [
                    "Auvergne-Rhône-Alpes"
                  ],
                  "pt": [
                    "Auvergne-Rhône-Alpes"
                  ],
                  "en": [
                    "Auvergne-Rhône-Alpes"
                  ],
                  "it": [
                    "Auvergne-Rhône-Alpes"
                  ],
                  "fr": [
                    "Auvergne-Rhône-Alpes"
                  ],
                  "nl": [
                    "Auvergne-Rhône-Alpes"
                  ],
                  "es": [
                    "Auvergne-Rhône-Alpes"
                  ]
                },
                "insee": "84",
                "isPartOfCountry": {
                  "@id": "kb:France",
                  "@type": [
                    "schema:Country"
                  ],
                  "rdfs:label": {
                    "de": [
                      "France",
                      "Frankreich"
                    ],
                    "pt": [
                      "França",
                      "France"
                    ],
                    "en": [
                      "France"
                    ],
                    "it": [
                      "France",
                      "Francia"
                    ],
                    "fr": [
                      "France"
                    ],
                    "nl": [
                      "France",
                      "Frankrijk"
                    ],
                    "es": [
                      "France",
                      "Francia"
                    ]
                  }
                }
              }
            }
          }
        }
      ],
      "schema:geo": {
        "@id": "https://data.datatourisme.fr/38f465cd-1c70-3b2c-a1d5-d9c0891611fb",
        "schema:latitude": "44.853232",
        "schema:longitude": "3.003597",
        "@type": [
          "schema:GeoCoordinates"
        ]
      },
      "schema:openingHoursSpecification": [
        {
          "@id": "https://data.datatourisme.fr/a251b0cc-efdd-3617-9d5b-a7df7268f495",
          "schema:validFrom": "2023-01-01T00:00:00",
          "schema:validThrough": "2023-12-31T23:59:59",
          "@type": [
            "schema:OpeningHoursSpecification"
          ],
          "additionalInformation": {
            "de": [
              "- Dezember bis Februar :\r\nMontag bis Freitag von 9:00 bis 12:00 Uhr und von 14:00 bis 18:00 Uhr.\r\nSamstags, sonntags und an Feiertagen geschlossen.\r\n- November und März :\r\nMontag bis Freitag von 9:00 bis 12:00 Uhr und von 14:00 bis 18:00 Uhr.\r\nSamstags (außerhalb der Schulferien in allen Zonen) von 9:30 bis 9:00 Uhr\r\n12h30.\r\nSamstags (Schulferien alle Zonen) von 9:30 bis 12:00 Uhr und von\r\n14 Uhr bis 17 Uhr\r\nSonntags und an Feiertagen geschlossen.\r\n- April und Oktober :\r\nMontag bis Samstag von 9:00 bis 12:00 Uhr und von 14:00 bis 18:00 Uhr.\r\nSonntags und an Feiertagen geschlossen außer Ostersonntag\r\n(10h-12h / 14h-17h)\r\n- Mai und vom 15. bis 30. September :\r\nMontag bis Samstag von 9:00 bis 12:00 Uhr und 14:00 bis 18:00 Uhr.\r\nSonntags und an Feiertagen von 10-12 Uhr und 14-17 Uhr\r\n- Vom 1. Juni bis 6. Juli und vom 1. bis 14. September :\r\nMontag bis Samstag von 9:00 bis 12:00 Uhr und von 13:30 bis 18:30 Uhr.\r\nAn Sonn- und Feiertagen von 10:00 bis 12:00 Uhr und von 14:00 bis 17:00 Uhr\r\n- Vom 7. Juli bis 31. August :\r\nMontag bis Samstag von 9:00 bis 12:30 Uhr und von 13:30 bis 19:00 Uhr.\r\nAn Sonn- und Feiertagen von 10:00 bis 12:00 Uhr und von 14:00 bis 17:00 Uhr."
            ],
            "en": [
              "- December to February :\r\nMonday to Friday from 9am to 12pm and from 2pm to 6pm.\r\nClosed on Saturdays, Sundays and public holidays.\r\n- November and March :\r\nMonday to Friday from 9am to 12pm and from 2pm to 6pm.\r\nSaturday (except school holidays all zones) from 9:30 am to\r\n12h30.\r\nSaturday (school holidays all zones) from 9:30am to 12pm and from\r\n2pm to 5pm\r\nClosed on Sundays and public holidays.\r\n- April and October :\r\nMonday to Saturday from 9am to 12pm and from 2pm to 6pm.\r\nClosed on Sundays and public holidays except Easter Sunday\r\n(10am-12pm / 2pm-5pm)\r\n- May and from 15 to 30 September :\r\nMonday to Saturday from 9am to 12pm and from 2pm to 6pm.\r\nSundays and public holidays from 10am to 12pm and from 2pm to 5pm\r\n- From June 1st to July 6th and from September 1st to 14th :\r\nMonday to Saturday from 9am to 12pm and from 1:30pm to 6:30pm.\r\nSundays and public holidays from 10am to 12pm and from 2pm to 5pm\r\n- From July 7 to August 31:\r\nMonday to Saturday from 9am to 12:30pm and from 1:30pm to 7pm.\r\nSundays and holidays from 10am to 12pm and from 2pm to 5pm."
            ],
            "it": [
              "? Da dicembre a febbraio :\r\nDal lunedì al venerdì dalle 9.00 alle 12.00 e dalle 14.00 alle 18.00.\r\nChiuso il sabato, la domenica e i giorni festivi.\r\n? Novembre e marzo :\r\nDal lunedì al venerdì dalle 9.00 alle 12.00 e dalle 14.00 alle 18.00.\r\nIl sabato (tranne durante le vacanze scolastiche) dalle 9.30 alle\r\n12h30.\r\nSabato (vacanze scolastiche in tutte le zone) dalle 9:30 alle 12:00 e da\r\ndalle 14.00 alle 17.00\r\nChiuso la domenica e i giorni festivi.\r\n? Aprile e ottobre :\r\nDal lunedì al sabato dalle 9.00 alle 12.00 e dalle 14.00 alle 18.00.\r\nChiuso la domenica e i giorni festivi, tranne la domenica di Pasqua\r\n(10.00-12.00 / 14.00-17.00)\r\n? Maggio e dal 15 al 30 settembre:\r\nDal lunedì al sabato dalle 9.00 alle 12.00 e dalle 14.00 alle 18.00.\r\nDomenica e festivi dalle 10.00 alle 12.00 e dalle 14.00 alle 17.00\r\n? Dal 1° giugno al 6 luglio e dal 1° al 14 settembre:\r\nDal lunedì al sabato dalle 9.00 alle 12.00 e dalle 13.30 alle 18.30.\r\nDomenica e festivi dalle 10.00 alle 12.00 e dalle 14.00 alle 17.00\r\n? Dal 7 luglio al 31 agosto :\r\nDal lunedì al sabato dalle 9.00 alle 12.30 e dalle 13.30 alle 19.00.\r\nDomenica e giorni festivi dalle 10.00 alle 12.00 e dalle 14.00 alle 17.00."
            ],
            "fr": [
              "• Décembre à février :\r\nDu lundi au vendredi de 9h à 12h et de 14h à 18h.\r\nFermé les samedis, dimanches et jours fériés.\r\n• Novembre et mars :\r\nDu lundi au vendredi de 9h à 12h et de 14h à 18h.\r\nLe samedi (hors vacances scolaires toutes zones) de 9h30 à\r\n12h30.\r\nLe samedi (vacances scolaires toutes zones) de 9h30 à 12h et de\r\n14h à 17h\r\nFermé les dimanches et jours fériés.\r\n• Avril et octobre :\r\nDu lundi au samedi de 9h à 12h et de 14h à 18h.\r\nFermé les dimanches et jours fériés sauf dimanche de Pâques\r\n(10h-12h / 14h-17h)\r\n• Mai et du 15 au 30 septembre :\r\nDu lundi au samedi de 9h à 12h et de 14h à 18h.\r\nLes dimanches et jours fériés de 10h à 12h et de 14h à 17h\r\n• Du 1er juin au 6 juillet et du 1er au 14 septembre :\r\nDu lundi au samedi de 9h à 12h et de 13h30 à 18h30.\r\nLes dimanches et jours fériés de 10h à 12h et de 14h à 17h\r\n• Du 7 juillet au 31 août :\r\nDu lundi au samedi de 9h à 12h30 et de 13h30 à 19h.\r\nLes dimanches et jours fériés de 10h à 12h et de 14h à 17h."
            ],
            "es": [
              "? De diciembre a febrero :\r\nDe lunes a viernes de 9 a 12 horas y de 14 a 18 horas.\r\nCerrado los sábados, domingos y festivos.\r\n? Noviembre y marzo :\r\nDe lunes a viernes de 9 a 12 horas y de 14 a 18 horas.\r\nLos sábados (excepto durante las vacaciones escolares) de 9.30 a\r\n12h30.\r\nSábado (vacaciones escolares en todas las zonas) de 9:30 a 12:00 y de\r\nde 14 a 17 horas\r\nCerrado los domingos y los días festivos.\r\n? Abril y octubre :\r\nDe lunes a sábado de 9 a 12 horas y de 14 a 18 horas.\r\nCerrado los domingos y días festivos, excepto el domingo de Pascua\r\n(10:00-12:00 / 14:00-17:00)\r\n? Mayo y del 15 al 30 de septiembre:\r\nDe lunes a sábado de 9 a 12 horas y de 14 a 18 horas.\r\nDomingos y festivos de 10 a 12 y de 14 a 17 horas\r\n? Del 1 de junio al 6 de julio y del 1 al 14 de septiembre:\r\nDe lunes a sábado de 9 a 12 y de 13:30 a 18:30.\r\nDomingos y festivos de 10 a 12 y de 14 a 17 horas\r\n? Del 7 de julio al 31 de agosto:\r\nDe lunes a sábado, de 9:00 a 12:30 y de 13:30 a 19:00.\r\nDomingos y festivos de 10 a 12 y de 14 a 17 horas."
            ],
            "nl": [
              "- December tot februari:\r\nMaandag tot vrijdag van 9 tot 12 uur en van 14 tot 18 uur.\r\nGesloten op zaterdag, zondag en feestdagen.\r\n- November en maart:\r\nMaandag tot vrijdag van 9 tot 12 uur en van 14 tot 18 uur.\r\nZaterdagen (behalve tijdens schoolvakanties) van 9:30 tot\r\n12h30.\r\nZaterdag (schoolvakanties alle zones) van 9.30 tot 12.00 uur en van\r\n14.00 tot 17.00 uur\r\nGesloten op zon- en feestdagen.\r\n- April en oktober:\r\nMaandag tot zaterdag van 9 tot 12 uur en van 14 tot 18 uur.\r\nGesloten op zon- en feestdagen behalve paaszondag\r\n(10u-12u / 14u-5u)\r\n- mei en van 15 tot 30 september:\r\nMaandag tot zaterdag van 9 tot 12 uur en van 14 tot 18 uur.\r\nZondag en feestdagen van 10 tot 12 uur en van 14 tot 17 uur\r\n- Van 1 juni tot 6 juli en van 1 tot 14 september:\r\nMaandag tot zaterdag van 9 tot 12 uur en van 13.30 tot 18.30 uur.\r\nZondag en feestdagen van 10 tot 12 uur en van 14 tot 17 uur\r\n- Van 7 juli tot 31 augustus:\r\nMaandag tot en met zaterdag van 9.00 tot 12.30 uur en van 13.30 tot 19.00 uur.\r\nOp zon- en feestdagen van 10.00 tot 12.00 uur en van 14.00 tot 17.00 uur."
            ]
          },
          "hasTranslatedProperty": [
            {
              "@id": "https://data.datatourisme.fr/19906bf1-e3f9-3427-a05f-cb33e7ac5363",
              "dc:contributor": [
                "https://api.deepl.com/v2/translate"
              ],
              "rdf:language": [
                "de"
              ],
              "rdf:predicate": [
                "additionalInformation"
              ]
            },
            {
              "@id": "https://data.datatourisme.fr/7037b2b8-76d5-33d1-a39a-f95c73ae68fd",
              "dc:contributor": [
                "https://api.deepl.com/v2/translate"
              ],
              "rdf:language": [
                "en"
              ],
              "rdf:predicate": [
                "additionalInformation"
              ]
            },
            {
              "@id": "https://data.datatourisme.fr/871d203c-d757-3c17-a9b8-2cede1e76d0f",
              "dc:contributor": [
                "https://api.deepl.com/v2/translate"
              ],
              "rdf:language": [
                "nl"
              ],
              "rdf:predicate": [
                "additionalInformation"
              ]
            },
            {
              "@id": "https://data.datatourisme.fr/acfc0eb2-dd4d-3675-89fa-29b67558cbbf",
              "dc:contributor": [
                "https://api.deepl.com/v2/translate"
              ],
              "rdf:language": [
                "es"
              ],
              "rdf:predicate": [
                "additionalInformation"
              ]
            },
            {
              "@id": "https://data.datatourisme.fr/d85782c1-5a70-30f3-b047-b18380c4631f",
              "dc:contributor": [
                "https://api.deepl.com/v2/translate"
              ],
              "rdf:language": [
                "it"
              ],
              "rdf:predicate": [
                "additionalInformation"
              ]
            }
          ]
        }
      ],
      "@type": [
        "schema:Place",
        "Place"
      ]
    }
  ],
  "isOwnedBy": [
    {
      "@id": "https://data.datatourisme.fr/1a191694-edac-3be7-8b97-af8e77c8e165",
      "schema:email": [
        "communication@pays-saint-flour.fr",
        "promotion@pays-saint-flour.fr"
      ],
      "schema:legalName": "Office de Tourisme des Pays de Saint-Flour",
      "@type": [
        "schema:Organization",
        "foaf:Agent",
        "Agent"
      ],
      "foaf:homepage": [
        "http://www.pays-saint-flour.fr/"
      ]
    }
  ],
  "lastUpdate": "2022-05-14",
  "lastUpdateDatatourisme": "2023-02-01T18:07:35.758Z"
}