{
  "@id": "https://data.datatourisme.fr/5/e6ac2c10-5ce1-3d41-8997-8eb1c6901387",
  "dc:identifier": "270000309",
  "schema:endDate": [
    "2023-06-28",
    "2023-07-05",
    "2023-07-12",
    "2023-07-19",
    "2023-07-26",
    "2023-08-02",
    "2023-08-09",
    "2023-08-16",
    "2023-08-23",
    "2023-08-30",
    "2023-09-06",
    "2023-09-13",
    "2023-09-20",
    "2023-09-27",
    "2023-10-04",
    "2023-10-11",
    "2023-10-18",
    "2023-10-25",
    "2023-11-01",
    "2023-11-08",
    "2023-11-15",
    "2023-11-22",
    "2023-11-29",
    "2023-12-06",
    "2023-12-13",
    "2023-12-20",
    "2023-12-27"
  ],
  "schema:startDate": [
    "2023-06-28",
    "2023-07-05",
    "2023-07-12",
    "2023-07-19",
    "2023-07-26",
    "2023-08-02",
    "2023-08-09",
    "2023-08-16",
    "2023-08-23",
    "2023-08-30",
    "2023-09-06",
    "2023-09-13",
    "2023-09-20",
    "2023-09-27",
    "2023-10-04",
    "2023-10-11",
    "2023-10-18",
    "2023-10-25",
    "2023-11-01",
    "2023-11-08",
    "2023-11-15",
    "2023-11-22",
    "2023-11-29",
    "2023-12-06",
    "2023-12-13",
    "2023-12-20",
    "2023-12-27"
  ],
  "@type": [
    "schema:Event",
    "schema:SaleEvent",
    "EntertainmentAndEvent",
    "Market",
    "PointOfInterest",
    "SaleEvent"
  ],
  "rdfs:label": {
    "fr": [
      "Marché hebdomadaire"
    ]
  },
  "creationDate": "2012-05-10",
  "hasBeenCreatedBy": {
    "@id": "https://data.datatourisme.fr/c8051789-a9a8-318e-aff0-28556275ebdd",
    "schema:legalName": "Office de tourisme de l'Alsace Bossue",
    "@type": [
      "schema:Organization",
      "foaf:Agent",
      "Agent"
    ]
  },
  "hasBeenPublishedBy": [
    {
      "@id": "https://data.datatourisme.fr/26f7f47a-f0eb-35ff-82a2-c85c9c543c73",
      "schema:legalName": "Système d'informations touristique Alsace",
      "@type": [
        "schema:Organization",
        "foaf:Agent",
        "Agent"
      ],
      "foaf:homepage": [
        "https://www.tourisme-alsace.com/"
      ]
    }
  ],
  "hasBookingContact": [
    {
      "@id": "https://data.datatourisme.fr/1d32465c-c74b-38af-bd24-148bf30b602d",
      "schema:email": [
        "mairie@ville-sarre-union.fr"
      ],
      "schema:telephone": [
        "+33 3 88 01 14 74"
      ],
      "@type": [
        "foaf:Agent",
        "Agent"
      ],
      "foaf:homepage": [
        "http://www.sarre-union.fr/"
      ]
    }
  ],
  "hasContact": [
    {
      "@id": "https://data.datatourisme.fr/1d32465c-c74b-38af-bd24-148bf30b602d",
      "schema:email": [
        "mairie@ville-sarre-union.fr"
      ],
      "schema:telephone": [
        "+33 3 88 01 14 74"
      ],
      "@type": [
        "foaf:Agent",
        "Agent"
      ],
      "foaf:homepage": [
        "http://www.sarre-union.fr/"
      ]
    },
    {
      "@id": "https://data.datatourisme.fr/be7c6e82-94bd-3bd3-b5a9-4758894cf635",
      "schema:email": [
        "mairie@ville-sarre-union.fr"
      ],
      "schema:legalName": "Mairie Sarre Union",
      "schema:telephone": [
        "+33 3 88 01 14 74"
      ],
      "@type": [
        "schema:Organization",
        "foaf:Agent",
        "Agent"
      ],
      "foaf:homepage": [
        "http://www.sarre-union.fr/"
      ]
    }
  ],
  "hasDescription": [
    {
      "@id": "https://data.datatourisme.fr/5f2918fd-a62e-33f2-afa9-e3411327aa5f",
      "dc:description": {
        "de": [
          "Wochenmarkt auf dem Place de la république in Sarre-Union jeden Mittwoch von 8 bis 12 Uhr. Verkauf von regionalen Produkten, Kleidung... Geschäfte in der Nähe."
        ],
        "en": [
          "Weekly market on the Republic Square in Sarre-Union every Wednesday from 8am to 12pm. Sales of regional products, clothing... Shops nearby."
        ],
        "it": [
          "Mercato settimanale in Place de la République a Sarre-Union ogni mercoledì dalle 8.00 alle 12.00. Vendita di prodotti regionali, abbigliamento... Negozi nelle vicinanze."
        ],
        "fr": [
          "Marché hebdomadaire sur la place de la république à Sarre-Union tous les mercredis de 8h à 12h. Ventes de produits régionaux, vêtements... Commerces à proximité."
        ],
        "nl": [
          "Wekelijkse markt op de Place de la République in Sarre-Union, elke woensdag van 8 tot 12 uur. Verkoop van regionale producten, kleding... Winkels in de buurt."
        ],
        "es": [
          "Mercado semanal en la plaza de la República de Sarre-Unión todos los miércoles de 8 a 12 horas. Venta de productos regionales, ropa... Tiendas cercanas."
        ]
      },
      "@type": [
        "Description"
      ],
      "hasTranslatedProperty": [
        {
          "@id": "https://data.datatourisme.fr/4a7a392a-93f1-3769-b6b2-634ab69f8013",
          "dc:contributor": [
            "https://api.deepl.com/v2/translate"
          ],
          "rdf:language": [
            "en"
          ],
          "rdf:predicate": [
            {
              "@id": "dc:description"
            }
          ]
        },
        {
          "@id": "https://data.datatourisme.fr/89eec69b-4b12-3b6e-8aea-51f108fa8e0f",
          "dc:contributor": [
            "https://api.deepl.com/v2/translate"
          ],
          "rdf:language": [
            "nl"
          ],
          "rdf:predicate": [
            {
              "@id": "dc:description"
            }
          ]
        },
        {
          "@id": "https://data.datatourisme.fr/97044e42-d3e2-3857-b252-5e35eb93865f",
          "dc:contributor": [
            "https://api.deepl.com/v2/translate"
          ],
          "rdf:language": [
            "es"
          ],
          "rdf:predicate": [
            {
              "@id": "dc:description"
            }
          ]
        },
        {
          "@id": "https://data.datatourisme.fr/a9bcea53-db0b-324e-ab3b-b94caea063f9",
          "dc:contributor": [
            "https://api.deepl.com/v2/translate"
          ],
          "rdf:language": [
            "it"
          ],
          "rdf:predicate": [
            {
              "@id": "dc:description"
            }
          ]
        },
        {
          "@id": "https://data.datatourisme.fr/b10d4e82-558c-3c97-a568-881f7b6ba2cf",
          "dc:contributor": [
            "https://api.deepl.com/v2/translate"
          ],
          "rdf:language": [
            "de"
          ],
          "rdf:predicate": [
            {
              "@id": "dc:description"
            }
          ]
        }
      ]
    }
  ],
  "hasRepresentation": [
    {
      "@id": "https://data.datatourisme.fr/4f0747c4-1f26-3e60-a272-6d38429ca5b4",
      "ebucore:hasAnnotation": [
        {
          "@id": "https://data.datatourisme.fr/6d87472b-96ef-354b-abb0-d8e21593a3d8",
          "@type": [
            "ebucore:Annotation"
          ],
          "credits": [
            "Photo Claude Bortoluzzi"
          ]
        }
      ],
      "@type": [
        "ebucore:EditorialObject"
      ]
    }
  ],
  "isLocatedAt": [
    {
      "@id": "https://data.datatourisme.fr/ad6e76ff-a165-3fcf-bbd7-6bccbf61ddff",
      "schema:address": [
        {
          "@id": "https://data.datatourisme.fr/5edef594-84aa-37b5-84f3-3101d83dbae3",
          "schema:addressLocality": "Sarre-Union",
          "schema:postalCode": "67260",
          "@type": [
            "schema:PostalAddress",
            "PostalAddress"
          ],
          "hasAddressCity": {
            "@id": "kb:67434",
            "@type": [
              "City"
            ],
            "rdfs:label": {
              "de": [
                "Sarre-Union"
              ],
              "pt": [
                "Sarre-Union"
              ],
              "en": [
                "Sarre-Union"
              ],
              "it": [
                "Sarre-Union"
              ],
              "fr": [
                "Sarre-Union"
              ],
              "nl": [
                "Sarre-Union"
              ],
              "es": [
                "Sarre-Union"
              ]
            },
            "insee": "67434",
            "isPartOfDepartment": {
              "@id": "kb:France4467",
              "@type": [
                "Department"
              ],
              "rdfs:label": {
                "de": [
                  "Bas-Rhin"
                ],
                "pt": [
                  "Bas-Rhin"
                ],
                "en": [
                  "Bas-Rhin"
                ],
                "it": [
                  "Bas-Rhin"
                ],
                "fr": [
                  "Bas-Rhin"
                ],
                "nl": [
                  "Bas-Rhin"
                ],
                "es": [
                  "Bas-Rhin"
                ]
              },
              "insee": "67",
              "isPartOfRegion": {
                "@id": "kb:France44",
                "@type": [
                  "Region"
                ],
                "rdfs:label": {
                  "de": [
                    "Grand Est"
                  ],
                  "pt": [
                    "Grand Est"
                  ],
                  "en": [
                    "Grand Est"
                  ],
                  "it": [
                    "Grand Est"
                  ],
                  "fr": [
                    "Grand Est"
                  ],
                  "nl": [
                    "Grand Est"
                  ],
                  "es": [
                    "Grand Est"
                  ]
                },
                "insee": "44",
                "isPartOfCountry": {
                  "@id": "kb:France",
                  "@type": [
                    "schema:Country"
                  ],
                  "rdfs:label": {
                    "de": [
                      "France",
                      "Frankreich"
                    ],
                    "pt": [
                      "França",
                      "France"
                    ],
                    "en": [
                      "France"
                    ],
                    "it": [
                      "France",
                      "Francia"
                    ],
                    "fr": [
                      "France"
                    ],
                    "nl": [
                      "France",
                      "Frankrijk"
                    ],
                    "es": [
                      "France",
                      "Francia"
                    ]
                  }
                }
              }
            }
          }
        }
      ],
      "schema:geo": {
        "@id": "https://data.datatourisme.fr/989400cb-fae7-32d1-aefa-ac6262ceaf69",
        "schema:latitude": "48.9387308270154",
        "schema:longitude": "7.08595000463492",
        "@type": [
          "schema:GeoCoordinates"
        ]
      },
      "@type": [
        "schema:Place",
        "Place"
      ]
    }
  ],
  "lastUpdate": "2023-06-05",
  "lastUpdateDatatourisme": "2023-06-22T03:01:38.687Z",
  "offers": [
    {
      "@id": "https://data.datatourisme.fr/5c32b1ee-3e94-3083-99d8-78f4942e6fec",
      "schema:priceSpecification": [
        {
          "@id": "https://data.datatourisme.fr/ddc3ce88-2f72-3be8-afe2-1513cc20da13",
          "schema:priceCurrency": "EUR",
          "@type": [
            "schema:PriceSpecification"
          ]
        }
      ],
      "@type": [
        "schema:Offer",
        "Offer"
      ]
    }
  ],
  "takesPlaceAt": [
    {
      "@id": "https://data.datatourisme.fr/04c6f595-11a9-35af-81ba-24a99a06885b",
      "@type": [
        "Period",
        "RecurrentPeriod"
      ],
      "appliesOnDay": [
        {
          "@id": "schema:Wednesday",
          "@type": [
            "schema:DayOfWeek"
          ],
          "rdfs:label": {
            "de": [
              "Mittwoch"
            ],
            "pt": [
              "Quarta-feira"
            ],
            "en": [
              "Wednesday"
            ],
            "it": [
              "Mercoledì"
            ],
            "fr": [
              "Mercredi"
            ],
            "nl": [
              "Woensdag"
            ],
            "es": [
              "Miércoles"
            ]
          }
        }
      ],
      "endDate": "2023-09-06",
      "endTime": "12:00:00",
      "startDate": "2023-09-06",
      "startTime": "08:00:00"
    },
    {
      "@id": "https://data.datatourisme.fr/0716894d-8641-389f-9876-34b74ebb79f2",
      "@type": [
        "Period",
        "RecurrentPeriod"
      ],
      "appliesOnDay": [
        {
          "@id": "schema:Wednesday",
          "@type": [
            "schema:DayOfWeek"
          ],
          "rdfs:label": {
            "de": [
              "Mittwoch"
            ],
            "pt": [
              "Quarta-feira"
            ],
            "en": [
              "Wednesday"
            ],
            "it": [
              "Mercoledì"
            ],
            "fr": [
              "Mercredi"
            ],
            "nl": [
              "Woensdag"
            ],
            "es": [
              "Miércoles"
            ]
          }
        }
      ],
      "endDate": "2023-07-19",
      "endTime": "12:00:00",
      "startDate": "2023-07-19",
      "startTime": "08:00:00"
    },
    {
      "@id": "https://data.datatourisme.fr/14248292-ae3f-3e2e-a508-700d42bae955",
      "@type": [
        "Period",
        "RecurrentPeriod"
      ],
      "appliesOnDay": [
        {
          "@id": "schema:Wednesday",
          "@type": [
            "schema:DayOfWeek"
          ],
          "rdfs:label": {
            "de": [
              "Mittwoch"
            ],
            "pt": [
              "Quarta-feira"
            ],
            "en": [
              "Wednesday"
            ],
            "it": [
              "Mercoledì"
            ],
            "fr": [
              "Mercredi"
            ],
            "nl": [
              "Woensdag"
            ],
            "es": [
              "Miércoles"
            ]
          }
        }
      ],
      "endDate": "2023-10-04",
      "endTime": "12:00:00",
      "startDate": "2023-10-04",
      "startTime": "08:00:00"
    },
    {
      "@id": "https://data.datatourisme.fr/1f01c1b7-9b57-3f64-ab19-351850799967",
      "@type": [
        "Period",
        "RecurrentPeriod"
      ],
      "appliesOnDay": [
        {
          "@id": "schema:Wednesday",
          "@type": [
            "schema:DayOfWeek"
          ],
          "rdfs:label": {
            "de": [
              "Mittwoch"
            ],
            "pt": [
              "Quarta-feira"
            ],
            "en": [
              "Wednesday"
            ],
            "it": [
              "Mercoledì"
            ],
            "fr": [
              "Mercredi"
            ],
            "nl": [
              "Woensdag"
            ],
            "es": [
              "Miércoles"
            ]
          }
        }
      ],
      "endDate": "2023-11-01",
      "endTime": "12:00:00",
      "startDate": "2023-11-01",
      "startTime": "08:00:00"
    },
    {
      "@id": "https://data.datatourisme.fr/2430f6b8-c5c0-36a4-b8bf-108a5d52780a",
      "@type": [
        "Period",
        "RecurrentPeriod"
      ],
      "appliesOnDay": [
        {
          "@id": "schema:Wednesday",
          "@type": [
            "schema:DayOfWeek"
          ],
          "rdfs:label": {
            "de": [
              "Mittwoch"
            ],
            "pt": [
              "Quarta-feira"
            ],
            "en": [
              "Wednesday"
            ],
            "it": [
              "Mercoledì"
            ],
            "fr": [
              "Mercredi"
            ],
            "nl": [
              "Woensdag"
            ],
            "es": [
              "Miércoles"
            ]
          }
        }
      ],
      "endDate": "2023-11-22",
      "endTime": "12:00:00",
      "startDate": "2023-11-22",
      "startTime": "08:00:00"
    },
    {
      "@id": "https://data.datatourisme.fr/308d876a-53f2-35aa-acaa-9e7aa2cf9b5c",
      "@type": [
        "Period",
        "RecurrentPeriod"
      ],
      "appliesOnDay": [
        {
          "@id": "schema:Wednesday",
          "@type": [
            "schema:DayOfWeek"
          ],
          "rdfs:label": {
            "de": [
              "Mittwoch"
            ],
            "pt": [
              "Quarta-feira"
            ],
            "en": [
              "Wednesday"
            ],
            "it": [
              "Mercoledì"
            ],
            "fr": [
              "Mercredi"
            ],
            "nl": [
              "Woensdag"
            ],
            "es": [
              "Miércoles"
            ]
          }
        }
      ],
      "endDate": "2023-08-16",
      "endTime": "12:00:00",
      "startDate": "2023-08-16",
      "startTime": "08:00:00"
    },
    {
      "@id": "https://data.datatourisme.fr/3802f538-f0bf-3951-bce7-57ba36abd3af",
      "@type": [
        "Period",
        "RecurrentPeriod"
      ],
      "appliesOnDay": [
        {
          "@id": "schema:Wednesday",
          "@type": [
            "schema:DayOfWeek"
          ],
          "rdfs:label": {
            "de": [
              "Mittwoch"
            ],
            "pt": [
              "Quarta-feira"
            ],
            "en": [
              "Wednesday"
            ],
            "it": [
              "Mercoledì"
            ],
            "fr": [
              "Mercredi"
            ],
            "nl": [
              "Woensdag"
            ],
            "es": [
              "Miércoles"
            ]
          }
        }
      ],
      "endDate": "2023-11-08",
      "endTime": "12:00:00",
      "startDate": "2023-11-08",
      "startTime": "08:00:00"
    },
    {
      "@id": "https://data.datatourisme.fr/3bb012e3-8278-3f6b-998c-614b18013bfe",
      "@type": [
        "Period",
        "RecurrentPeriod"
      ],
      "appliesOnDay": [
        {
          "@id": "schema:Wednesday",
          "@type": [
            "schema:DayOfWeek"
          ],
          "rdfs:label": {
            "de": [
              "Mittwoch"
            ],
            "pt": [
              "Quarta-feira"
            ],
            "en": [
              "Wednesday"
            ],
            "it": [
              "Mercoledì"
            ],
            "fr": [
              "Mercredi"
            ],
            "nl": [
              "Woensdag"
            ],
            "es": [
              "Miércoles"
            ]
          }
        }
      ],
      "endDate": "2023-08-30",
      "endTime": "12:00:00",
      "startDate": "2023-08-30",
      "startTime": "08:00:00"
    },
    {
      "@id": "https://data.datatourisme.fr/42d9e42e-101c-3ffe-9cc0-dcce87f613f2",
      "@type": [
        "Period",
        "RecurrentPeriod"
      ],
      "appliesOnDay": [
        {
          "@id": "schema:Wednesday",
          "@type": [
            "schema:DayOfWeek"
          ],
          "rdfs:label": {
            "de": [
              "Mittwoch"
            ],
            "pt": [
              "Quarta-feira"
            ],
            "en": [
              "Wednesday"
            ],
            "it": [
              "Mercoledì"
            ],
            "fr": [
              "Mercredi"
            ],
            "nl": [
              "Woensdag"
            ],
            "es": [
              "Miércoles"
            ]
          }
        }
      ],
      "endDate": "2023-12-13",
      "endTime": "12:00:00",
      "startDate": "2023-12-13",
      "startTime": "08:00:00"
    },
    {
      "@id": "https://data.datatourisme.fr/45e2dc0b-c55b-3569-adfa-91f548860132",
      "@type": [
        "Period",
        "RecurrentPeriod"
      ],
      "appliesOnDay": [
        {
          "@id": "schema:Wednesday",
          "@type": [
            "schema:DayOfWeek"
          ],
          "rdfs:label": {
            "de": [
              "Mittwoch"
            ],
            "pt": [
              "Quarta-feira"
            ],
            "en": [
              "Wednesday"
            ],
            "it": [
              "Mercoledì"
            ],
            "fr": [
              "Mercredi"
            ],
            "nl": [
              "Woensdag"
            ],
            "es": [
              "Miércoles"
            ]
          }
        }
      ],
      "endDate": "2023-08-09",
      "endTime": "12:00:00",
      "startDate": "2023-08-09",
      "startTime": "08:00:00"
    },
    {
      "@id": "https://data.datatourisme.fr/5237f1b4-ee69-34e1-9872-397122db8002",
      "@type": [
        "Period",
        "RecurrentPeriod"
      ],
      "appliesOnDay": [
        {
          "@id": "schema:Wednesday",
          "@type": [
            "schema:DayOfWeek"
          ],
          "rdfs:label": {
            "de": [
              "Mittwoch"
            ],
            "pt": [
              "Quarta-feira"
            ],
            "en": [
              "Wednesday"
            ],
            "it": [
              "Mercoledì"
            ],
            "fr": [
              "Mercredi"
            ],
            "nl": [
              "Woensdag"
            ],
            "es": [
              "Miércoles"
            ]
          }
        }
      ],
      "endDate": "2023-07-26",
      "endTime": "12:00:00",
      "startDate": "2023-07-26",
      "startTime": "08:00:00"
    },
    {
      "@id": "https://data.datatourisme.fr/5557be66-ed3a-382b-a3ea-1b5825ef2073",
      "@type": [
        "Period",
        "RecurrentPeriod"
      ],
      "appliesOnDay": [
        {
          "@id": "schema:Wednesday",
          "@type": [
            "schema:DayOfWeek"
          ],
          "rdfs:label": {
            "de": [
              "Mittwoch"
            ],
            "pt": [
              "Quarta-feira"
            ],
            "en": [
              "Wednesday"
            ],
            "it": [
              "Mercoledì"
            ],
            "fr": [
              "Mercredi"
            ],
            "nl": [
              "Woensdag"
            ],
            "es": [
              "Miércoles"
            ]
          }
        }
      ],
      "endDate": "2023-08-23",
      "endTime": "12:00:00",
      "startDate": "2023-08-23",
      "startTime": "08:00:00"
    },
    {
      "@id": "https://data.datatourisme.fr/5c2b2fee-9844-3fe7-b6e0-0f852bc8d95f",
      "@type": [
        "Period",
        "RecurrentPeriod"
      ],
      "appliesOnDay": [
        {
          "@id": "schema:Wednesday",
          "@type": [
            "schema:DayOfWeek"
          ],
          "rdfs:label": {
            "de": [
              "Mittwoch"
            ],
            "pt": [
              "Quarta-feira"
            ],
            "en": [
              "Wednesday"
            ],
            "it": [
              "Mercoledì"
            ],
            "fr": [
              "Mercredi"
            ],
            "nl": [
              "Woensdag"
            ],
            "es": [
              "Miércoles"
            ]
          }
        }
      ],
      "endDate": "2023-09-20",
      "endTime": "12:00:00",
      "startDate": "2023-09-20",
      "startTime": "08:00:00"
    },
    {
      "@id": "https://data.datatourisme.fr/6346ac64-452b-3468-9d1c-545ab5da9912",
      "@type": [
        "Period",
        "RecurrentPeriod"
      ],
      "appliesOnDay": [
        {
          "@id": "schema:Wednesday",
          "@type": [
            "schema:DayOfWeek"
          ],
          "rdfs:label": {
            "de": [
              "Mittwoch"
            ],
            "pt": [
              "Quarta-feira"
            ],
            "en": [
              "Wednesday"
            ],
            "it": [
              "Mercoledì"
            ],
            "fr": [
              "Mercredi"
            ],
            "nl": [
              "Woensdag"
            ],
            "es": [
              "Miércoles"
            ]
          }
        }
      ],
      "endDate": "2023-08-02",
      "endTime": "12:00:00",
      "startDate": "2023-08-02",
      "startTime": "08:00:00"
    },
    {
      "@id": "https://data.datatourisme.fr/6ba5a2cb-4768-33f7-bf2f-c16c2317ed8d",
      "@type": [
        "Period",
        "RecurrentPeriod"
      ],
      "appliesOnDay": [
        {
          "@id": "schema:Wednesday",
          "@type": [
            "schema:DayOfWeek"
          ],
          "rdfs:label": {
            "de": [
              "Mittwoch"
            ],
            "pt": [
              "Quarta-feira"
            ],
            "en": [
              "Wednesday"
            ],
            "it": [
              "Mercoledì"
            ],
            "fr": [
              "Mercredi"
            ],
            "nl": [
              "Woensdag"
            ],
            "es": [
              "Miércoles"
            ]
          }
        }
      ],
      "endDate": "2023-06-28",
      "endTime": "12:00:00",
      "startDate": "2023-06-28",
      "startTime": "08:00:00"
    },
    {
      "@id": "https://data.datatourisme.fr/73732b31-84d1-35a5-8a05-82377c5a7788",
      "@type": [
        "Period",
        "RecurrentPeriod"
      ],
      "appliesOnDay": [
        {
          "@id": "schema:Wednesday",
          "@type": [
            "schema:DayOfWeek"
          ],
          "rdfs:label": {
            "de": [
              "Mittwoch"
            ],
            "pt": [
              "Quarta-feira"
            ],
            "en": [
              "Wednesday"
            ],
            "it": [
              "Mercoledì"
            ],
            "fr": [
              "Mercredi"
            ],
            "nl": [
              "Woensdag"
            ],
            "es": [
              "Miércoles"
            ]
          }
        }
      ],
      "endDate": "2023-11-29",
      "endTime": "12:00:00",
      "startDate": "2023-11-29",
      "startTime": "08:00:00"
    },
    {
      "@id": "https://data.datatourisme.fr/77b5af8a-8328-328c-b7a6-0f6645389981",
      "@type": [
        "Period",
        "RecurrentPeriod"
      ],
      "appliesOnDay": [
        {
          "@id": "schema:Wednesday",
          "@type": [
            "schema:DayOfWeek"
          ],
          "rdfs:label": {
            "de": [
              "Mittwoch"
            ],
            "pt": [
              "Quarta-feira"
            ],
            "en": [
              "Wednesday"
            ],
            "it": [
              "Mercoledì"
            ],
            "fr": [
              "Mercredi"
            ],
            "nl": [
              "Woensdag"
            ],
            "es": [
              "Miércoles"
            ]
          }
        }
      ],
      "endDate": "2023-11-15",
      "endTime": "12:00:00",
      "startDate": "2023-11-15",
      "startTime": "08:00:00"
    },
    {
      "@id": "https://data.datatourisme.fr/7a1d2512-de71-34f9-8a38-c98ac59e2a3f",
      "@type": [
        "Period",
        "RecurrentPeriod"
      ],
      "appliesOnDay": [
        {
          "@id": "schema:Wednesday",
          "@type": [
            "schema:DayOfWeek"
          ],
          "rdfs:label": {
            "de": [
              "Mittwoch"
            ],
            "pt": [
              "Quarta-feira"
            ],
            "en": [
              "Wednesday"
            ],
            "it": [
              "Mercoledì"
            ],
            "fr": [
              "Mercredi"
            ],
            "nl": [
              "Woensdag"
            ],
            "es": [
              "Miércoles"
            ]
          }
        }
      ],
      "endDate": "2023-12-06",
      "endTime": "12:00:00",
      "startDate": "2023-12-06",
      "startTime": "08:00:00"
    },
    {
      "@id": "https://data.datatourisme.fr/87c937a1-e1ab-3fab-a435-3ee2486df3c0",
      "@type": [
        "Period",
        "RecurrentPeriod"
      ],
      "appliesOnDay": [
        {
          "@id": "schema:Wednesday",
          "@type": [
            "schema:DayOfWeek"
          ],
          "rdfs:label": {
            "de": [
              "Mittwoch"
            ],
            "pt": [
              "Quarta-feira"
            ],
            "en": [
              "Wednesday"
            ],
            "it": [
              "Mercoledì"
            ],
            "fr": [
              "Mercredi"
            ],
            "nl": [
              "Woensdag"
            ],
            "es": [
              "Miércoles"
            ]
          }
        }
      ],
      "endDate": "2023-09-27",
      "endTime": "12:00:00",
      "startDate": "2023-09-27",
      "startTime": "08:00:00"
    },
    {
      "@id": "https://data.datatourisme.fr/89d38b2a-604e-3974-8aa4-c82df16954c1",
      "@type": [
        "Period",
        "RecurrentPeriod"
      ],
      "appliesOnDay": [
        {
          "@id": "schema:Wednesday",
          "@type": [
            "schema:DayOfWeek"
          ],
          "rdfs:label": {
            "de": [
              "Mittwoch"
            ],
            "pt": [
              "Quarta-feira"
            ],
            "en": [
              "Wednesday"
            ],
            "it": [
              "Mercoledì"
            ],
            "fr": [
              "Mercredi"
            ],
            "nl": [
              "Woensdag"
            ],
            "es": [
              "Miércoles"
            ]
          }
        }
      ],
      "endDate": "2023-07-12",
      "endTime": "12:00:00",
      "startDate": "2023-07-12",
      "startTime": "08:00:00"
    },
    {
      "@id": "https://data.datatourisme.fr/8cc5cc96-fce0-30b1-9b45-1cf5f71079f6",
      "@type": [
        "Period",
        "RecurrentPeriod"
      ],
      "appliesOnDay": [
        {
          "@id": "schema:Wednesday",
          "@type": [
            "schema:DayOfWeek"
          ],
          "rdfs:label": {
            "de": [
              "Mittwoch"
            ],
            "pt": [
              "Quarta-feira"
            ],
            "en": [
              "Wednesday"
            ],
            "it": [
              "Mercoledì"
            ],
            "fr": [
              "Mercredi"
            ],
            "nl": [
              "Woensdag"
            ],
            "es": [
              "Miércoles"
            ]
          }
        }
      ],
      "endDate": "2023-09-13",
      "endTime": "12:00:00",
      "startDate": "2023-09-13",
      "startTime": "08:00:00"
    },
    {
      "@id": "https://data.datatourisme.fr/99e23d7a-eacf-3d7c-92eb-719c474076c1",
      "@type": [
        "Period",
        "RecurrentPeriod"
      ],
      "appliesOnDay": [
        {
          "@id": "schema:Wednesday",
          "@type": [
            "schema:DayOfWeek"
          ],
          "rdfs:label": {
            "de": [
              "Mittwoch"
            ],
            "pt": [
              "Quarta-feira"
            ],
            "en": [
              "Wednesday"
            ],
            "it": [
              "Mercoledì"
            ],
            "fr": [
              "Mercredi"
            ],
            "nl": [
              "Woensdag"
            ],
            "es": [
              "Miércoles"
            ]
          }
        }
      ],
      "endDate": "2023-10-25",
      "endTime": "12:00:00",
      "startDate": "2023-10-25",
      "startTime": "08:00:00"
    },
    {
      "@id": "https://data.datatourisme.fr/9eab55a9-3149-3843-886b-b1027b665483",
      "@type": [
        "Period",
        "RecurrentPeriod"
      ],
      "appliesOnDay": [
        {
          "@id": "schema:Wednesday",
          "@type": [
            "schema:DayOfWeek"
          ],
          "rdfs:label": {
            "de": [
              "Mittwoch"
            ],
            "pt": [
              "Quarta-feira"
            ],
            "en": [
              "Wednesday"
            ],
            "it": [
              "Mercoledì"
            ],
            "fr": [
              "Mercredi"
            ],
            "nl": [
              "Woensdag"
            ],
            "es": [
              "Miércoles"
            ]
          }
        }
      ],
      "endDate": "2023-12-20",
      "endTime": "12:00:00",
      "startDate": "2023-12-20",
      "startTime": "08:00:00"
    },
    {
      "@id": "https://data.datatourisme.fr/9f20b338-41a3-3afb-8642-37f0476e8665",
      "@type": [
        "Period",
        "RecurrentPeriod"
      ],
      "appliesOnDay": [
        {
          "@id": "schema:Wednesday",
          "@type": [
            "schema:DayOfWeek"
          ],
          "rdfs:label": {
            "de": [
              "Mittwoch"
            ],
            "pt": [
              "Quarta-feira"
            ],
            "en": [
              "Wednesday"
            ],
            "it": [
              "Mercoledì"
            ],
            "fr": [
              "Mercredi"
            ],
            "nl": [
              "Woensdag"
            ],
            "es": [
              "Miércoles"
            ]
          }
        }
      ],
      "endDate": "2023-07-05",
      "endTime": "12:00:00",
      "startDate": "2023-07-05",
      "startTime": "08:00:00"
    },
    {
      "@id": "https://data.datatourisme.fr/c5baedf0-e292-321a-a118-4ab6a6b4d3cb",
      "@type": [
        "Period",
        "RecurrentPeriod"
      ],
      "appliesOnDay": [
        {
          "@id": "schema:Wednesday",
          "@type": [
            "schema:DayOfWeek"
          ],
          "rdfs:label": {
            "de": [
              "Mittwoch"
            ],
            "pt": [
              "Quarta-feira"
            ],
            "en": [
              "Wednesday"
            ],
            "it": [
              "Mercoledì"
            ],
            "fr": [
              "Mercredi"
            ],
            "nl": [
              "Woensdag"
            ],
            "es": [
              "Miércoles"
            ]
          }
        }
      ],
      "endDate": "2023-12-27",
      "endTime": "12:00:00",
      "startDate": "2023-12-27",
      "startTime": "08:00:00"
    },
    {
      "@id": "https://data.datatourisme.fr/d1f2f341-dba8-3877-8423-f2ec71dd3a90",
      "@type": [
        "Period",
        "RecurrentPeriod"
      ],
      "appliesOnDay": [
        {
          "@id": "schema:Wednesday",
          "@type": [
            "schema:DayOfWeek"
          ],
          "rdfs:label": {
            "de": [
              "Mittwoch"
            ],
            "pt": [
              "Quarta-feira"
            ],
            "en": [
              "Wednesday"
            ],
            "it": [
              "Mercoledì"
            ],
            "fr": [
              "Mercredi"
            ],
            "nl": [
              "Woensdag"
            ],
            "es": [
              "Miércoles"
            ]
          }
        }
      ],
      "endDate": "2023-10-18",
      "endTime": "12:00:00",
      "startDate": "2023-10-18",
      "startTime": "08:00:00"
    },
    {
      "@id": "https://data.datatourisme.fr/e22b1550-6c41-31c1-943f-609a7ffe68fa",
      "@type": [
        "Period",
        "RecurrentPeriod"
      ],
      "appliesOnDay": [
        {
          "@id": "schema:Wednesday",
          "@type": [
            "schema:DayOfWeek"
          ],
          "rdfs:label": {
            "de": [
              "Mittwoch"
            ],
            "pt": [
              "Quarta-feira"
            ],
            "en": [
              "Wednesday"
            ],
            "it": [
              "Mercoledì"
            ],
            "fr": [
              "Mercredi"
            ],
            "nl": [
              "Woensdag"
            ],
            "es": [
              "Miércoles"
            ]
          }
        }
      ],
      "endDate": "2023-10-11",
      "endTime": "12:00:00",
      "startDate": "2023-10-11",
      "startTime": "08:00:00"
    }
  ]
}