{
  "@id": "https://data.datatourisme.fr/13/786b3b3f-4547-3192-b622-acdfe1fb20f9",
  "dc:identifier": "4776338",
  "@type": [
    "schema:FoodEstablishment",
    "FoodEstablishment",
    "PlaceOfInterest",
    "PointOfInterest"
  ],
  "rdfs:comment": {
    "de": [
      "Japanisches Restaurant und Catering vor Ort, zum Mitnehmen oder Liefern.\r\n7 Tage die Woche von 11:00 bis 14:30 Uhr und von 18:00 bis 22:00 Uhr geöffnet.\r\nmittwochs und sonntags von 9:00 bis 14:00 Uhr. Sonntagabend geschlossen.\r\n(kostenlose Lieferung ab 20€ in La Crau und La Moutonne)."
    ],
    "en": [
      "Japanese restaurant and caterer on site, to take away or to deliver.\r\nopen 7 days a week from 11am to 2.30pm and from 6pm to 10pm.\r\nwednesdays and Sundays from 9am to 2pm. Closed on Sunday evening.\r\n(free delivery from 20€ on La Crau and La Moutonne)."
    ],
    "it": [
      "Ristorante giapponese e catering in loco, da asporto o a domicilio.\r\naperto 7 giorni su 7 dalle 11.00 alle 14.30 e dalle 18.00 alle 22.00.\r\nmercoledì e domenica dalle 9:00 alle 14:00. Chiuso la domenica sera.\r\n(consegna gratuita a partire dal 20? su La Crau e La Moutonne)."
    ],
    "fr": [
      "Restaurant japonais et traiteur sur place, emporter ou à livrer.\r\nouvert 7j/7 de 11h à 14h30 et de 18h à 22h.\r\nle mercredi et le dimanche de 9h à 14h. Fermé le dimanche soir.\r\n(livraison gratuite à partir de 20€ sur La Crau et La Moutonne)."
    ],
    "es": [
      "Restaurante japonés y servicio de catering in situ, para llevar o entregar.\r\nabierto los 7 días de la semana de 11 a 14.30 y de 18 a 22 horas.\r\nmiércoles y domingo de 9 a 14 horas. Cerrado el domingo por la noche.\r\n(entrega gratuita a partir del 20? en La Crau y La Moutonne)."
    ],
    "nl": [
      "Japans restaurant en traiteur ter plaatse, om mee te nemen of te bezorgen.\r\n7 dagen per week geopend van 11.00 tot 14.30 uur en van 18.00 tot 22.00 uur.\r\nwoensdag en zondag van 9 tot 14 uur. Gesloten op zondagavond.\r\n(gratis levering vanaf 20€ op La Crau en La Moutonne)."
    ]
  },
  "rdfs:label": {
    "fr": [
      "Me & You Sushi"
    ]
  },
  "hasBeenCreatedBy": {
    "@id": "https://data.datatourisme.fr/13/d63fbf8c-3173-330f-82b1-50c5ef38b8ff",
    "dc:identifier": "1534",
    "schema:email": [
      "agenda@toulontourisme.com",
      "communication@tourisme-ouestvar.com",
      "j.valentini@toulontourisme.com",
      "jveyssade@hyeres-tourisme.com",
      "msarnette@hyeres-tourisme.com",
      "presse@toulontourisme.com",
      "web@tourisme-ouestvar.com"
    ],
    "schema:legalName": "Office de Tourisme Provence Méditerranée",
    "@type": [
      "schema:Organization",
      "foaf:Agent",
      "Agent"
    ]
  },
  "hasBeenPublishedBy": [
    {
      "@id": "https://data.datatourisme.fr/8a9feb4b-2cbd-3d2c-b507-bd6c6776b23b",
      "schema:legalName": "Apidae Tourisme Scic SA - source : Apidae Tourisme",
      "@type": [
        "schema:Organization",
        "foaf:Agent",
        "Agent"
      ],
      "foaf:homepage": [
        "https://www.apidae-tourisme.com/"
      ]
    }
  ],
  "hasContact": [
    {
      "@id": "https://data.datatourisme.fr/12b889e8-6bba-3ed7-b287-a7b166f802d3",
      "schema:email": [
        "meandyousushi@laposte.net"
      ],
      "schema:telephone": [
        "+33 4 94 12 01 70",
        "+33 7 69 45 43 53"
      ],
      "@type": [
        "foaf:Agent",
        "Agent"
      ]
    }
  ],
  "hasDescription": [
    {
      "@id": "https://data.datatourisme.fr/624f043d-d275-3103-828d-79a1dffc6991",
      "@type": [
        "Description"
      ],
      "hasTranslatedProperty": [
        {
          "@id": "https://data.datatourisme.fr/0906aabb-a53a-3b1a-95de-9fe5307b850a",
          "dc:contributor": [
            "https://api.deepl.com/v2/translate"
          ],
          "rdf:language": [
            "es"
          ],
          "rdf:predicate": [
            "shortDescription"
          ]
        },
        {
          "@id": "https://data.datatourisme.fr/313c418b-43fc-37d9-ba40-156cc2a0ad61",
          "dc:contributor": [
            "https://api.deepl.com/v2/translate"
          ],
          "rdf:language": [
            "it"
          ],
          "rdf:predicate": [
            "shortDescription"
          ]
        },
        {
          "@id": "https://data.datatourisme.fr/69c9dbcd-4a8d-3ef6-8033-c388f7db4ee6",
          "dc:contributor": [
            "https://api.deepl.com/v2/translate"
          ],
          "rdf:language": [
            "en"
          ],
          "rdf:predicate": [
            "shortDescription"
          ]
        },
        {
          "@id": "https://data.datatourisme.fr/9bc877ce-e4f3-3673-893c-50621fae1995",
          "dc:contributor": [
            "https://api.deepl.com/v2/translate"
          ],
          "rdf:language": [
            "nl"
          ],
          "rdf:predicate": [
            "shortDescription"
          ]
        },
        {
          "@id": "https://data.datatourisme.fr/9cca9702-58b2-30cc-a5f3-2e002f51694e",
          "dc:contributor": [
            "https://api.deepl.com/v2/translate"
          ],
          "rdf:language": [
            "de"
          ],
          "rdf:predicate": [
            "shortDescription"
          ]
        }
      ],
      "shortDescription": {
        "de": [
          "Japanisches Restaurant und Catering vor Ort, zum Mitnehmen oder Liefern.\r\n7 Tage die Woche von 11:00 bis 14:30 Uhr und von 18:00 bis 22:00 Uhr geöffnet.\r\nmittwochs und sonntags von 9:00 bis 14:00 Uhr. Sonntagabend geschlossen.\r\n(kostenlose Lieferung ab 20€ in La Crau und La Moutonne)."
        ],
        "en": [
          "Japanese restaurant and caterer on site, to take away or to deliver.\r\nopen 7 days a week from 11am to 2.30pm and from 6pm to 10pm.\r\nwednesdays and Sundays from 9am to 2pm. Closed on Sunday evening.\r\n(free delivery from 20€ on La Crau and La Moutonne)."
        ],
        "it": [
          "Ristorante giapponese e catering in loco, da asporto o a domicilio.\r\naperto 7 giorni su 7 dalle 11.00 alle 14.30 e dalle 18.00 alle 22.00.\r\nmercoledì e domenica dalle 9:00 alle 14:00. Chiuso la domenica sera.\r\n(consegna gratuita a partire dal 20? su La Crau e La Moutonne)."
        ],
        "fr": [
          "Restaurant japonais et traiteur sur place, emporter ou à livrer.\r\nouvert 7j/7 de 11h à 14h30 et de 18h à 22h.\r\nle mercredi et le dimanche de 9h à 14h. Fermé le dimanche soir.\r\n(livraison gratuite à partir de 20€ sur La Crau et La Moutonne)."
        ],
        "es": [
          "Restaurante japonés y servicio de catering in situ, para llevar o entregar.\r\nabierto los 7 días de la semana de 11 a 14.30 y de 18 a 22 horas.\r\nmiércoles y domingo de 9 a 14 horas. Cerrado el domingo por la noche.\r\n(entrega gratuita a partir del 20? en La Crau y La Moutonne)."
        ],
        "nl": [
          "Japans restaurant en traiteur ter plaatse, om mee te nemen of te bezorgen.\r\n7 dagen per week geopend van 11.00 tot 14.30 uur en van 18.00 tot 22.00 uur.\r\nwoensdag en zondag van 9 tot 14 uur. Gesloten op zondagavond.\r\n(gratis levering vanaf 20€ op La Crau en La Moutonne)."
        ]
      }
    }
  ],
  "hasTranslatedProperty": [
    {
      "@id": "https://data.datatourisme.fr/14b40670-fef0-3848-9243-962a81de72b3",
      "dc:contributor": [
        "https://api.deepl.com/v2/translate"
      ],
      "rdf:language": [
        "de"
      ],
      "rdf:predicate": [
        {
          "@id": "rdfs:comment"
        }
      ]
    },
    {
      "@id": "https://data.datatourisme.fr/1fda70b4-aed0-380d-9ba4-57334213f639",
      "dc:contributor": [
        "https://api.deepl.com/v2/translate"
      ],
      "rdf:language": [
        "es"
      ],
      "rdf:predicate": [
        {
          "@id": "rdfs:comment"
        }
      ]
    },
    {
      "@id": "https://data.datatourisme.fr/20e9b2f1-3e41-3766-b0ca-bb470330a1c4",
      "dc:contributor": [
        "https://api.deepl.com/v2/translate"
      ],
      "rdf:language": [
        "it"
      ],
      "rdf:predicate": [
        {
          "@id": "rdfs:comment"
        }
      ]
    },
    {
      "@id": "https://data.datatourisme.fr/6f249f55-fd23-35be-8443-269dbd8321aa",
      "dc:contributor": [
        "https://api.deepl.com/v2/translate"
      ],
      "rdf:language": [
        "nl"
      ],
      "rdf:predicate": [
        {
          "@id": "rdfs:comment"
        }
      ]
    },
    {
      "@id": "https://data.datatourisme.fr/82e4b42a-7bb0-31e5-af14-69fb8dedfcf8",
      "dc:contributor": [
        "https://api.deepl.com/v2/translate"
      ],
      "rdf:language": [
        "en"
      ],
      "rdf:predicate": [
        {
          "@id": "rdfs:comment"
        }
      ]
    }
  ],
  "isLocatedAt": [
    {
      "@id": "https://data.datatourisme.fr/180e1939-60de-3536-b026-11255e6d589f",
      "schema:address": [
        {
          "@id": "https://data.datatourisme.fr/3aa191a2-4706-37bb-8550-1d23a628dfca",
          "schema:addressLocality": "La Crau",
          "schema:postalCode": "83260",
          "schema:streetAddress": [
            "2 avenue de la libération"
          ],
          "@type": [
            "schema:PostalAddress",
            "PostalAddress"
          ],
          "hasAddressCity": {
            "@id": "kb:83047",
            "@type": [
              "City"
            ],
            "rdfs:label": {
              "de": [
                "La Crau"
              ],
              "pt": [
                "La Crau"
              ],
              "en": [
                "La Crau"
              ],
              "it": [
                "La Crau"
              ],
              "fr": [
                "La Crau"
              ],
              "nl": [
                "La Crau"
              ],
              "es": [
                "La Crau"
              ]
            },
            "insee": "83047",
            "isPartOfDepartment": {
              "@id": "kb:France9383",
              "@type": [
                "Department"
              ],
              "rdfs:label": {
                "de": [
                  "Var"
                ],
                "pt": [
                  "Var"
                ],
                "en": [
                  "Var"
                ],
                "it": [
                  "Var"
                ],
                "fr": [
                  "Var"
                ],
                "nl": [
                  "Var"
                ],
                "es": [
                  "Var"
                ]
              },
              "insee": "83",
              "isPartOfRegion": {
                "@id": "kb:France93",
                "@type": [
                  "Region"
                ],
                "rdfs:label": {
                  "de": [
                    "Provence-Alpes-Côte d'Azur"
                  ],
                  "pt": [
                    "Provence-Alpes-Côte d'Azur"
                  ],
                  "en": [
                    "Provence-Alpes-Côte d'Azur"
                  ],
                  "it": [
                    "Provence-Alpes-Côte d'Azur"
                  ],
                  "fr": [
                    "Provence-Alpes-Côte d'Azur"
                  ],
                  "nl": [
                    "Provence-Alpes-Côte d'Azur"
                  ],
                  "es": [
                    "Provence-Alpes-Côte d'Azur"
                  ]
                },
                "insee": "93",
                "isPartOfCountry": {
                  "@id": "kb:France",
                  "@type": [
                    "schema:Country"
                  ],
                  "rdfs:label": {
                    "de": [
                      "France",
                      "Frankreich"
                    ],
                    "pt": [
                      "França",
                      "France"
                    ],
                    "en": [
                      "France"
                    ],
                    "it": [
                      "France",
                      "Francia"
                    ],
                    "fr": [
                      "France"
                    ],
                    "nl": [
                      "France",
                      "Frankrijk"
                    ],
                    "es": [
                      "France",
                      "Francia"
                    ]
                  }
                }
              }
            }
          }
        }
      ],
      "schema:geo": {
        "@id": "https://data.datatourisme.fr/6ae027ce-40f7-3dc4-b2c0-91e3c6e5c899",
        "schema:latitude": "43.149623",
        "schema:longitude": "6.0741",
        "@type": [
          "schema:GeoCoordinates"
        ]
      },
      "schema:openingHoursSpecification": [
        {
          "@id": "https://data.datatourisme.fr/d63cd919-a03f-39e9-833a-58a606bbc9e4",
          "schema:closes": "22:00:00",
          "schema:opens": "11:00:00",
          "schema:validFrom": "2023-01-01T00:00:00",
          "schema:validThrough": "2023-12-31T23:59:59",
          "@type": [
            "schema:OpeningHoursSpecification"
          ],
          "additionalInformation": {
            "de": [
              "Montag bis Sonntag von 11:00 bis 14:30 Uhr und von 18:00 bis 22:00 Uhr.                                                                   \r\nMittwoch ganztägig und Sonntagvormittag geschlossen"
            ],
            "en": [
              "Monday to Sunday from 11am to 2.30pm and from 6pm to 10pm.                                                                   \r\nClosed on Wednesday all day and Sunday morning"
            ],
            "it": [
              "Dal lunedì alla domenica dalle 11.00 alle 14.30 e dalle 18.00 alle 22.00.                                                                   \r\nChiuso il mercoledì tutto il giorno e la domenica mattina"
            ],
            "fr": [
              "Du Lundi au Dimanche de 11h à 14h30 et de 18h à 22h.                                                                   \r\nFermé le Mercredi toute la journée et Dimanche matin"
            ],
            "nl": [
              "Maandag t/m zondag van 11.00 tot 14.30 uur en van 18.00 tot 22.00 uur.                                                                   \r\nGesloten op woensdag de hele dag en zondagochtend"
            ],
            "es": [
              "De lunes a domingo, de 11:00 a 14:30 y de 18:00 a 22:00.                                                                   \r\nCerrado el miércoles todo el día y el domingo por la mañana"
            ]
          },
          "hasTranslatedProperty": [
            {
              "@id": "https://data.datatourisme.fr/513ec660-9429-33c0-bd19-c8d6e9cbaf6a",
              "dc:contributor": [
                "https://api.deepl.com/v2/translate"
              ],
              "rdf:language": [
                "it"
              ],
              "rdf:predicate": [
                "additionalInformation"
              ]
            },
            {
              "@id": "https://data.datatourisme.fr/b1d18a83-6427-3027-9aa1-41dd3c5c1f85",
              "dc:contributor": [
                "https://api.deepl.com/v2/translate"
              ],
              "rdf:language": [
                "en"
              ],
              "rdf:predicate": [
                "additionalInformation"
              ]
            },
            {
              "@id": "https://data.datatourisme.fr/c04631a3-06a1-399d-911e-06e72d3134ab",
              "dc:contributor": [
                "https://api.deepl.com/v2/translate"
              ],
              "rdf:language": [
                "nl"
              ],
              "rdf:predicate": [
                "additionalInformation"
              ]
            },
            {
              "@id": "https://data.datatourisme.fr/e603792e-0ed8-3275-9c11-b5e3e4230fbf",
              "dc:contributor": [
                "https://api.deepl.com/v2/translate"
              ],
              "rdf:language": [
                "es"
              ],
              "rdf:predicate": [
                "additionalInformation"
              ]
            },
            {
              "@id": "https://data.datatourisme.fr/e69aaa8a-0605-3bb9-b513-959d3956f80e",
              "dc:contributor": [
                "https://api.deepl.com/v2/translate"
              ],
              "rdf:language": [
                "de"
              ],
              "rdf:predicate": [
                "additionalInformation"
              ]
            }
          ]
        }
      ],
      "@type": [
        "schema:Place",
        "Place"
      ]
    }
  ],
  "isOwnedBy": [
    {
      "@id": "https://data.datatourisme.fr/bd8d47d5-3c9d-330a-9c56-b57f48218985",
      "schema:email": [
        "agenda@toulontourisme.com",
        "communication@tourisme-ouestvar.com",
        "j.valentini@toulontourisme.com",
        "jveyssade@hyeres-tourisme.com",
        "msarnette@hyeres-tourisme.com",
        "presse@toulontourisme.com",
        "web@tourisme-ouestvar.com"
      ],
      "schema:legalName": "Office de Tourisme Provence Méditerranée",
      "@type": [
        "schema:Organization",
        "foaf:Agent",
        "Agent"
      ]
    }
  ],
  "lastUpdate": "2023-01-20",
  "lastUpdateDatatourisme": "2023-02-01T18:07:36.082Z"
}