{
  "@id": "https://data.datatourisme.fr/13/766b615e-f032-34a5-93ac-eff149020624",
  "dc:identifier": "258864",
  "@type": [
    "schema:LocalBusiness",
    "PlaceOfInterest",
    "PointOfInterest",
    "Store"
  ],
  "rdfs:comment": {
    "de": [
      "Willkommen in unserem Skimium-Geschäft. Es befindet sich in der Nähe von Chamonix Sud und nur 2 Schritte von der Seilbahn Aiguille du Midi und dem Zentrum von Chamonix entfernt."
    ],
    "en": [
      "Welcome to our Skimium store. Located near Chamonix South and 2 steps from the Aiguille du Midi cable car and the center of Chamonix."
    ],
    "it": [
      "Benvenuti nel nostro negozio Skimium. Situato vicino a Chamonix Sud e a pochi passi dalla funivia dell'Aiguille du Midi e dal centro di Chamonix."
    ],
    "fr": [
      "Bienvenue dans notre magasin Skimium. Situé à proximité de Chamonix Sud et à 2 pas du téléphérique de l'Aiguille du Midi et du centre de Chamonix."
    ],
    "nl": [
      "Welkom in onze Skimium winkel. Gelegen nabij Chamonix Zuid en op korte loopafstand van de Aiguille du Midi kabelbaan en het centrum van Chamonix."
    ],
    "es": [
      "Bienvenido a nuestra tienda Skimium. Situado cerca de Chamonix Sur y a un paso del teleférico de Aiguille du Midi y del centro de Chamonix."
    ]
  },
  "rdfs:label": {
    "de": [
      "Skimium"
    ],
    "en": [
      "Skimium"
    ],
    "it": [
      "Skimium"
    ],
    "fr": [
      "Skimium Aiguille du Midi"
    ],
    "nl": [
      "Skimium"
    ],
    "es": [
      "Skimium"
    ]
  },
  "hasBeenCreatedBy": {
    "@id": "https://data.datatourisme.fr/13/d6baf65e-0b24-3ce1-b7cf-70da146c8dc8",
    "dc:identifier": "264",
    "schema:email": [
      "alex@chamonix.com",
      "editions@chamonix.com",
      "fabien.bravard@chamonix.com",
      "info@chamonix.com",
      "info@vallorcine.com",
      "lauriane@chamonix.com",
      "otleshouches@chamonix.com",
      "responsable.animation@chamonix.com",
      "web@chamonix.com"
    ],
    "schema:legalName": "Office de Tourisme de la Vallée de Chamonix-Mont-Blanc",
    "@type": [
      "schema:Organization",
      "foaf:Agent",
      "Agent"
    ],
    "foaf:homepage": [
      "https://www.chamonix.com/"
    ]
  },
  "hasBeenPublishedBy": [
    {
      "@id": "https://data.datatourisme.fr/cc4c3196-31ef-37be-8b25-247f56bb0e31",
      "schema:legalName": "Office de Tourisme de la Vallée de Chamonix-Mont-Blanc - source : Apidae Tourisme",
      "@type": [
        "schema:Organization",
        "foaf:Agent",
        "Agent"
      ],
      "foaf:homepage": [
        "https://www.apidae-tourisme.com/"
      ]
    }
  ],
  "hasContact": [
    {
      "@id": "https://data.datatourisme.fr/22fa5b72-080d-3d1a-9e36-4f4cbb89ab14",
      "schema:email": [
        "skimium.aiguilledumidi@gmail.com"
      ],
      "schema:telephone": [
        "+33 4 50 93 43 57"
      ],
      "@type": [
        "foaf:Agent",
        "Agent"
      ]
    }
  ],
  "hasDescription": [
    {
      "@id": "https://data.datatourisme.fr/6eb2bfba-3685-3d31-96a4-10b22897977c",
      "@type": [
        "Description"
      ],
      "hasTranslatedProperty": [
        {
          "@id": "https://data.datatourisme.fr/1949b33c-66a8-34a2-affb-444f512e13f0",
          "dc:contributor": [
            "https://api.deepl.com/v2/translate"
          ],
          "rdf:language": [
            "nl"
          ],
          "rdf:predicate": [
            "shortDescription"
          ]
        }
      ],
      "shortDescription": {
        "de": [
          "Willkommen in unserem Skimium-Geschäft. Es befindet sich in der Nähe von Chamonix Sud und nur 2 Schritte von der Seilbahn Aiguille du Midi und dem Zentrum von Chamonix entfernt."
        ],
        "en": [
          "Welcome to our Skimium store. Located near Chamonix South and 2 steps from the Aiguille du Midi cable car and the center of Chamonix."
        ],
        "it": [
          "Benvenuti nel nostro negozio Skimium. Situato vicino a Chamonix Sud e a pochi passi dalla funivia dell'Aiguille du Midi e dal centro di Chamonix."
        ],
        "fr": [
          "Bienvenue dans notre magasin Skimium. Situé à proximité de Chamonix Sud et à 2 pas du téléphérique de l'Aiguille du Midi et du centre de Chamonix."
        ],
        "nl": [
          "Welkom in onze Skimium winkel. Gelegen nabij Chamonix Zuid en op korte loopafstand van de Aiguille du Midi kabelbaan en het centrum van Chamonix."
        ],
        "es": [
          "Bienvenido a nuestra tienda Skimium. Situado cerca de Chamonix Sur y a un paso del teleférico de Aiguille du Midi y del centro de Chamonix."
        ]
      }
    }
  ],
  "hasTranslatedProperty": [
    {
      "@id": "https://data.datatourisme.fr/c0768250-0d79-343d-879c-5edda9084ae5",
      "dc:contributor": [
        "https://api.deepl.com/v2/translate"
      ],
      "rdf:language": [
        "nl"
      ],
      "rdf:predicate": [
        {
          "@id": "rdfs:comment"
        }
      ]
    }
  ],
  "isLocatedAt": [
    {
      "@id": "https://data.datatourisme.fr/33a9aa9d-b9e5-382e-8105-d6ec760f4779",
      "schema:address": [
        {
          "@id": "https://data.datatourisme.fr/0979bbaa-5398-34ae-b8fc-6e3f0ebfe8e5",
          "schema:addressLocality": "Chamonix-Mont-Blanc",
          "schema:postalCode": "74400",
          "schema:streetAddress": [
            "80 av Aiguille du Midi"
          ],
          "@type": [
            "schema:PostalAddress",
            "PostalAddress"
          ],
          "hasAddressCity": {
            "@id": "kb:74056",
            "@type": [
              "City"
            ],
            "rdfs:label": {
              "de": [
                "Chamonix-Mont-Blanc"
              ],
              "pt": [
                "Chamonix-Mont-Blanc"
              ],
              "en": [
                "Chamonix-Mont-Blanc"
              ],
              "it": [
                "Chamonix-Mont-Blanc"
              ],
              "fr": [
                "Chamonix-Mont-Blanc"
              ],
              "nl": [
                "Chamonix-Mont-Blanc"
              ],
              "es": [
                "Chamonix-Mont-Blanc"
              ]
            },
            "insee": "74056",
            "isPartOfDepartment": {
              "@id": "kb:France8474",
              "@type": [
                "Department"
              ],
              "rdfs:label": {
                "de": [
                  "Haute-Savoie"
                ],
                "pt": [
                  "Haute-Savoie"
                ],
                "en": [
                  "Haute-Savoie"
                ],
                "it": [
                  "Haute-Savoie"
                ],
                "fr": [
                  "Haute-Savoie"
                ],
                "nl": [
                  "Haute-Savoie"
                ],
                "es": [
                  "Haute-Savoie"
                ]
              },
              "insee": "74",
              "isPartOfRegion": {
                "@id": "kb:France84",
                "@type": [
                  "Region"
                ],
                "rdfs:label": {
                  "de": [
                    "Auvergne-Rhône-Alpes"
                  ],
                  "pt": [
                    "Auvergne-Rhône-Alpes"
                  ],
                  "en": [
                    "Auvergne-Rhône-Alpes"
                  ],
                  "it": [
                    "Auvergne-Rhône-Alpes"
                  ],
                  "fr": [
                    "Auvergne-Rhône-Alpes"
                  ],
                  "nl": [
                    "Auvergne-Rhône-Alpes"
                  ],
                  "es": [
                    "Auvergne-Rhône-Alpes"
                  ]
                },
                "insee": "84",
                "isPartOfCountry": {
                  "@id": "kb:France",
                  "@type": [
                    "schema:Country"
                  ],
                  "rdfs:label": {
                    "de": [
                      "France",
                      "Frankreich"
                    ],
                    "pt": [
                      "França",
                      "France"
                    ],
                    "en": [
                      "France"
                    ],
                    "it": [
                      "France",
                      "Francia"
                    ],
                    "fr": [
                      "France"
                    ],
                    "nl": [
                      "France",
                      "Frankrijk"
                    ],
                    "es": [
                      "France",
                      "Francia"
                    ]
                  }
                }
              }
            }
          }
        }
      ],
      "schema:geo": {
        "@id": "https://data.datatourisme.fr/3a7402b0-7ee9-3e3d-827c-9474f281382a",
        "schema:latitude": "45.920177",
        "schema:longitude": "6.867612",
        "@type": [
          "schema:GeoCoordinates"
        ]
      },
      "schema:openingHoursSpecification": [
        {
          "@id": "https://data.datatourisme.fr/5e3f5e88-a3f8-386a-8813-20354fdca68e",
          "schema:validFrom": "2023-12-17T00:00:00",
          "schema:validThrough": "2023-04-16T23:59:59",
          "@type": [
            "schema:OpeningHoursSpecification"
          ],
          "additionalInformation": {
            "de": [
              "Außerhalb der Schulferien :\nMontag bis Donnerstag: 8:30 - 13:00 Uhr / 15:30 - 19:00 Uhr. Freitag, Samstag und Sonntag: 8:30 - 19:00 Uhr nonstop\nWährend der Schulferien:\nMontag bis Donnerstag: 8:30 - 13 Uhr / 14 - 19 Uhr Freitag, Samstag und Sonntag: 8:30 - 19 Uhr nonstop."
            ],
            "en": [
              "Out of school vacations:\nMonday to Thursday: 8:30am - 1pm / 3:30pm - 7pm. Friday, Saturday and Sunday 8:30am - 7pm non stop\nDuring school vacations:\nMonday to Thursday: 8:30am - 1pm / 2pm - 7pm Friday, Saturday and Sunday: 8:30am - 7pm non stop."
            ],
            "it": [
              "Al di fuori delle vacanze scolastiche:\nDal lunedì al giovedì: 8.30-13.00 / 15.30-19.00. Venerdì, sabato e domenica 8.30-19.00 non stop\nDurante le vacanze scolastiche:\nDa lunedì a giovedì: 8.30-13.00 / 14.00-19.00 Venerdì, sabato e domenica: 8.30-19.00 senza interruzione."
            ],
            "fr": [
              "Hors vacances scolaires :\nLundi au Jeudi : 8h30 - 13h / 15h30 - 19h. Vendredi, Samedi et Dimanche 8h30 - 19h non stop. \nPendant les Vacances scolaires:\nLundi au Jeudi : 8h30 - 13h / 14h - 19h Vendredi, Samedi et Dimanche: 8h30 - 19h non stop."
            ],
            "es": [
              "Fuera de las vacaciones escolares:\nDe lunes a jueves: 8.30 - 13.00 / 15.30 - 19.00. Viernes, sábado y domingo, de 8.30 a 19.00 horas, sin interrupción\nDurante las vacaciones escolares:\nDe lunes a jueves: de 8.30 a 13.00 h. / de 14.00 a 19.00 h. Viernes, sábado y domingo: de 8.30 a 19.00 h. ininterrumpidamente."
            ],
            "nl": [
              "Buiten de schoolvakanties:\nMaandag t/m donderdag: 8.30 - 13.00 uur / 15.30 - 19.00 uur. Vrijdag, zaterdag en zondag 8.30u - 19u non stop\nTijdens de schoolvakanties:\nMaandag tot donderdag: 8.30 - 13 uur / 14 uur - 19 uur Vrijdag, zaterdag en zondag: 8.30 - 19 uur non stop."
            ]
          },
          "hasTranslatedProperty": [
            {
              "@id": "https://data.datatourisme.fr/3abddfaa-da84-393f-adcf-fe874a72abc8",
              "dc:contributor": [
                "https://api.deepl.com/v2/translate"
              ],
              "rdf:language": [
                "nl"
              ],
              "rdf:predicate": [
                "additionalInformation"
              ]
            },
            {
              "@id": "https://data.datatourisme.fr/7533cd3c-21e1-326d-bf33-d3a6d7bf5b5a",
              "dc:contributor": [
                "https://api.deepl.com/v2/translate"
              ],
              "rdf:language": [
                "en"
              ],
              "rdf:predicate": [
                "additionalInformation"
              ]
            },
            {
              "@id": "https://data.datatourisme.fr/ce55f0b3-84f1-3b8e-8093-e4e90391e058",
              "dc:contributor": [
                "https://api.deepl.com/v2/translate"
              ],
              "rdf:language": [
                "de"
              ],
              "rdf:predicate": [
                "additionalInformation"
              ]
            },
            {
              "@id": "https://data.datatourisme.fr/d121e3cd-56c2-339b-9247-6ab864674501",
              "dc:contributor": [
                "https://api.deepl.com/v2/translate"
              ],
              "rdf:language": [
                "es"
              ],
              "rdf:predicate": [
                "additionalInformation"
              ]
            },
            {
              "@id": "https://data.datatourisme.fr/ff824bcf-3308-30d8-bbd7-ec616be905cd",
              "dc:contributor": [
                "https://api.deepl.com/v2/translate"
              ],
              "rdf:language": [
                "it"
              ],
              "rdf:predicate": [
                "additionalInformation"
              ]
            }
          ]
        }
      ],
      "@type": [
        "schema:Place",
        "Place"
      ]
    }
  ],
  "isOwnedBy": [
    {
      "@id": "https://data.datatourisme.fr/b2b78338-ad04-3791-9161-8eae72e631e4",
      "schema:email": [
        "alex@chamonix.com",
        "editions@chamonix.com",
        "fabien.bravard@chamonix.com",
        "info@chamonix.com",
        "info@vallorcine.com",
        "lauriane@chamonix.com",
        "otleshouches@chamonix.com",
        "responsable.animation@chamonix.com",
        "web@chamonix.com"
      ],
      "schema:legalName": "Office de Tourisme de la Vallée de Chamonix-Mont-Blanc",
      "@type": [
        "schema:Organization",
        "foaf:Agent",
        "Agent"
      ],
      "foaf:homepage": [
        "https://www.chamonix.com/"
      ]
    }
  ],
  "lastUpdate": "2022-10-25",
  "lastUpdateDatatourisme": "2023-02-01T18:07:35.639Z"
}