{
  "@id": "https://data.datatourisme.fr/6/3752b106-feec-3a51-a2c1-9fd3b5a4708c",
  "dc:identifier": "RESBFC000V50OFD4",
  "@type": [
    "schema:FoodEstablishment",
    "schema:Restaurant",
    "FoodEstablishment",
    "PlaceOfInterest",
    "PointOfInterest",
    "Restaurant"
  ],
  "rdfs:comment": {
    "de": [
      "Öffnungszeiten Mittwoch und Donnerstag 18:00-22:00 Uhr, Freitag und Samstag 10:00-Nacht, Sonntag 10:00-22:00 Uhr; Montag und Dienstag geschlossen. ..."
    ],
    "en": [
      "Open Wednesday and Thursday 6-10pm, Friday and Saturday 10am-midnight, Sunday 10am-10pm; closed Monday and Tuesday. Theme meals every weekend."
    ],
    "it": [
      "Aperto mercoledì e giovedì dalle 18 alle 22, venerdì e sabato dalle 10 alle 24, domenica dalle 10 alle 22; chiuso lunedì e martedì. Pasti a tema ogni fine settimana."
    ],
    "fr": [
      "Ouverture mercredi et jeudi 18h-22h, vendredi et samedi 10h-minuit, dimanche 10h-22h ; fermeture lundi et mardi. Repas à thème chaque fin de semaine."
    ],
    "nl": [
      "Geopend op woensdag en donderdag van 18 tot 22 uur, op vrijdag en zaterdag van 10 tot middernacht, op zondag van 10 tot 22 uur; gesloten op maandag en dinsdag. Themamaaltijden elk weekend."
    ],
    "es": [
      "Abierto miércoles y jueves de 18 a 22 horas, viernes y sábado de 10 a 24 horas, domingo de 10 a 22 horas; cerrado lunes y martes. Comidas temáticas cada fin de semana."
    ]
  },
  "rdfs:label": {
    "de": [
      "La Guinguette"
    ],
    "en": [
      "La Guinguette"
    ],
    "fr": [
      "La Guinguette"
    ]
  },
  "availableLanguage": [
    "Anglais",
    "Français"
  ],
  "creationDate": "2021-07-23",
  "hasBeenCreatedBy": {
    "@id": "https://data.datatourisme.fr/6/efe54d13-fd29-3162-9faa-07a84ce36a31",
    "dc:identifier": "930bcbe7-c577-4372-9466-b2131b4ad45b",
    "schema:address": [
      {
        "@id": "https://data.datatourisme.fr/523e1ec2-cc26-3a51-938e-b5e0375f92f7",
        "schema:postalCode": "21500",
        "schema:streetAddress": [
          "Place Henri Vincenot"
        ],
        "@type": [
          "schema:PostalAddress"
        ]
      }
    ],
    "schema:email": [
      "ot.montbard@gmail.com"
    ],
    "schema:legalName": "OT Montbardois | 2*",
    "schema:telephone": [
      "+33 3 80 92 53 81"
    ],
    "@type": [
      "schema:Organization",
      "foaf:Agent",
      "Agent"
    ]
  },
  "hasBeenPublishedBy": [
    {
      "@id": "https://data.datatourisme.fr/ed8f54f8-9a7d-3090-b1d2-e7ab87891e64",
      "schema:email": [
        "m.boularess@bfctourisme.com"
      ],
      "schema:legalName": "Bourgogne-Franche-Comté Tourisme",
      "@type": [
        "schema:Organization",
        "foaf:Agent",
        "Agent"
      ],
      "foaf:homepage": [
        "https://www.bourgognefranchecomte.com/"
      ]
    }
  ],
  "hasBookingContact": [
    {
      "@id": "https://data.datatourisme.fr/eb517331-10c4-3206-9e49-00f1d038b3ce",
      "schema:email": [
        "larotisseriebourguignonne@sfr.fr"
      ],
      "schema:telephone": [
        "+33 6 75 94 66 85"
      ],
      "@type": [
        "foaf:Agent",
        "Agent"
      ]
    }
  ],
  "hasContact": [
    {
      "@id": "https://data.datatourisme.fr/eb517331-10c4-3206-9e49-00f1d038b3ce",
      "schema:email": [
        "larotisseriebourguignonne@sfr.fr"
      ],
      "schema:telephone": [
        "+33 6 75 94 66 85"
      ],
      "@type": [
        "foaf:Agent",
        "Agent"
      ]
    }
  ],
  "hasDescription": [
    {
      "@id": "https://data.datatourisme.fr/e2cde125-2a43-3734-bf68-5560eed50d65",
      "dc:description": {
        "de": [
          "Öffnungszeiten Mittwoch und Donnerstag 18:00-22:00 Uhr, Freitag und Samstag 10:00-Nacht, Sonntag 10:00-22:00 Uhr; Montag und Dienstag geschlossen. Themenessen an jedem Wochenende mit musikalischer Unterhaltung."
        ],
        "en": [
          "Open Wednesday and Thursday 6-10pm, Friday and Saturday 10am-midnight, Sunday 10am-10pm; closed Monday and Tuesday. Theme meals every weekend with musical entertainment."
        ],
        "it": [
          "Aperto mercoledì e giovedì dalle 18 alle 22, venerdì e sabato dalle 10 alle 24, domenica dalle 10 alle 22; chiuso lunedì e martedì. Pasti a tema ogni fine settimana con intrattenimento musicale."
        ],
        "fr": [
          "Ouverture mercredi et jeudi 18h-22h, vendredi et samedi 10h-minuit, dimanche 10h-22h ; fermeture lundi et mardi. Repas à thème chaque fin de semaine avec animation musicale."
        ],
        "nl": [
          "Geopend op woensdag en donderdag van 18 tot 22 uur, op vrijdag en zaterdag van 10 tot middernacht, op zondag van 10 tot 22 uur; gesloten op maandag en dinsdag. Elk weekend themamaaltijden met muzikale omlijsting."
        ],
        "es": [
          "Abierto miércoles y jueves de 18 a 22 horas, viernes y sábado de 10 a 24 horas, domingo de 10 a 22 horas; cerrado lunes y martes. Comidas temáticas cada fin de semana con animación musical."
        ]
      },
      "@type": [
        "Description"
      ],
      "hasTranslatedProperty": [
        {
          "@id": "https://data.datatourisme.fr/39ea305a-eccb-3ba1-a639-2abf675f4315",
          "dc:contributor": [
            "https://api.deepl.com/v2/translate"
          ],
          "rdf:language": [
            "es"
          ],
          "rdf:predicate": [
            "shortDescription"
          ]
        },
        {
          "@id": "https://data.datatourisme.fr/64083b80-fa01-35cd-b5ca-3698c69ca4eb",
          "dc:contributor": [
            "https://api.deepl.com/v2/translate"
          ],
          "rdf:language": [
            "nl"
          ],
          "rdf:predicate": [
            "shortDescription"
          ]
        },
        {
          "@id": "https://data.datatourisme.fr/6dc3eec0-cce7-33f5-9a9e-31705743eb8b",
          "dc:contributor": [
            "https://api.deepl.com/v2/translate"
          ],
          "rdf:language": [
            "nl"
          ],
          "rdf:predicate": [
            {
              "@id": "dc:description"
            }
          ]
        },
        {
          "@id": "https://data.datatourisme.fr/79b78d8f-fd27-3dae-ab7c-8e85ee90024a",
          "dc:contributor": [
            "https://api.deepl.com/v2/translate"
          ],
          "rdf:language": [
            "it"
          ],
          "rdf:predicate": [
            {
              "@id": "dc:description"
            }
          ]
        },
        {
          "@id": "https://data.datatourisme.fr/c94e8152-2b50-3af1-92a2-a4cb21905cee",
          "dc:contributor": [
            "https://api.deepl.com/v2/translate"
          ],
          "rdf:language": [
            "es"
          ],
          "rdf:predicate": [
            {
              "@id": "dc:description"
            }
          ]
        },
        {
          "@id": "https://data.datatourisme.fr/d8d4d07b-bcfc-31ee-85bc-3e0b5543c3b6",
          "dc:contributor": [
            "https://api.deepl.com/v2/translate"
          ],
          "rdf:language": [
            "it"
          ],
          "rdf:predicate": [
            "shortDescription"
          ]
        }
      ],
      "shortDescription": {
        "de": [
          "Öffnungszeiten Mittwoch und Donnerstag 18:00-22:00 Uhr, Freitag und Samstag 10:00-Nacht, Sonntag 10:00-22:00 Uhr; Montag und Dienstag geschlossen. ..."
        ],
        "en": [
          "Open Wednesday and Thursday 6-10pm, Friday and Saturday 10am-midnight, Sunday 10am-10pm; closed Monday and Tuesday. Theme meals every weekend."
        ],
        "it": [
          "Aperto mercoledì e giovedì dalle 18 alle 22, venerdì e sabato dalle 10 alle 24, domenica dalle 10 alle 22; chiuso lunedì e martedì. Pasti a tema ogni fine settimana."
        ],
        "fr": [
          "Ouverture mercredi et jeudi 18h-22h, vendredi et samedi 10h-minuit, dimanche 10h-22h ; fermeture lundi et mardi. Repas à thème chaque fin de semaine."
        ],
        "nl": [
          "Geopend op woensdag en donderdag van 18 tot 22 uur, op vrijdag en zaterdag van 10 tot middernacht, op zondag van 10 tot 22 uur; gesloten op maandag en dinsdag. Themamaaltijden elk weekend."
        ],
        "es": [
          "Abierto miércoles y jueves de 18 a 22 horas, viernes y sábado de 10 a 24 horas, domingo de 10 a 22 horas; cerrado lunes y martes. Comidas temáticas cada fin de semana."
        ]
      }
    }
  ],
  "hasTranslatedProperty": [
    {
      "@id": "https://data.datatourisme.fr/7cf17fc4-fcd1-37ab-b3d1-a8f12cf948e8",
      "dc:contributor": [
        "https://api.deepl.com/v2/translate"
      ],
      "rdf:language": [
        "es"
      ],
      "rdf:predicate": [
        {
          "@id": "rdfs:comment"
        }
      ]
    },
    {
      "@id": "https://data.datatourisme.fr/b785c5f8-c440-387b-84a3-c1800c0f34dd",
      "dc:contributor": [
        "https://api.deepl.com/v2/translate"
      ],
      "rdf:language": [
        "it"
      ],
      "rdf:predicate": [
        {
          "@id": "rdfs:comment"
        }
      ]
    },
    {
      "@id": "https://data.datatourisme.fr/d71cba9e-8450-3d78-97e9-40dedc8dd3f6",
      "dc:contributor": [
        "https://api.deepl.com/v2/translate"
      ],
      "rdf:language": [
        "nl"
      ],
      "rdf:predicate": [
        {
          "@id": "rdfs:comment"
        }
      ]
    }
  ],
  "isLocatedAt": [
    {
      "@id": "https://data.datatourisme.fr/f92cd365-670e-39b2-af65-7d0395483c96",
      "schema:address": [
        {
          "@id": "https://data.datatourisme.fr/a18f7b80-2207-39cb-abce-06afaf784c0c",
          "schema:addressLocality": "Montbard",
          "schema:postalCode": "21500",
          "schema:streetAddress": [
            "La Halte Fluviale",
            "Rue Carnot"
          ],
          "@type": [
            "schema:PostalAddress",
            "PostalAddress"
          ],
          "hasAddressCity": {
            "@id": "kb:21425",
            "@type": [
              "City"
            ],
            "rdfs:label": {
              "de": [
                "Montbard"
              ],
              "pt": [
                "Montbard"
              ],
              "en": [
                "Montbard"
              ],
              "it": [
                "Montbard"
              ],
              "fr": [
                "Montbard"
              ],
              "nl": [
                "Montbard"
              ],
              "es": [
                "Montbard"
              ]
            },
            "insee": "21425",
            "isPartOfDepartment": {
              "@id": "kb:France2721",
              "@type": [
                "Department"
              ],
              "rdfs:label": {
                "de": [
                  "Côte-d'Or"
                ],
                "pt": [
                  "Côte-d'Or"
                ],
                "en": [
                  "Côte-d'Or"
                ],
                "it": [
                  "Côte-d'Or"
                ],
                "fr": [
                  "Côte-d'Or"
                ],
                "nl": [
                  "Côte-d'Or"
                ],
                "es": [
                  "Côte-d'Or"
                ]
              },
              "insee": "21",
              "isPartOfRegion": {
                "@id": "kb:France27",
                "@type": [
                  "Region"
                ],
                "rdfs:label": {
                  "de": [
                    "Bourgogne-Franche-Comté"
                  ],
                  "pt": [
                    "Bourgogne-Franche-Comté"
                  ],
                  "en": [
                    "Bourgogne-Franche-Comté"
                  ],
                  "it": [
                    "Bourgogne-Franche-Comté"
                  ],
                  "fr": [
                    "Bourgogne-Franche-Comté"
                  ],
                  "nl": [
                    "Bourgogne-Franche-Comté"
                  ],
                  "es": [
                    "Bourgogne-Franche-Comté"
                  ]
                },
                "insee": "27",
                "isPartOfCountry": {
                  "@id": "kb:France",
                  "@type": [
                    "schema:Country"
                  ],
                  "rdfs:label": {
                    "de": [
                      "France",
                      "Frankreich"
                    ],
                    "pt": [
                      "França",
                      "France"
                    ],
                    "en": [
                      "France"
                    ],
                    "it": [
                      "France",
                      "Francia"
                    ],
                    "fr": [
                      "France"
                    ],
                    "nl": [
                      "France",
                      "Frankrijk"
                    ],
                    "es": [
                      "France",
                      "Francia"
                    ]
                  }
                }
              }
            }
          }
        }
      ],
      "schema:geo": {
        "@id": "https://data.datatourisme.fr/1afab794-ec5d-32dc-bddb-2de88071e9ea",
        "schema:latitude": "47.6232641",
        "schema:longitude": "4.33179044",
        "@type": [
          "schema:GeoCoordinates"
        ]
      },
      "@type": [
        "schema:Place",
        "Place"
      ]
    }
  ],
  "isOwnedBy": [
    {
      "@id": "https://data.datatourisme.fr/ff06c202-5387-34f3-8d21-aa2d143149ab",
      "schema:legalName": "SIT Bourgogne-Franche-Comté",
      "@type": [
        "schema:Organization",
        "foaf:Agent",
        "Agent"
      ]
    }
  ],
  "lastUpdate": "2022-07-26",
  "lastUpdateDatatourisme": "2023-04-19T07:30:32.446Z",
  "offers": [
    {
      "@id": "https://data.datatourisme.fr/c61c7e54-b3fc-3741-a442-790059b85703",
      "schema:acceptedPaymentMethod": [
        {
          "@id": "kb:Cash",
          "@type": [
            "schema:PaymentMethod"
          ],
          "rdfs:label": {
            "de": [
              "Art"
            ],
            "pt": [
              "Espécie"
            ],
            "en": [
              "Cash"
            ],
            "it": [
              "Contanti"
            ],
            "fr": [
              "Espèce"
            ],
            "es": [
              "Especie"
            ],
            "nl": [
              "Contant"
            ]
          }
        },
        {
          "@id": "kb:Check",
          "@type": [
            "schema:PaymentMethod"
          ],
          "rdfs:label": {
            "de": [
              "Scheck"
            ],
            "pt": [
              "Cheque"
            ],
            "en": [
              "Check"
            ],
            "it": [
              "Assegno"
            ],
            "fr": [
              "Chèque"
            ],
            "nl": [
              "Cheque"
            ],
            "es": [
              "Cheque"
            ]
          }
        },
        {
          "@id": "kb:EurocardMastercard",
          "@type": [
            "schema:PaymentMethod"
          ],
          "rdfs:label": {
            "de": [
              "Eurocard – Mastercard"
            ],
            "pt": [
              "Eurocard — Mastercard"
            ],
            "en": [
              "Eurocard - mastercard"
            ],
            "it": [
              "Eurocard - mastercard"
            ],
            "fr": [
              "Eurocard - mastercard"
            ],
            "nl": [
              "Eurocard - Mastercard"
            ],
            "es": [
              "Eurocard - Mastercard"
            ]
          }
        }
      ],
      "@type": [
        "schema:Offer",
        "Offer"
      ]
    }
  ]
}