{
  "@id": "https://data.datatourisme.fr/5/7479f879-652a-33be-928e-a36546c649ab",
  "dc:identifier": "220003609",
  "schema:endDate": [
    "2023-06-22",
    "2023-06-29",
    "2023-07-06",
    "2023-07-13",
    "2023-07-20",
    "2023-07-27",
    "2023-08-03",
    "2023-08-10",
    "2023-08-17",
    "2023-08-24",
    "2023-08-31",
    "2023-09-07",
    "2023-09-14",
    "2023-09-21",
    "2023-09-28",
    "2023-10-05",
    "2023-10-12",
    "2023-10-19",
    "2023-10-26",
    "2023-11-02",
    "2023-11-09",
    "2023-11-16",
    "2023-11-23",
    "2023-11-30",
    "2023-12-07",
    "2023-12-14",
    "2023-12-21",
    "2023-12-28"
  ],
  "schema:startDate": [
    "2023-06-22",
    "2023-06-29",
    "2023-07-06",
    "2023-07-13",
    "2023-07-20",
    "2023-07-27",
    "2023-08-03",
    "2023-08-10",
    "2023-08-17",
    "2023-08-24",
    "2023-08-31",
    "2023-09-07",
    "2023-09-14",
    "2023-09-21",
    "2023-09-28",
    "2023-10-05",
    "2023-10-12",
    "2023-10-19",
    "2023-10-26",
    "2023-11-02",
    "2023-11-09",
    "2023-11-16",
    "2023-11-23",
    "2023-11-30",
    "2023-12-07",
    "2023-12-14",
    "2023-12-21",
    "2023-12-28"
  ],
  "@type": [
    "schema:Event",
    "schema:SaleEvent",
    "EntertainmentAndEvent",
    "Market",
    "PointOfInterest",
    "SaleEvent"
  ],
  "rdfs:comment": {
    "de": [
      "Jeden Donnerstagmorgen außer an Feiertagen, vorverlegt auf Mittwoch"
    ],
    "en": [
      "Every Thursday morning except public holiday, advanced to Wednesday"
    ],
    "it": [
      "Ogni giovedì mattina, tranne i giorni festivi, spostati al mercoledì"
    ],
    "fr": [
      "Tous les jeudis matins sauf jour férié, avancé au mercredi"
    ],
    "es": [
      "Todos los jueves por la mañana, excepto los días festivos, trasladados al miércoles"
    ],
    "nl": [
      "Elke donderdagochtend behalve op feestdagen, verplaatst naar woensdag"
    ]
  },
  "rdfs:label": {
    "fr": [
      "Marché hebdomadaire"
    ]
  },
  "creationDate": "2013-09-13",
  "hasBeenCreatedBy": {
    "@id": "https://data.datatourisme.fr/9d64685a-4354-3511-9489-097ef1c46461",
    "schema:legalName": "Office de tourisme d'Obernai",
    "@type": [
      "schema:Organization",
      "foaf:Agent",
      "Agent"
    ]
  },
  "hasBeenPublishedBy": [
    {
      "@id": "https://data.datatourisme.fr/26f7f47a-f0eb-35ff-82a2-c85c9c543c73",
      "schema:legalName": "Système d'informations touristique Alsace",
      "@type": [
        "schema:Organization",
        "foaf:Agent",
        "Agent"
      ],
      "foaf:homepage": [
        "https://www.tourisme-alsace.com/"
      ]
    }
  ],
  "hasBookingContact": [
    {
      "@id": "https://data.datatourisme.fr/1f3bf6c0-375f-335a-b5e1-56cf1fd912ea",
      "schema:email": [
        "info@tourisme-obernai.fr"
      ],
      "schema:telephone": [
        "+33 3 88 95 64 13"
      ],
      "@type": [
        "foaf:Agent",
        "Agent"
      ],
      "foaf:homepage": [
        "http://www.tourisme-obernai.fr/"
      ]
    }
  ],
  "hasContact": [
    {
      "@id": "https://data.datatourisme.fr/1f3bf6c0-375f-335a-b5e1-56cf1fd912ea",
      "schema:email": [
        "info@tourisme-obernai.fr"
      ],
      "schema:telephone": [
        "+33 3 88 95 64 13"
      ],
      "@type": [
        "foaf:Agent",
        "Agent"
      ],
      "foaf:homepage": [
        "http://www.tourisme-obernai.fr/"
      ]
    },
    {
      "@id": "https://data.datatourisme.fr/bb92ffd2-4884-30dd-98b1-9d52393f64d0",
      "schema:email": [
        "info@tourisme-obernai.fr"
      ],
      "schema:legalName": "Office de Tourisme d'Obernai",
      "schema:telephone": [
        "+33 3 88 95 64 13"
      ],
      "@type": [
        "schema:Organization",
        "foaf:Agent",
        "Agent"
      ],
      "foaf:homepage": [
        "http://www.tourisme-obernai.fr/"
      ]
    }
  ],
  "hasDescription": [
    {
      "@id": "https://data.datatourisme.fr/6d34e84b-388b-3ec2-a368-09c94c71b453",
      "dc:description": {
        "de": [
          "Jeden Donnerstagmorgen: von 7:30 bis 12:00 Uhr, außer an Feiertagen: auf Mittwoch vorverlegt.\nDer Wochenmarkt von Obernai, der seit 1301 in Archivdokumenten erwähnt wird, findet am Donnerstagmorgen statt und besteht seit über 700 Jahren. Der Markt ist bei den Bewohnern eines großen Gebiets rund um Obernai sehr beliebt und wird jede Woche von 127 Händlern besucht, die einen festen Standplatz haben, sowie von 30 bis 40 weiteren Händlern, die jeden Donnerstag an einer Verlosung teilnehmen, bei der die restlichen Standplätze vergeben werden.\nUm dieses nahe gelegene Handelsangebot mit frischen, lokalen Qualitätsprodukten zu vervollständigen, findet am Samstagmorgen ein zusätzlicher Markt statt, der Bio-Produkten gewidmet ist."
        ],
        "en": [
          "Every Thursday morning: from 7:30 am to 12 am, except on public holidays: moved to Wednesday.\nMentioned in the archives since 1301, the weekly market of Obernai, which is held on Thursday mornings, has been in existence for over 700 years. Very popular with the inhabitants of a large area around Obernai, the market welcomes every week 127 merchants who have a fixed location and 30 to 40 other merchants who participate in a draw every Thursday, for the allocation of the remaining places.\nTo complete this local commercial offer of fresh and quality local products, a complementary market takes place on Saturday morning, dedicated to organic products."
        ],
        "it": [
          "Ogni giovedì mattina: dalle 7.30 alle 12.00, tranne nei giorni festivi: spostati al mercoledì.\nMenzionato in documenti d'archivio fin dal 1301, il mercato settimanale di Obernai, che si tiene il giovedì mattina, esiste da oltre 700 anni. Molto frequentato dagli abitanti di un'ampia zona intorno a Obernai, il mercato accoglie ogni settimana 127 commercianti che hanno una postazione fissa e altri 30-40 commercianti che ogni giovedì partecipano a un sorteggio per assegnare i posti rimanenti.\nPer completare l'offerta commerciale di prodotti locali freschi e di qualità, il sabato mattina si svolge un mercato complementare dedicato ai prodotti biologici."
        ],
        "fr": [
          "Tous les jeudis matins : de 7h30 à 12h, sauf jours fériés : avancé au mercredi.\nCité dans les documents d’archives depuis 1301, le marché hebdomadaire d’Obernai, qui se tient le jeudi matin, a plus de 700 ans d’existence. Très prisé par les habitants d’un large secteur autour d’Obernai, le marché accueille chaque semaine 127 commerçants qui disposent  d'un emplacement fixe et 30 à 40 autres commerçants qui participent à un tirage au sort chaque jeudi, pour l’attribution de l’emplacement des places restantes.\nPour compléter cette offre commerciale de proximité de produits locaux frais et de qualité, un marché complémentaire a lieu le samedi matin, dédié aux produits bio."
        ],
        "es": [
          "Todos los jueves por la mañana: de 7:30 a 12:00, excepto los días festivos: se traslada al miércoles.\nMencionado en documentos de archivo desde 1301, el mercado semanal de Obernai, que se celebra los jueves por la mañana, existe desde hace más de 700 años. Muy popular entre los habitantes de una amplia zona de los alrededores de Obernai, el mercado acoge cada semana a 127 comerciantes que tienen una ubicación fija y a otros 30 ó 40 comerciantes que participan en un sorteo cada jueves para asignar los puestos restantes.\nPara completar esta oferta comercial de productos locales frescos y de calidad, el sábado por la mañana tiene lugar un mercado complementario dedicado a los productos ecológicos."
        ],
        "nl": [
          "Elke donderdagochtend: van 7.30 tot 12.00 uur, behalve op feestdagen: verplaatst naar woensdag.\nDe wekelijkse markt in Obernai, die op donderdagochtend wordt gehouden, wordt al sinds 1301 in archiefstukken vermeld en bestaat al meer dan 700 jaar. Zeer populair bij de inwoners van een groot gebied rond Obernai, verwelkomt de markt elke week 127 handelaren die een vaste plaats hebben en 30 tot 40 andere handelaren die elke donderdag deelnemen aan een loting voor de toewijzing van de resterende plaatsen.\nOm dit lokale commerciële aanbod van verse en kwaliteitsvolle streekproducten aan te vullen, vindt op zaterdagochtend een aanvullende markt plaats, gewijd aan biologische producten."
        ]
      },
      "@type": [
        "Description"
      ],
      "hasTranslatedProperty": [
        {
          "@id": "https://data.datatourisme.fr/234ec7f8-bfca-382e-aaed-22111bedbb64",
          "dc:contributor": [
            "https://api.deepl.com/v2/translate"
          ],
          "rdf:language": [
            "de"
          ],
          "rdf:predicate": [
            "shortDescription"
          ]
        },
        {
          "@id": "https://data.datatourisme.fr/537240d6-0473-348c-8bf5-a0d69b3eb94e",
          "dc:contributor": [
            "https://api.deepl.com/v2/translate"
          ],
          "rdf:language": [
            "de"
          ],
          "rdf:predicate": [
            {
              "@id": "dc:description"
            }
          ]
        },
        {
          "@id": "https://data.datatourisme.fr/55e66902-d331-36a3-88a4-a69d28bc45cc",
          "dc:contributor": [
            "https://api.deepl.com/v2/translate"
          ],
          "rdf:language": [
            "nl"
          ],
          "rdf:predicate": [
            "shortDescription"
          ]
        },
        {
          "@id": "https://data.datatourisme.fr/7ac25a22-6143-35f9-8e7b-459b1a6c8d1e",
          "dc:contributor": [
            "https://api.deepl.com/v2/translate"
          ],
          "rdf:language": [
            "en"
          ],
          "rdf:predicate": [
            "shortDescription"
          ]
        },
        {
          "@id": "https://data.datatourisme.fr/8aef0f1d-f56b-3e2b-a5a0-1f2f5601ca51",
          "dc:contributor": [
            "https://api.deepl.com/v2/translate"
          ],
          "rdf:language": [
            "nl"
          ],
          "rdf:predicate": [
            {
              "@id": "dc:description"
            }
          ]
        },
        {
          "@id": "https://data.datatourisme.fr/a1889266-e549-39a6-a139-e9ab750a8db6",
          "dc:contributor": [
            "https://api.deepl.com/v2/translate"
          ],
          "rdf:language": [
            "es"
          ],
          "rdf:predicate": [
            {
              "@id": "dc:description"
            }
          ]
        },
        {
          "@id": "https://data.datatourisme.fr/a196a1bf-dc0f-3e50-98aa-0444234d0913",
          "dc:contributor": [
            "https://api.deepl.com/v2/translate"
          ],
          "rdf:language": [
            "en"
          ],
          "rdf:predicate": [
            {
              "@id": "dc:description"
            }
          ]
        },
        {
          "@id": "https://data.datatourisme.fr/d13f39ce-38d8-3bcb-b5a8-d29f1b314918",
          "dc:contributor": [
            "https://api.deepl.com/v2/translate"
          ],
          "rdf:language": [
            "it"
          ],
          "rdf:predicate": [
            {
              "@id": "dc:description"
            }
          ]
        },
        {
          "@id": "https://data.datatourisme.fr/dc48f050-48a2-3922-9d55-23ada5301b59",
          "dc:contributor": [
            "https://api.deepl.com/v2/translate"
          ],
          "rdf:language": [
            "it"
          ],
          "rdf:predicate": [
            "shortDescription"
          ]
        },
        {
          "@id": "https://data.datatourisme.fr/ee872df3-8eaa-3960-ae9c-c2794c7441af",
          "dc:contributor": [
            "https://api.deepl.com/v2/translate"
          ],
          "rdf:language": [
            "es"
          ],
          "rdf:predicate": [
            "shortDescription"
          ]
        }
      ],
      "shortDescription": {
        "de": [
          "Jeden Donnerstagmorgen außer an Feiertagen, vorverlegt auf Mittwoch"
        ],
        "en": [
          "Every Thursday morning except public holiday, advanced to Wednesday"
        ],
        "it": [
          "Ogni giovedì mattina, tranne i giorni festivi, spostati al mercoledì"
        ],
        "fr": [
          "Tous les jeudis matins sauf jour férié, avancé au mercredi"
        ],
        "es": [
          "Todos los jueves por la mañana, excepto los días festivos, trasladados al miércoles"
        ],
        "nl": [
          "Elke donderdagochtend behalve op feestdagen, verplaatst naar woensdag"
        ]
      }
    }
  ],
  "hasRepresentation": [
    {
      "@id": "https://data.datatourisme.fr/8cf7edf8-cc21-3dcd-968a-42591a31f183",
      "ebucore:hasAnnotation": [
        {
          "@id": "https://data.datatourisme.fr/0b0534e1-048b-32f9-a064-601585777a44",
          "@type": [
            "ebucore:Annotation"
          ],
          "credits": [
            "Tourisme Obernai"
          ]
        }
      ],
      "@type": [
        "ebucore:EditorialObject"
      ]
    }
  ],
  "hasTranslatedProperty": [
    {
      "@id": "https://data.datatourisme.fr/1c482b30-6bd6-373d-85eb-a815fa4b4c8d",
      "dc:contributor": [
        "https://api.deepl.com/v2/translate"
      ],
      "rdf:language": [
        "nl"
      ],
      "rdf:predicate": [
        {
          "@id": "rdfs:comment"
        }
      ]
    },
    {
      "@id": "https://data.datatourisme.fr/4edcf82c-0a9e-3551-a27a-270e5a2f6dc2",
      "dc:contributor": [
        "https://api.deepl.com/v2/translate"
      ],
      "rdf:language": [
        "en"
      ],
      "rdf:predicate": [
        {
          "@id": "rdfs:comment"
        }
      ]
    },
    {
      "@id": "https://data.datatourisme.fr/82183946-a335-330d-87e1-5619fd8eff74",
      "dc:contributor": [
        "https://api.deepl.com/v2/translate"
      ],
      "rdf:language": [
        "es"
      ],
      "rdf:predicate": [
        {
          "@id": "rdfs:comment"
        }
      ]
    },
    {
      "@id": "https://data.datatourisme.fr/d13b1f1b-8630-3e6a-bca4-219870befe51",
      "dc:contributor": [
        "https://api.deepl.com/v2/translate"
      ],
      "rdf:language": [
        "it"
      ],
      "rdf:predicate": [
        {
          "@id": "rdfs:comment"
        }
      ]
    },
    {
      "@id": "https://data.datatourisme.fr/e8182bb5-b917-3361-b556-c14fb5e6af15",
      "dc:contributor": [
        "https://api.deepl.com/v2/translate"
      ],
      "rdf:language": [
        "de"
      ],
      "rdf:predicate": [
        {
          "@id": "rdfs:comment"
        }
      ]
    }
  ],
  "isLocatedAt": [
    {
      "@id": "https://data.datatourisme.fr/99bba64d-88f3-39fa-b176-5856ba1b400a",
      "schema:address": [
        {
          "@id": "https://data.datatourisme.fr/97113345-3402-3c49-aa1f-67e595f8c7e9",
          "schema:addressLocality": "Obernai",
          "schema:postalCode": "67210",
          "schema:streetAddress": [
            "Remparts Joffre, Foch, parking salle des Fêtes"
          ],
          "@type": [
            "schema:PostalAddress",
            "PostalAddress"
          ],
          "hasAddressCity": {
            "@id": "kb:67348",
            "@type": [
              "City"
            ],
            "rdfs:label": {
              "de": [
                "Obernai"
              ],
              "pt": [
                "Obernai"
              ],
              "en": [
                "Obernai"
              ],
              "it": [
                "Obernai"
              ],
              "fr": [
                "Obernai"
              ],
              "nl": [
                "Obernai"
              ],
              "es": [
                "Obernai"
              ]
            },
            "insee": "67348",
            "isPartOfDepartment": {
              "@id": "kb:France4467",
              "@type": [
                "Department"
              ],
              "rdfs:label": {
                "de": [
                  "Bas-Rhin"
                ],
                "pt": [
                  "Bas-Rhin"
                ],
                "en": [
                  "Bas-Rhin"
                ],
                "it": [
                  "Bas-Rhin"
                ],
                "fr": [
                  "Bas-Rhin"
                ],
                "nl": [
                  "Bas-Rhin"
                ],
                "es": [
                  "Bas-Rhin"
                ]
              },
              "insee": "67",
              "isPartOfRegion": {
                "@id": "kb:France44",
                "@type": [
                  "Region"
                ],
                "rdfs:label": {
                  "de": [
                    "Grand Est"
                  ],
                  "pt": [
                    "Grand Est"
                  ],
                  "en": [
                    "Grand Est"
                  ],
                  "it": [
                    "Grand Est"
                  ],
                  "fr": [
                    "Grand Est"
                  ],
                  "nl": [
                    "Grand Est"
                  ],
                  "es": [
                    "Grand Est"
                  ]
                },
                "insee": "44",
                "isPartOfCountry": {
                  "@id": "kb:France",
                  "@type": [
                    "schema:Country"
                  ],
                  "rdfs:label": {
                    "de": [
                      "France",
                      "Frankreich"
                    ],
                    "pt": [
                      "França",
                      "France"
                    ],
                    "en": [
                      "France"
                    ],
                    "it": [
                      "France",
                      "Francia"
                    ],
                    "fr": [
                      "France"
                    ],
                    "nl": [
                      "France",
                      "Frankrijk"
                    ],
                    "es": [
                      "France",
                      "Francia"
                    ]
                  }
                }
              }
            }
          }
        }
      ],
      "schema:geo": {
        "@id": "https://data.datatourisme.fr/d0ee9b08-cbd7-3da5-81a6-661e3ee94421",
        "schema:latitude": "48.4598228837994",
        "schema:longitude": "7.4835991859436",
        "@type": [
          "schema:GeoCoordinates"
        ]
      },
      "@type": [
        "schema:Place",
        "Place"
      ]
    }
  ],
  "lastUpdate": "2023-04-24",
  "lastUpdateDatatourisme": "2023-06-16T03:06:12.495Z",
  "offers": [
    {
      "@id": "https://data.datatourisme.fr/5c32b1ee-3e94-3083-99d8-78f4942e6fec",
      "schema:priceSpecification": [
        {
          "@id": "https://data.datatourisme.fr/ddc3ce88-2f72-3be8-afe2-1513cc20da13",
          "schema:priceCurrency": "EUR",
          "@type": [
            "schema:PriceSpecification"
          ]
        }
      ],
      "@type": [
        "schema:Offer",
        "Offer"
      ]
    }
  ],
  "takesPlaceAt": [
    {
      "@id": "https://data.datatourisme.fr/07cb5dd8-e2a3-357b-9e2e-dde2241e9dc5",
      "@type": [
        "Period",
        "RecurrentPeriod"
      ],
      "appliesOnDay": [
        {
          "@id": "schema:Thursday",
          "@type": [
            "schema:DayOfWeek"
          ],
          "rdfs:label": {
            "de": [
              "Donnerstag"
            ],
            "pt": [
              "Quinta-feira"
            ],
            "en": [
              "Thursday"
            ],
            "it": [
              "Giovedì"
            ],
            "fr": [
              "Jeudi"
            ],
            "es": [
              "Jueves"
            ],
            "nl": [
              "Donderdag"
            ]
          }
        }
      ],
      "endDate": "2023-09-21",
      "endTime": "12:00:00",
      "startDate": "2023-09-21",
      "startTime": "07:30:00"
    },
    {
      "@id": "https://data.datatourisme.fr/1775d718-31cc-37b3-a8c0-2b1880c55e91",
      "@type": [
        "Period",
        "RecurrentPeriod"
      ],
      "appliesOnDay": [
        {
          "@id": "schema:Thursday",
          "@type": [
            "schema:DayOfWeek"
          ],
          "rdfs:label": {
            "de": [
              "Donnerstag"
            ],
            "pt": [
              "Quinta-feira"
            ],
            "en": [
              "Thursday"
            ],
            "it": [
              "Giovedì"
            ],
            "fr": [
              "Jeudi"
            ],
            "es": [
              "Jueves"
            ],
            "nl": [
              "Donderdag"
            ]
          }
        }
      ],
      "endDate": "2023-11-02",
      "endTime": "12:00:00",
      "startDate": "2023-11-02",
      "startTime": "07:30:00"
    },
    {
      "@id": "https://data.datatourisme.fr/228ac527-70f9-3550-8575-2124acca806f",
      "@type": [
        "Period",
        "RecurrentPeriod"
      ],
      "appliesOnDay": [
        {
          "@id": "schema:Thursday",
          "@type": [
            "schema:DayOfWeek"
          ],
          "rdfs:label": {
            "de": [
              "Donnerstag"
            ],
            "pt": [
              "Quinta-feira"
            ],
            "en": [
              "Thursday"
            ],
            "it": [
              "Giovedì"
            ],
            "fr": [
              "Jeudi"
            ],
            "es": [
              "Jueves"
            ],
            "nl": [
              "Donderdag"
            ]
          }
        }
      ],
      "endDate": "2023-11-30",
      "endTime": "12:00:00",
      "startDate": "2023-11-30",
      "startTime": "07:30:00"
    },
    {
      "@id": "https://data.datatourisme.fr/2ef5e175-eb9b-3fa5-a739-5e7c5dbfd436",
      "@type": [
        "Period",
        "RecurrentPeriod"
      ],
      "appliesOnDay": [
        {
          "@id": "schema:Thursday",
          "@type": [
            "schema:DayOfWeek"
          ],
          "rdfs:label": {
            "de": [
              "Donnerstag"
            ],
            "pt": [
              "Quinta-feira"
            ],
            "en": [
              "Thursday"
            ],
            "it": [
              "Giovedì"
            ],
            "fr": [
              "Jeudi"
            ],
            "es": [
              "Jueves"
            ],
            "nl": [
              "Donderdag"
            ]
          }
        }
      ],
      "endDate": "2023-07-20",
      "endTime": "12:00:00",
      "startDate": "2023-07-20",
      "startTime": "07:30:00"
    },
    {
      "@id": "https://data.datatourisme.fr/3cb704d2-fd21-3727-a7aa-661538c7f4e1",
      "@type": [
        "Period",
        "RecurrentPeriod"
      ],
      "appliesOnDay": [
        {
          "@id": "schema:Thursday",
          "@type": [
            "schema:DayOfWeek"
          ],
          "rdfs:label": {
            "de": [
              "Donnerstag"
            ],
            "pt": [
              "Quinta-feira"
            ],
            "en": [
              "Thursday"
            ],
            "it": [
              "Giovedì"
            ],
            "fr": [
              "Jeudi"
            ],
            "es": [
              "Jueves"
            ],
            "nl": [
              "Donderdag"
            ]
          }
        }
      ],
      "endDate": "2023-12-21",
      "endTime": "12:00:00",
      "startDate": "2023-12-21",
      "startTime": "07:30:00"
    },
    {
      "@id": "https://data.datatourisme.fr/4175cf47-77dd-3572-a2d3-600b9af553b2",
      "@type": [
        "Period",
        "RecurrentPeriod"
      ],
      "appliesOnDay": [
        {
          "@id": "schema:Thursday",
          "@type": [
            "schema:DayOfWeek"
          ],
          "rdfs:label": {
            "de": [
              "Donnerstag"
            ],
            "pt": [
              "Quinta-feira"
            ],
            "en": [
              "Thursday"
            ],
            "it": [
              "Giovedì"
            ],
            "fr": [
              "Jeudi"
            ],
            "es": [
              "Jueves"
            ],
            "nl": [
              "Donderdag"
            ]
          }
        }
      ],
      "endDate": "2023-10-12",
      "endTime": "12:00:00",
      "startDate": "2023-10-12",
      "startTime": "07:30:00"
    },
    {
      "@id": "https://data.datatourisme.fr/59205a77-9fc3-37b9-9e2c-ed9f1ec2fbf7",
      "@type": [
        "Period",
        "RecurrentPeriod"
      ],
      "appliesOnDay": [
        {
          "@id": "schema:Thursday",
          "@type": [
            "schema:DayOfWeek"
          ],
          "rdfs:label": {
            "de": [
              "Donnerstag"
            ],
            "pt": [
              "Quinta-feira"
            ],
            "en": [
              "Thursday"
            ],
            "it": [
              "Giovedì"
            ],
            "fr": [
              "Jeudi"
            ],
            "es": [
              "Jueves"
            ],
            "nl": [
              "Donderdag"
            ]
          }
        }
      ],
      "endDate": "2023-08-10",
      "endTime": "12:00:00",
      "startDate": "2023-08-10",
      "startTime": "07:30:00"
    },
    {
      "@id": "https://data.datatourisme.fr/5c461299-b46d-331c-a012-268d4b438744",
      "@type": [
        "Period",
        "RecurrentPeriod"
      ],
      "appliesOnDay": [
        {
          "@id": "schema:Thursday",
          "@type": [
            "schema:DayOfWeek"
          ],
          "rdfs:label": {
            "de": [
              "Donnerstag"
            ],
            "pt": [
              "Quinta-feira"
            ],
            "en": [
              "Thursday"
            ],
            "it": [
              "Giovedì"
            ],
            "fr": [
              "Jeudi"
            ],
            "es": [
              "Jueves"
            ],
            "nl": [
              "Donderdag"
            ]
          }
        }
      ],
      "endDate": "2023-12-07",
      "endTime": "12:00:00",
      "startDate": "2023-12-07",
      "startTime": "07:30:00"
    },
    {
      "@id": "https://data.datatourisme.fr/6713e5f3-f731-3259-b04f-ae195022cab3",
      "@type": [
        "Period",
        "RecurrentPeriod"
      ],
      "appliesOnDay": [
        {
          "@id": "schema:Thursday",
          "@type": [
            "schema:DayOfWeek"
          ],
          "rdfs:label": {
            "de": [
              "Donnerstag"
            ],
            "pt": [
              "Quinta-feira"
            ],
            "en": [
              "Thursday"
            ],
            "it": [
              "Giovedì"
            ],
            "fr": [
              "Jeudi"
            ],
            "es": [
              "Jueves"
            ],
            "nl": [
              "Donderdag"
            ]
          }
        }
      ],
      "endDate": "2023-11-23",
      "endTime": "12:00:00",
      "startDate": "2023-11-23",
      "startTime": "07:30:00"
    },
    {
      "@id": "https://data.datatourisme.fr/6c8f0c01-db64-3f8b-96dc-1b67e2155e43",
      "@type": [
        "Period",
        "RecurrentPeriod"
      ],
      "appliesOnDay": [
        {
          "@id": "schema:Thursday",
          "@type": [
            "schema:DayOfWeek"
          ],
          "rdfs:label": {
            "de": [
              "Donnerstag"
            ],
            "pt": [
              "Quinta-feira"
            ],
            "en": [
              "Thursday"
            ],
            "it": [
              "Giovedì"
            ],
            "fr": [
              "Jeudi"
            ],
            "es": [
              "Jueves"
            ],
            "nl": [
              "Donderdag"
            ]
          }
        }
      ],
      "endDate": "2023-07-06",
      "endTime": "12:00:00",
      "startDate": "2023-07-06",
      "startTime": "07:30:00"
    },
    {
      "@id": "https://data.datatourisme.fr/6e04db77-a1e7-32a3-a951-0108517825e9",
      "@type": [
        "Period",
        "RecurrentPeriod"
      ],
      "appliesOnDay": [
        {
          "@id": "schema:Thursday",
          "@type": [
            "schema:DayOfWeek"
          ],
          "rdfs:label": {
            "de": [
              "Donnerstag"
            ],
            "pt": [
              "Quinta-feira"
            ],
            "en": [
              "Thursday"
            ],
            "it": [
              "Giovedì"
            ],
            "fr": [
              "Jeudi"
            ],
            "es": [
              "Jueves"
            ],
            "nl": [
              "Donderdag"
            ]
          }
        }
      ],
      "endDate": "2023-09-07",
      "endTime": "12:00:00",
      "startDate": "2023-09-07",
      "startTime": "07:30:00"
    },
    {
      "@id": "https://data.datatourisme.fr/7b696652-2976-3c01-afc2-04dbd715b060",
      "@type": [
        "Period",
        "RecurrentPeriod"
      ],
      "appliesOnDay": [
        {
          "@id": "schema:Thursday",
          "@type": [
            "schema:DayOfWeek"
          ],
          "rdfs:label": {
            "de": [
              "Donnerstag"
            ],
            "pt": [
              "Quinta-feira"
            ],
            "en": [
              "Thursday"
            ],
            "it": [
              "Giovedì"
            ],
            "fr": [
              "Jeudi"
            ],
            "es": [
              "Jueves"
            ],
            "nl": [
              "Donderdag"
            ]
          }
        }
      ],
      "endDate": "2023-09-28",
      "endTime": "12:00:00",
      "startDate": "2023-09-28",
      "startTime": "07:30:00"
    },
    {
      "@id": "https://data.datatourisme.fr/844f67a6-ed80-3cb8-8564-885c75cd6be2",
      "@type": [
        "Period",
        "RecurrentPeriod"
      ],
      "appliesOnDay": [
        {
          "@id": "schema:Thursday",
          "@type": [
            "schema:DayOfWeek"
          ],
          "rdfs:label": {
            "de": [
              "Donnerstag"
            ],
            "pt": [
              "Quinta-feira"
            ],
            "en": [
              "Thursday"
            ],
            "it": [
              "Giovedì"
            ],
            "fr": [
              "Jeudi"
            ],
            "es": [
              "Jueves"
            ],
            "nl": [
              "Donderdag"
            ]
          }
        }
      ],
      "endDate": "2023-08-03",
      "endTime": "12:00:00",
      "startDate": "2023-08-03",
      "startTime": "07:30:00"
    },
    {
      "@id": "https://data.datatourisme.fr/8ca7365a-9e73-3691-bb1f-4d38ac1ac7f1",
      "@type": [
        "Period",
        "RecurrentPeriod"
      ],
      "appliesOnDay": [
        {
          "@id": "schema:Thursday",
          "@type": [
            "schema:DayOfWeek"
          ],
          "rdfs:label": {
            "de": [
              "Donnerstag"
            ],
            "pt": [
              "Quinta-feira"
            ],
            "en": [
              "Thursday"
            ],
            "it": [
              "Giovedì"
            ],
            "fr": [
              "Jeudi"
            ],
            "es": [
              "Jueves"
            ],
            "nl": [
              "Donderdag"
            ]
          }
        }
      ],
      "endDate": "2023-07-27",
      "endTime": "12:00:00",
      "startDate": "2023-07-27",
      "startTime": "07:30:00"
    },
    {
      "@id": "https://data.datatourisme.fr/99ef072e-606a-3a28-a712-33de0388e286",
      "@type": [
        "Period",
        "RecurrentPeriod"
      ],
      "appliesOnDay": [
        {
          "@id": "schema:Thursday",
          "@type": [
            "schema:DayOfWeek"
          ],
          "rdfs:label": {
            "de": [
              "Donnerstag"
            ],
            "pt": [
              "Quinta-feira"
            ],
            "en": [
              "Thursday"
            ],
            "it": [
              "Giovedì"
            ],
            "fr": [
              "Jeudi"
            ],
            "es": [
              "Jueves"
            ],
            "nl": [
              "Donderdag"
            ]
          }
        }
      ],
      "endDate": "2023-12-28",
      "endTime": "12:00:00",
      "startDate": "2023-12-28",
      "startTime": "07:30:00"
    },
    {
      "@id": "https://data.datatourisme.fr/9b14fc2b-d1f2-34e6-90b0-c08f5dbb3794",
      "@type": [
        "Period",
        "RecurrentPeriod"
      ],
      "appliesOnDay": [
        {
          "@id": "schema:Thursday",
          "@type": [
            "schema:DayOfWeek"
          ],
          "rdfs:label": {
            "de": [
              "Donnerstag"
            ],
            "pt": [
              "Quinta-feira"
            ],
            "en": [
              "Thursday"
            ],
            "it": [
              "Giovedì"
            ],
            "fr": [
              "Jeudi"
            ],
            "es": [
              "Jueves"
            ],
            "nl": [
              "Donderdag"
            ]
          }
        }
      ],
      "endDate": "2023-12-14",
      "endTime": "12:00:00",
      "startDate": "2023-12-14",
      "startTime": "07:30:00"
    },
    {
      "@id": "https://data.datatourisme.fr/9ce9ff74-1736-361a-9445-c21a36a69993",
      "@type": [
        "Period",
        "RecurrentPeriod"
      ],
      "appliesOnDay": [
        {
          "@id": "schema:Thursday",
          "@type": [
            "schema:DayOfWeek"
          ],
          "rdfs:label": {
            "de": [
              "Donnerstag"
            ],
            "pt": [
              "Quinta-feira"
            ],
            "en": [
              "Thursday"
            ],
            "it": [
              "Giovedì"
            ],
            "fr": [
              "Jeudi"
            ],
            "es": [
              "Jueves"
            ],
            "nl": [
              "Donderdag"
            ]
          }
        }
      ],
      "endDate": "2023-07-13",
      "endTime": "12:00:00",
      "startDate": "2023-07-13",
      "startTime": "07:30:00"
    },
    {
      "@id": "https://data.datatourisme.fr/9ee12776-ab2b-32fe-b949-5d01a5b42b11",
      "@type": [
        "Period",
        "RecurrentPeriod"
      ],
      "appliesOnDay": [
        {
          "@id": "schema:Thursday",
          "@type": [
            "schema:DayOfWeek"
          ],
          "rdfs:label": {
            "de": [
              "Donnerstag"
            ],
            "pt": [
              "Quinta-feira"
            ],
            "en": [
              "Thursday"
            ],
            "it": [
              "Giovedì"
            ],
            "fr": [
              "Jeudi"
            ],
            "es": [
              "Jueves"
            ],
            "nl": [
              "Donderdag"
            ]
          }
        }
      ],
      "endDate": "2023-10-26",
      "endTime": "12:00:00",
      "startDate": "2023-10-26",
      "startTime": "07:30:00"
    },
    {
      "@id": "https://data.datatourisme.fr/a10fdcdc-5a47-335a-b46c-b3c9d6a18716",
      "@type": [
        "Period",
        "RecurrentPeriod"
      ],
      "appliesOnDay": [
        {
          "@id": "schema:Thursday",
          "@type": [
            "schema:DayOfWeek"
          ],
          "rdfs:label": {
            "de": [
              "Donnerstag"
            ],
            "pt": [
              "Quinta-feira"
            ],
            "en": [
              "Thursday"
            ],
            "it": [
              "Giovedì"
            ],
            "fr": [
              "Jeudi"
            ],
            "es": [
              "Jueves"
            ],
            "nl": [
              "Donderdag"
            ]
          }
        }
      ],
      "endDate": "2023-11-09",
      "endTime": "12:00:00",
      "startDate": "2023-11-09",
      "startTime": "07:30:00"
    },
    {
      "@id": "https://data.datatourisme.fr/a61deed5-b7d5-39b6-b274-195ef7cc0fa9",
      "@type": [
        "Period",
        "RecurrentPeriod"
      ],
      "appliesOnDay": [
        {
          "@id": "schema:Thursday",
          "@type": [
            "schema:DayOfWeek"
          ],
          "rdfs:label": {
            "de": [
              "Donnerstag"
            ],
            "pt": [
              "Quinta-feira"
            ],
            "en": [
              "Thursday"
            ],
            "it": [
              "Giovedì"
            ],
            "fr": [
              "Jeudi"
            ],
            "es": [
              "Jueves"
            ],
            "nl": [
              "Donderdag"
            ]
          }
        }
      ],
      "endDate": "2023-11-16",
      "endTime": "12:00:00",
      "startDate": "2023-11-16",
      "startTime": "07:30:00"
    },
    {
      "@id": "https://data.datatourisme.fr/a654d585-07fd-311d-91ac-19d6b6cdbd03",
      "@type": [
        "Period",
        "RecurrentPeriod"
      ],
      "appliesOnDay": [
        {
          "@id": "schema:Thursday",
          "@type": [
            "schema:DayOfWeek"
          ],
          "rdfs:label": {
            "de": [
              "Donnerstag"
            ],
            "pt": [
              "Quinta-feira"
            ],
            "en": [
              "Thursday"
            ],
            "it": [
              "Giovedì"
            ],
            "fr": [
              "Jeudi"
            ],
            "es": [
              "Jueves"
            ],
            "nl": [
              "Donderdag"
            ]
          }
        }
      ],
      "endDate": "2023-09-14",
      "endTime": "12:00:00",
      "startDate": "2023-09-14",
      "startTime": "07:30:00"
    },
    {
      "@id": "https://data.datatourisme.fr/bdfe319b-8024-3522-94d3-8d675415d293",
      "@type": [
        "Period",
        "RecurrentPeriod"
      ],
      "appliesOnDay": [
        {
          "@id": "schema:Thursday",
          "@type": [
            "schema:DayOfWeek"
          ],
          "rdfs:label": {
            "de": [
              "Donnerstag"
            ],
            "pt": [
              "Quinta-feira"
            ],
            "en": [
              "Thursday"
            ],
            "it": [
              "Giovedì"
            ],
            "fr": [
              "Jeudi"
            ],
            "es": [
              "Jueves"
            ],
            "nl": [
              "Donderdag"
            ]
          }
        }
      ],
      "endDate": "2023-08-31",
      "endTime": "12:00:00",
      "startDate": "2023-08-31",
      "startTime": "07:30:00"
    },
    {
      "@id": "https://data.datatourisme.fr/c4e19f98-c94d-3e7a-a9e9-143eebc0709c",
      "@type": [
        "Period",
        "RecurrentPeriod"
      ],
      "appliesOnDay": [
        {
          "@id": "schema:Thursday",
          "@type": [
            "schema:DayOfWeek"
          ],
          "rdfs:label": {
            "de": [
              "Donnerstag"
            ],
            "pt": [
              "Quinta-feira"
            ],
            "en": [
              "Thursday"
            ],
            "it": [
              "Giovedì"
            ],
            "fr": [
              "Jeudi"
            ],
            "es": [
              "Jueves"
            ],
            "nl": [
              "Donderdag"
            ]
          }
        }
      ],
      "endDate": "2023-08-17",
      "endTime": "12:00:00",
      "startDate": "2023-08-17",
      "startTime": "07:30:00"
    },
    {
      "@id": "https://data.datatourisme.fr/df8814e0-3431-336d-b6b4-c7022a4f9e7d",
      "@type": [
        "Period",
        "RecurrentPeriod"
      ],
      "appliesOnDay": [
        {
          "@id": "schema:Thursday",
          "@type": [
            "schema:DayOfWeek"
          ],
          "rdfs:label": {
            "de": [
              "Donnerstag"
            ],
            "pt": [
              "Quinta-feira"
            ],
            "en": [
              "Thursday"
            ],
            "it": [
              "Giovedì"
            ],
            "fr": [
              "Jeudi"
            ],
            "es": [
              "Jueves"
            ],
            "nl": [
              "Donderdag"
            ]
          }
        }
      ],
      "endDate": "2023-10-05",
      "endTime": "12:00:00",
      "startDate": "2023-10-05",
      "startTime": "07:30:00"
    },
    {
      "@id": "https://data.datatourisme.fr/e0b713c1-d634-3b4b-aa5e-aaa8c016bbc7",
      "@type": [
        "Period",
        "RecurrentPeriod"
      ],
      "appliesOnDay": [
        {
          "@id": "schema:Thursday",
          "@type": [
            "schema:DayOfWeek"
          ],
          "rdfs:label": {
            "de": [
              "Donnerstag"
            ],
            "pt": [
              "Quinta-feira"
            ],
            "en": [
              "Thursday"
            ],
            "it": [
              "Giovedì"
            ],
            "fr": [
              "Jeudi"
            ],
            "es": [
              "Jueves"
            ],
            "nl": [
              "Donderdag"
            ]
          }
        }
      ],
      "endDate": "2023-08-24",
      "endTime": "12:00:00",
      "startDate": "2023-08-24",
      "startTime": "07:30:00"
    },
    {
      "@id": "https://data.datatourisme.fr/f254e7e9-550b-30ad-bba7-9bfc5fda1475",
      "@type": [
        "Period",
        "RecurrentPeriod"
      ],
      "appliesOnDay": [
        {
          "@id": "schema:Thursday",
          "@type": [
            "schema:DayOfWeek"
          ],
          "rdfs:label": {
            "de": [
              "Donnerstag"
            ],
            "pt": [
              "Quinta-feira"
            ],
            "en": [
              "Thursday"
            ],
            "it": [
              "Giovedì"
            ],
            "fr": [
              "Jeudi"
            ],
            "es": [
              "Jueves"
            ],
            "nl": [
              "Donderdag"
            ]
          }
        }
      ],
      "endDate": "2023-10-19",
      "endTime": "12:00:00",
      "startDate": "2023-10-19",
      "startTime": "07:30:00"
    },
    {
      "@id": "https://data.datatourisme.fr/f8dc76fc-e57f-3ad8-ac90-cd79995b0b6a",
      "@type": [
        "Period",
        "RecurrentPeriod"
      ],
      "appliesOnDay": [
        {
          "@id": "schema:Thursday",
          "@type": [
            "schema:DayOfWeek"
          ],
          "rdfs:label": {
            "de": [
              "Donnerstag"
            ],
            "pt": [
              "Quinta-feira"
            ],
            "en": [
              "Thursday"
            ],
            "it": [
              "Giovedì"
            ],
            "fr": [
              "Jeudi"
            ],
            "es": [
              "Jueves"
            ],
            "nl": [
              "Donderdag"
            ]
          }
        }
      ],
      "endDate": "2023-06-29",
      "endTime": "12:00:00",
      "startDate": "2023-06-29",
      "startTime": "07:30:00"
    },
    {
      "@id": "https://data.datatourisme.fr/fd72ba91-057c-3835-9002-58c2f3a9eda0",
      "@type": [
        "Period",
        "RecurrentPeriod"
      ],
      "appliesOnDay": [
        {
          "@id": "schema:Thursday",
          "@type": [
            "schema:DayOfWeek"
          ],
          "rdfs:label": {
            "de": [
              "Donnerstag"
            ],
            "pt": [
              "Quinta-feira"
            ],
            "en": [
              "Thursday"
            ],
            "it": [
              "Giovedì"
            ],
            "fr": [
              "Jeudi"
            ],
            "es": [
              "Jueves"
            ],
            "nl": [
              "Donderdag"
            ]
          }
        }
      ],
      "endDate": "2023-06-22",
      "endTime": "12:00:00",
      "startDate": "2023-06-22",
      "startTime": "07:30:00"
    }
  ]
}