{
  "@id": "https://data.datatourisme.fr/13/21c61561-f2b3-3784-a61e-7d0ed694e1cc",
  "dc:identifier": "2812090",
  "@type": [
    "schema:FoodEstablishment",
    "FoodEstablishment",
    "PlaceOfInterest",
    "PointOfInterest"
  ],
  "rdfs:comment": {
    "de": [
      "Herberge 6 km von La Chaise-Dieu entfernt in Richtung Craponne/Arzon. Traditionelle und saisonale Küche, die lokale Produkte bevorzugt. Tagesmenüs, Gerichte à la carte. Verkauf zum Mitnehmen. Pizzas zum Mitnehmen (Donnerstag-, Freitag- und Samstagabend)"
    ],
    "en": [
      "Inn located at 6 km from La Chaise-Dieu in the direction of Craponne/Arzon. Traditional and seasonal cuisine using local products. Daily menus, à la carte dishes. Take-away sales. Pizzas to take away (Thursday, Friday and Saturday evening)"
    ],
    "it": [
      "Locanda situata a 6 km da La Chaise-Dieu verso Craponne/Arzon. Cucina tradizionale e stagionale con prodotti locali. Menù del giorno, piatti à la carte. Vendite da asporto. Pizze da asporto (giovedì, venerdì e sabato sera)"
    ],
    "fr": [
      "Auberge située à 6 km de La Chaise-Dieu en direction de Craponne/Arzon. Cuisine traditionnelle et de saison favorisant les produits locaux. Menus du jour, plats à la carte. Vente à emporter. Pizzas à emporter (jeudi ,vendredi et samedi soir)"
    ],
    "es": [
      "Posada situada a 6 km de La Chaise-Dieu en dirección a Craponne/Arzon. Cocina tradicional y de temporada con productos locales. Menús del día, platos a la carta. Ventas de comida para llevar. Pizzas para llevar (jueves, viernes y sábados por la noche)"
    ],
    "nl": [
      "Herberg gelegen op 6 km van La Chaise-Dieu richting Craponne/Arzon. Traditionele en seizoensgebonden keuken met lokale producten. Dagmenu's, à la carte gerechten. Afhaalmaaltijden. Pizza's om mee te nemen (donderdag-, vrijdag- en zaterdagavond)"
    ]
  },
  "rdfs:label": {
    "fr": [
      "Auberge de Chamborne"
    ]
  },
  "hasBeenCreatedBy": {
    "@id": "https://data.datatourisme.fr/13/90db9da4-fc54-34ab-95a9-fe495d555c06",
    "dc:identifier": "1420",
    "schema:email": [
      "corinne.vincent@lepuyenvelay.fr",
      "florence.brustel@lepuyenvelay.fr",
      "karine.wassner@lepuyenvelay.fr"
    ],
    "schema:legalName": "Office de Tourisme de l'agglomération du Puy-en-Velay",
    "@type": [
      "schema:Organization",
      "foaf:Agent",
      "Agent"
    ],
    "foaf:homepage": [
      "https://www.lepuyenvelay-tourisme.fr/"
    ]
  },
  "hasBeenPublishedBy": [
    {
      "@id": "https://data.datatourisme.fr/36ac2aa2-25d7-341e-b68a-2e78c6066065",
      "schema:legalName": "Maison du Tourisme de la Haute-Loire - source : Apidae Tourisme",
      "@type": [
        "schema:Organization",
        "foaf:Agent",
        "Agent"
      ],
      "foaf:homepage": [
        "https://www.apidae-tourisme.com/"
      ]
    }
  ],
  "hasContact": [
    {
      "@id": "https://data.datatourisme.fr/36108903-2e6c-317f-9d9c-a8758994c64e",
      "schema:email": [
        "sarl-loma@orange.fr"
      ],
      "schema:telephone": [
        "+33 4 71 09 07 50",
        "+33 6 10 55 48 68"
      ],
      "@type": [
        "foaf:Agent",
        "Agent"
      ]
    }
  ],
  "hasDescription": [
    {
      "@id": "https://data.datatourisme.fr/002260ed-b5af-3e35-ba4c-516475dcc776",
      "@type": [
        "Description"
      ],
      "hasTranslatedProperty": [
        {
          "@id": "https://data.datatourisme.fr/0f9a6919-3df9-3638-bb73-85dedf73db0a",
          "dc:contributor": [
            "https://api.deepl.com/v2/translate"
          ],
          "rdf:language": [
            "nl"
          ],
          "rdf:predicate": [
            "shortDescription"
          ]
        },
        {
          "@id": "https://data.datatourisme.fr/167f6f52-f69d-3dbc-ae61-159a306b353e",
          "dc:contributor": [
            "https://api.deepl.com/v2/translate"
          ],
          "rdf:language": [
            "es"
          ],
          "rdf:predicate": [
            "shortDescription"
          ]
        },
        {
          "@id": "https://data.datatourisme.fr/98c1494a-0487-3534-8b89-f49304524108",
          "dc:contributor": [
            "https://api.deepl.com/v2/translate"
          ],
          "rdf:language": [
            "de"
          ],
          "rdf:predicate": [
            "shortDescription"
          ]
        },
        {
          "@id": "https://data.datatourisme.fr/ceedeba0-7e2d-3f00-bb23-1794a722ceaf",
          "dc:contributor": [
            "https://api.deepl.com/v2/translate"
          ],
          "rdf:language": [
            "en"
          ],
          "rdf:predicate": [
            "shortDescription"
          ]
        },
        {
          "@id": "https://data.datatourisme.fr/d3d03739-ad4d-3a34-9989-48aedf2d78c9",
          "dc:contributor": [
            "https://api.deepl.com/v2/translate"
          ],
          "rdf:language": [
            "it"
          ],
          "rdf:predicate": [
            "shortDescription"
          ]
        }
      ],
      "shortDescription": {
        "de": [
          "Herberge 6 km von La Chaise-Dieu entfernt in Richtung Craponne/Arzon. Traditionelle und saisonale Küche, die lokale Produkte bevorzugt. Tagesmenüs, Gerichte à la carte. Verkauf zum Mitnehmen. Pizzas zum Mitnehmen (Donnerstag-, Freitag- und Samstagabend)"
        ],
        "en": [
          "Inn located at 6 km from La Chaise-Dieu in the direction of Craponne/Arzon. Traditional and seasonal cuisine using local products. Daily menus, à la carte dishes. Take-away sales. Pizzas to take away (Thursday, Friday and Saturday evening)"
        ],
        "it": [
          "Locanda situata a 6 km da La Chaise-Dieu verso Craponne/Arzon. Cucina tradizionale e stagionale con prodotti locali. Menù del giorno, piatti à la carte. Vendite da asporto. Pizze da asporto (giovedì, venerdì e sabato sera)"
        ],
        "fr": [
          "Auberge située à 6 km de La Chaise-Dieu en direction de Craponne/Arzon. Cuisine traditionnelle et de saison favorisant les produits locaux. Menus du jour, plats à la carte. Vente à emporter. Pizzas à emporter (jeudi ,vendredi et samedi soir)"
        ],
        "es": [
          "Posada situada a 6 km de La Chaise-Dieu en dirección a Craponne/Arzon. Cocina tradicional y de temporada con productos locales. Menús del día, platos a la carta. Ventas de comida para llevar. Pizzas para llevar (jueves, viernes y sábados por la noche)"
        ],
        "nl": [
          "Herberg gelegen op 6 km van La Chaise-Dieu richting Craponne/Arzon. Traditionele en seizoensgebonden keuken met lokale producten. Dagmenu's, à la carte gerechten. Afhaalmaaltijden. Pizza's om mee te nemen (donderdag-, vrijdag- en zaterdagavond)"
        ]
      }
    }
  ],
  "hasTranslatedProperty": [
    {
      "@id": "https://data.datatourisme.fr/17d1c66c-f1cd-3d92-9e00-bc7aae2d0cdc",
      "dc:contributor": [
        "https://api.deepl.com/v2/translate"
      ],
      "rdf:language": [
        "nl"
      ],
      "rdf:predicate": [
        {
          "@id": "rdfs:comment"
        }
      ]
    },
    {
      "@id": "https://data.datatourisme.fr/18e961bd-d7e5-3910-9421-11427ab936db",
      "dc:contributor": [
        "https://api.deepl.com/v2/translate"
      ],
      "rdf:language": [
        "es"
      ],
      "rdf:predicate": [
        {
          "@id": "rdfs:comment"
        }
      ]
    },
    {
      "@id": "https://data.datatourisme.fr/39e50b8d-d4c1-3526-b98e-9476f84ff422",
      "dc:contributor": [
        "https://api.deepl.com/v2/translate"
      ],
      "rdf:language": [
        "it"
      ],
      "rdf:predicate": [
        {
          "@id": "rdfs:comment"
        }
      ]
    },
    {
      "@id": "https://data.datatourisme.fr/6069cac7-53e9-3d1d-a966-393d42fb0ec3",
      "dc:contributor": [
        "https://api.deepl.com/v2/translate"
      ],
      "rdf:language": [
        "de"
      ],
      "rdf:predicate": [
        {
          "@id": "rdfs:comment"
        }
      ]
    },
    {
      "@id": "https://data.datatourisme.fr/8a15db95-1bde-3d5e-b7a9-9b2e5a68195b",
      "dc:contributor": [
        "https://api.deepl.com/v2/translate"
      ],
      "rdf:language": [
        "en"
      ],
      "rdf:predicate": [
        {
          "@id": "rdfs:comment"
        }
      ]
    }
  ],
  "isLocatedAt": [
    {
      "@id": "https://data.datatourisme.fr/ac4090ce-4585-3834-b388-7925d4200eaf",
      "schema:address": [
        {
          "@id": "https://data.datatourisme.fr/9381c8b7-39d8-3616-a7d4-062868c9548c",
          "schema:addressLocality": "Félines",
          "schema:postalCode": "43160",
          "schema:streetAddress": [
            "Chamborne",
            "lieu dit chamborne"
          ],
          "@type": [
            "schema:PostalAddress",
            "PostalAddress"
          ],
          "hasAddressCity": {
            "@id": "kb:43093",
            "@type": [
              "City"
            ],
            "rdfs:label": {
              "de": [
                "Félines"
              ],
              "pt": [
                "Félines"
              ],
              "en": [
                "Félines"
              ],
              "it": [
                "Félines"
              ],
              "fr": [
                "Félines"
              ],
              "nl": [
                "Félines"
              ],
              "es": [
                "Félines"
              ]
            },
            "insee": "43093",
            "isPartOfDepartment": {
              "@id": "kb:France8443",
              "@type": [
                "Department"
              ],
              "rdfs:label": {
                "de": [
                  "Haute-Loire"
                ],
                "pt": [
                  "Haute-Loire"
                ],
                "en": [
                  "Haute-Loire"
                ],
                "it": [
                  "Haute-Loire"
                ],
                "fr": [
                  "Haute-Loire"
                ],
                "nl": [
                  "Haute-Loire"
                ],
                "es": [
                  "Haute-Loire"
                ]
              },
              "insee": "43",
              "isPartOfRegion": {
                "@id": "kb:France84",
                "@type": [
                  "Region"
                ],
                "rdfs:label": {
                  "de": [
                    "Auvergne-Rhône-Alpes"
                  ],
                  "pt": [
                    "Auvergne-Rhône-Alpes"
                  ],
                  "en": [
                    "Auvergne-Rhône-Alpes"
                  ],
                  "it": [
                    "Auvergne-Rhône-Alpes"
                  ],
                  "fr": [
                    "Auvergne-Rhône-Alpes"
                  ],
                  "nl": [
                    "Auvergne-Rhône-Alpes"
                  ],
                  "es": [
                    "Auvergne-Rhône-Alpes"
                  ]
                },
                "insee": "84",
                "isPartOfCountry": {
                  "@id": "kb:France",
                  "@type": [
                    "schema:Country"
                  ],
                  "rdfs:label": {
                    "de": [
                      "France",
                      "Frankreich"
                    ],
                    "pt": [
                      "França",
                      "France"
                    ],
                    "en": [
                      "France"
                    ],
                    "it": [
                      "France",
                      "Francia"
                    ],
                    "fr": [
                      "France"
                    ],
                    "nl": [
                      "France",
                      "Frankrijk"
                    ],
                    "es": [
                      "France",
                      "Francia"
                    ]
                  }
                }
              }
            }
          }
        }
      ],
      "schema:geo": {
        "@id": "https://data.datatourisme.fr/6454ca1d-e1ff-327f-b890-b05b28eafa7b",
        "schema:elevation": "1020",
        "schema:latitude": "45.278137",
        "schema:longitude": "3.743513",
        "@type": [
          "schema:GeoCoordinates"
        ]
      },
      "schema:openingHoursSpecification": [
        {
          "@id": "https://data.datatourisme.fr/4a103589-0451-3454-8dd3-976c666c8154",
          "schema:closes": "14:00:00",
          "schema:opens": "06:30:00",
          "schema:validFrom": "2023-01-01T00:00:00",
          "schema:validThrough": "2023-12-31T23:59:59",
          "@type": [
            "schema:OpeningHoursSpecification"
          ],
          "additionalInformation": {
            "de": [
              "Montag bis Freitag mittags geöffnet (6:30-14:00)\r\nsamstags mittags und abends (6:30-23:00)\r\nPizza zum Mitnehmen Donnerstag ,Freitag und Samstag von 18:00 bis 21:00 Uhr"
            ],
            "en": [
              "Open Monday to Friday for lunch (6:30am-2:00pm)\r\nsaturday lunch and dinner (6:30-11:00)\r\nPizza to go on Thursday, Friday and Saturday from 6pm to 9pm"
            ],
            "it": [
              "Aperto dal lunedì al venerdì a pranzo (6.30-14.00)\r\nsabato pranzo e cena (6.30-11.00)\r\nPizza da asporto il giovedì, venerdì e sabato dalle 18.00 alle 21.00"
            ],
            "fr": [
              "Ouvert du lundi au vendredi le midi (6h30-14:00)\r\nle samedi midi  et soir (6h30-23h)\r\nPizza à emporter jeudi ,vendredi et samedi de 18h à 21h"
            ],
            "nl": [
              "Open van maandag tot vrijdag voor de lunch (6.30u-2u)\r\nzaterdag lunch en diner (6.30u-11u)\r\nPizza to go op donderdag, vrijdag en zaterdag van 18.00 tot 21.00 uur"
            ],
            "es": [
              "Abierto de lunes a viernes para el almuerzo (de 6.30 a 14.00)\r\nalmuerzo y cena los sábados (de 6.30 a 23.00)\r\nPizza para llevar los jueves, viernes y sábados de 18h a 21h"
            ]
          },
          "hasTranslatedProperty": [
            {
              "@id": "https://data.datatourisme.fr/45b487f6-2e5c-3ee9-b1ca-77572d6d3534",
              "dc:contributor": [
                "https://api.deepl.com/v2/translate"
              ],
              "rdf:language": [
                "en"
              ],
              "rdf:predicate": [
                "additionalInformation"
              ]
            },
            {
              "@id": "https://data.datatourisme.fr/5009a765-b651-32af-b107-23d55a851d3b",
              "dc:contributor": [
                "https://api.deepl.com/v2/translate"
              ],
              "rdf:language": [
                "nl"
              ],
              "rdf:predicate": [
                "additionalInformation"
              ]
            },
            {
              "@id": "https://data.datatourisme.fr/9badb2e7-c11a-368c-92e7-e9c3c0d29134",
              "dc:contributor": [
                "https://api.deepl.com/v2/translate"
              ],
              "rdf:language": [
                "de"
              ],
              "rdf:predicate": [
                "additionalInformation"
              ]
            },
            {
              "@id": "https://data.datatourisme.fr/d62d2d51-13df-37dd-b3de-bf80b5ca30d3",
              "dc:contributor": [
                "https://api.deepl.com/v2/translate"
              ],
              "rdf:language": [
                "es"
              ],
              "rdf:predicate": [
                "additionalInformation"
              ]
            },
            {
              "@id": "https://data.datatourisme.fr/e8b5bb44-6a54-3df6-b830-14da70a79c8f",
              "dc:contributor": [
                "https://api.deepl.com/v2/translate"
              ],
              "rdf:language": [
                "it"
              ],
              "rdf:predicate": [
                "additionalInformation"
              ]
            }
          ]
        }
      ],
      "@type": [
        "schema:Place",
        "Place"
      ]
    }
  ],
  "isOwnedBy": [
    {
      "@id": "https://data.datatourisme.fr/d7dfd47e-c605-39b6-9b42-c46773b63868",
      "schema:email": [
        "corinne.vincent@lepuyenvelay.fr",
        "florence.brustel@lepuyenvelay.fr"
      ],
      "schema:legalName": "Office de Tourisme de l'agglomération du Puy-en-Velay",
      "@type": [
        "schema:Organization",
        "foaf:Agent",
        "Agent"
      ],
      "foaf:homepage": [
        "https://www.lepuyenvelay-tourisme.fr/"
      ]
    }
  ],
  "lastUpdate": "2023-06-14",
  "lastUpdateDatatourisme": "2023-06-22T05:53:28.741Z",
  "offers": [
    {
      "@id": "https://data.datatourisme.fr/4c43b86c-3f73-3b9e-b225-cc8bdc9a4a9c",
      "schema:priceSpecification": [
        {
          "@id": "https://data.datatourisme.fr/3ad28dfb-2816-3933-b33d-63ffa22809ae",
          "schema:maxPrice": [
            "15",
            "15.5",
            "40",
            "8"
          ],
          "schema:minPrice": [
            "10",
            "13.5",
            "18",
            "20",
            "3.5",
            "8"
          ],
          "schema:priceCurrency": "EUR",
          "@type": [
            "schema:PriceSpecification",
            "PriceSpecification"
          ],
          "appliesOnPeriod": [
            {
              "@id": "https://data.datatourisme.fr/d0df1b81-dbae-3362-a2c4-2b840ca71b89",
              "@type": [
                "Period"
              ],
              "endDate": "2023-12-31",
              "startDate": "2020-01-01"
            }
          ]
        }
      ],
      "@type": [
        "schema:Offer",
        "Offer"
      ]
    }
  ]
}