{
  "@id": "https://data.datatourisme.fr/30/71c72799-1ce1-33cf-b265-92333459e84e",
  "dc:identifier": "FMANOR076V51PU3S",
  "schema:endDate": [
    "2023-08-15"
  ],
  "schema:startDate": [
    "2023-07-17"
  ],
  "@type": [
    "schema:Event",
    "EntertainmentAndEvent",
    "PointOfInterest"
  ],
  "rdfs:comment": {
    "de": [
      "Am: Montag, Dienstag, Donnerstag und Freitag - am späten Vormittag oder am späten Nachmittag (Zeiten nicht festgelegt).\nVom 17. Juli bis zum 15. August\n\nAn den schönen Tagen der Festivalkabinen"
    ],
    "en": [
      "On: Monday, Tuesday, Thursday and Friday - late morning or late afternoon (times not defined).\nFrom July 17th to August 15th\n\nIn the beautiful days of the festival cabins"
    ],
    "it": [
      "Lunedì, martedì, giovedì e venerdì - tarda mattinata o tardo pomeriggio (orari non definiti).\nDal 17 luglio al 15 agosto\n\nNei giorni di festa le cabine"
    ],
    "fr": [
      "Les : lundi, mardi,  jeudi et vendredi - en fin de matinée ou fin d’après midi (horaires non définis).\nDu 17 juillet au 15 août \n\nAux beaux jours des cabines festivalaises"
    ],
    "nl": [
      "Op: maandag, dinsdag, donderdag en vrijdag - laat in de ochtend of laat in de middag (tijden niet bepaald).\nVan 17 juli tot 15 augustus\n\nIn de goede dagen van het festival hutten"
    ],
    "es": [
      "El: lunes, martes, jueves y viernes - a última hora de la mañana o de la tarde (horarios no definidos).\nDel 17 de julio al 15 de agosto\n\nEn los días buenos del festival cabañas"
    ]
  },
  "rdfs:label": {
    "en": [
      "Gym douce et initiation danse country"
    ],
    "fr": [
      "Gym douce et initiation danse country"
    ]
  },
  "creationDate": "2023-02-22",
  "hasBeenCreatedBy": {
    "@id": "https://data.datatourisme.fr/30/477bc09a-d72e-3ab0-b300-b6072bbd005d",
    "dc:identifier": "5092b9dd-46b2-4d48-9933-ffa8af25c549",
    "schema:address": [
      {
        "@id": "https://data.datatourisme.fr/4a48d143-d269-3276-8377-b1267a985694",
        "schema:addressLocality": "Évreux",
        "schema:postalCode": "27000",
        "schema:streetAddress": [
          "14 Rue Charles Corbeau - le Doyenné"
        ],
        "@type": [
          "schema:PostalAddress",
          "PostalAddress"
        ],
        "hasAddressCity": {
          "@id": "kb:27229",
          "@type": [
            "City"
          ],
          "rdfs:label": {
            "de": [
              "Évreux"
            ],
            "pt": [
              "Évreux"
            ],
            "en": [
              "Évreux"
            ],
            "it": [
              "Évreux"
            ],
            "fr": [
              "Évreux"
            ],
            "nl": [
              "Évreux"
            ],
            "es": [
              "Évreux"
            ]
          },
          "insee": "27229",
          "isPartOfDepartment": {
            "@id": "kb:France2827",
            "@type": [
              "Department"
            ],
            "rdfs:label": {
              "de": [
                "Eure"
              ],
              "pt": [
                "Eure"
              ],
              "en": [
                "Eure"
              ],
              "it": [
                "Eure"
              ],
              "fr": [
                "Eure"
              ],
              "nl": [
                "Eure"
              ],
              "es": [
                "Eure"
              ]
            },
            "insee": "27",
            "isPartOfRegion": {
              "@id": "kb:France28",
              "@type": [
                "Region"
              ],
              "rdfs:label": {
                "de": [
                  "Normandie"
                ],
                "pt": [
                  "Normandie"
                ],
                "en": [
                  "Normandie"
                ],
                "it": [
                  "Normandie"
                ],
                "fr": [
                  "Normandie"
                ],
                "nl": [
                  "Normandie"
                ],
                "es": [
                  "Normandie"
                ]
              },
              "insee": "28",
              "isPartOfCountry": {
                "@id": "kb:France",
                "@type": [
                  "schema:Country"
                ],
                "rdfs:label": {
                  "de": [
                    "France",
                    "Frankreich"
                  ],
                  "pt": [
                    "França",
                    "France"
                  ],
                  "en": [
                    "France"
                  ],
                  "it": [
                    "France",
                    "Francia"
                  ],
                  "fr": [
                    "France"
                  ],
                  "nl": [
                    "France",
                    "Frankrijk"
                  ],
                  "es": [
                    "France",
                    "Francia"
                  ]
                }
              }
            }
          }
        }
      },
      {
        "@id": "https://data.datatourisme.fr/b0712bb1-0a7d-3fc7-a95e-1d1ff99534dc",
        "schema:addressLocality": "Évreux",
        "schema:postalCode": "27000",
        "schema:streetAddress": [
          "14 Rue Charles Corbeau - Le Doyenné"
        ],
        "@type": [
          "schema:PostalAddress",
          "PostalAddress"
        ],
        "hasAddressCity": {
          "@id": "kb:27229",
          "@type": [
            "City"
          ],
          "rdfs:label": {
            "de": [
              "Évreux"
            ],
            "pt": [
              "Évreux"
            ],
            "en": [
              "Évreux"
            ],
            "it": [
              "Évreux"
            ],
            "fr": [
              "Évreux"
            ],
            "nl": [
              "Évreux"
            ],
            "es": [
              "Évreux"
            ]
          },
          "insee": "27229",
          "isPartOfDepartment": {
            "@id": "kb:France2827",
            "@type": [
              "Department"
            ],
            "rdfs:label": {
              "de": [
                "Eure"
              ],
              "pt": [
                "Eure"
              ],
              "en": [
                "Eure"
              ],
              "it": [
                "Eure"
              ],
              "fr": [
                "Eure"
              ],
              "nl": [
                "Eure"
              ],
              "es": [
                "Eure"
              ]
            },
            "insee": "27",
            "isPartOfRegion": {
              "@id": "kb:France28",
              "@type": [
                "Region"
              ],
              "rdfs:label": {
                "de": [
                  "Normandie"
                ],
                "pt": [
                  "Normandie"
                ],
                "en": [
                  "Normandie"
                ],
                "it": [
                  "Normandie"
                ],
                "fr": [
                  "Normandie"
                ],
                "nl": [
                  "Normandie"
                ],
                "es": [
                  "Normandie"
                ]
              },
              "insee": "28",
              "isPartOfCountry": {
                "@id": "kb:France",
                "@type": [
                  "schema:Country"
                ],
                "rdfs:label": {
                  "de": [
                    "France",
                    "Frankreich"
                  ],
                  "pt": [
                    "França",
                    "France"
                  ],
                  "en": [
                    "France"
                  ],
                  "it": [
                    "France",
                    "Francia"
                  ],
                  "fr": [
                    "France"
                  ],
                  "nl": [
                    "France",
                    "Frankrijk"
                  ],
                  "es": [
                    "France",
                    "Francia"
                  ]
                }
              }
            }
          }
        }
      },
      {
        "@id": "https://data.datatourisme.fr/e31fa024-edc4-3d10-8a4f-60b2dee4769d",
        "schema:addressLocality": "Eu",
        "schema:postalCode": "76260",
        "schema:streetAddress": [
          "BP 85",
          "Communauté de Communes des Villes Soeurs"
        ],
        "@type": [
          "schema:PostalAddress",
          "PostalAddress"
        ],
        "hasAddressCity": {
          "@id": "kb:76255",
          "@type": [
            "City"
          ],
          "rdfs:label": {
            "de": [
              "Eu"
            ],
            "pt": [
              "Eu"
            ],
            "en": [
              "Eu"
            ],
            "it": [
              "Eu"
            ],
            "fr": [
              "Eu"
            ],
            "nl": [
              "Eu"
            ],
            "es": [
              "Eu"
            ]
          },
          "insee": "76255",
          "isPartOfDepartment": {
            "@id": "kb:France2876",
            "@type": [
              "Department"
            ],
            "rdfs:label": {
              "de": [
                "Seine-Maritime"
              ],
              "pt": [
                "Seine-Maritime"
              ],
              "en": [
                "Seine-Maritime"
              ],
              "it": [
                "Seine-Maritime"
              ],
              "fr": [
                "Seine-Maritime"
              ],
              "nl": [
                "Seine-Maritime"
              ],
              "es": [
                "Seine-Maritime"
              ]
            },
            "insee": "76",
            "isPartOfRegion": {
              "@id": "kb:France28",
              "@type": [
                "Region"
              ],
              "rdfs:label": {
                "de": [
                  "Normandie"
                ],
                "pt": [
                  "Normandie"
                ],
                "en": [
                  "Normandie"
                ],
                "it": [
                  "Normandie"
                ],
                "fr": [
                  "Normandie"
                ],
                "nl": [
                  "Normandie"
                ],
                "es": [
                  "Normandie"
                ]
              },
              "insee": "28",
              "isPartOfCountry": {
                "@id": "kb:France",
                "@type": [
                  "schema:Country"
                ],
                "rdfs:label": {
                  "de": [
                    "France",
                    "Frankreich"
                  ],
                  "pt": [
                    "França",
                    "France"
                  ],
                  "en": [
                    "France"
                  ],
                  "it": [
                    "France",
                    "Francia"
                  ],
                  "fr": [
                    "France"
                  ],
                  "nl": [
                    "France",
                    "Frankrijk"
                  ],
                  "es": [
                    "France",
                    "Francia"
                  ]
                }
              }
            }
          }
        }
      }
    ],
    "schema:email": [
      "info@destination-letreport-mers.fr"
    ],
    "schema:legalName": "Normandie Tourisme / Attitude Manche",
    "@type": [
      "schema:Organization",
      "foaf:Agent",
      "Agent"
    ]
  },
  "hasBeenPublishedBy": [
    {
      "@id": "https://data.datatourisme.fr/adce4411-0f8d-3138-8d32-b8eb71125ab5",
      "schema:email": [
        "l.helbert@normandie-tourisme.fr"
      ],
      "schema:legalName": "Normandie Tourisme",
      "@type": [
        "schema:Organization",
        "foaf:Agent",
        "Agent"
      ],
      "foaf:homepage": [
        "https://www.normandie-tourisme.fr/"
      ]
    }
  ],
  "hasContact": [
    {
      "@id": "https://data.datatourisme.fr/0e9eee15-ac01-3c26-904b-aec2fc2d06d2",
      "schema:email": [
        "auxbeauxjoursdescabines@gmail.com"
      ],
      "@type": [
        "foaf:Agent",
        "Agent"
      ]
    }
  ],
  "hasDescription": [
    {
      "@id": "https://data.datatourisme.fr/d5db3851-cf1e-3cef-8414-8d7fe88f9f64",
      "dc:description": {
        "de": [
          "Am: Montag, Dienstag, Donnerstag und Freitag - am späten Vormittag oder am späten Nachmittag (Zeiten nicht festgelegt).\nVom 17. Juli bis zum 15. August\n\nAn den schönen Tagen der Festivalkabinen"
        ],
        "en": [
          "On: Monday, Tuesday, Thursday and Friday - late morning or late afternoon (times not defined).\nFrom July 17th to August 15th\n\nIn the beautiful days of the festival cabins"
        ],
        "it": [
          "Lunedì, martedì, giovedì e venerdì - tarda mattinata o tardo pomeriggio (orari non definiti).\nDal 17 luglio al 15 agosto\n\nNei giorni di festa le cabine"
        ],
        "fr": [
          "Les : lundi, mardi,  jeudi et vendredi - en fin de matinée ou fin d’après midi (horaires non définis).\nDu 17 juillet au 15 août \n\nAux beaux jours des cabines festivalaises"
        ],
        "nl": [
          "Op: maandag, dinsdag, donderdag en vrijdag - laat in de ochtend of laat in de middag (tijden niet bepaald).\nVan 17 juli tot 15 augustus\n\nIn de goede dagen van het festival hutten"
        ],
        "es": [
          "El: lunes, martes, jueves y viernes - a última hora de la mañana o de la tarde (horarios no definidos).\nDel 17 de julio al 15 de agosto\n\nEn los días buenos del festival cabañas"
        ]
      },
      "@type": [
        "Description"
      ],
      "hasTranslatedProperty": [
        {
          "@id": "https://data.datatourisme.fr/20e7a941-7d79-3115-8a52-5d1e7191fc64",
          "dc:contributor": [
            "https://api.deepl.com/v2/translate"
          ],
          "rdf:language": [
            "de"
          ],
          "rdf:predicate": [
            {
              "@id": "dc:description"
            }
          ]
        },
        {
          "@id": "https://data.datatourisme.fr/64ae5d85-3487-35f7-90f9-818e4d9409b2",
          "dc:contributor": [
            "https://api.deepl.com/v2/translate"
          ],
          "rdf:language": [
            "it"
          ],
          "rdf:predicate": [
            {
              "@id": "dc:description"
            }
          ]
        },
        {
          "@id": "https://data.datatourisme.fr/6d7f74bd-b05d-372b-9548-87f23850e26d",
          "dc:contributor": [
            "https://api.deepl.com/v2/translate"
          ],
          "rdf:language": [
            "es"
          ],
          "rdf:predicate": [
            "shortDescription"
          ]
        },
        {
          "@id": "https://data.datatourisme.fr/72db8a65-1440-3612-8143-cc3f6da82399",
          "dc:contributor": [
            "https://api.deepl.com/v2/translate"
          ],
          "rdf:language": [
            "de"
          ],
          "rdf:predicate": [
            "shortDescription"
          ]
        },
        {
          "@id": "https://data.datatourisme.fr/8df6a2a8-d814-39b1-8006-25fa40670062",
          "dc:contributor": [
            "https://api.deepl.com/v2/translate"
          ],
          "rdf:language": [
            "en"
          ],
          "rdf:predicate": [
            {
              "@id": "dc:description"
            }
          ]
        },
        {
          "@id": "https://data.datatourisme.fr/9915d0b3-c3bc-3f7a-902f-45346e09ca2e",
          "dc:contributor": [
            "https://api.deepl.com/v2/translate"
          ],
          "rdf:language": [
            "es"
          ],
          "rdf:predicate": [
            {
              "@id": "dc:description"
            }
          ]
        },
        {
          "@id": "https://data.datatourisme.fr/9ff9df8a-d2d8-3bf4-b870-099d4d1eb00b",
          "dc:contributor": [
            "https://api.deepl.com/v2/translate"
          ],
          "rdf:language": [
            "nl"
          ],
          "rdf:predicate": [
            {
              "@id": "dc:description"
            }
          ]
        },
        {
          "@id": "https://data.datatourisme.fr/aa01c133-90a0-3ee5-86f0-a8bf08d11c95",
          "dc:contributor": [
            "https://api.deepl.com/v2/translate"
          ],
          "rdf:language": [
            "en"
          ],
          "rdf:predicate": [
            "shortDescription"
          ]
        },
        {
          "@id": "https://data.datatourisme.fr/ccc08187-c099-38a3-80c0-bdb27b526ebb",
          "dc:contributor": [
            "https://api.deepl.com/v2/translate"
          ],
          "rdf:language": [
            "nl"
          ],
          "rdf:predicate": [
            "shortDescription"
          ]
        },
        {
          "@id": "https://data.datatourisme.fr/f4d179f0-1d78-3674-9ecf-a3c3ce4096e8",
          "dc:contributor": [
            "https://api.deepl.com/v2/translate"
          ],
          "rdf:language": [
            "it"
          ],
          "rdf:predicate": [
            "shortDescription"
          ]
        }
      ],
      "shortDescription": {
        "de": [
          "Am: Montag, Dienstag, Donnerstag und Freitag - am späten Vormittag oder am späten Nachmittag (Zeiten nicht festgelegt).\nVom 17. Juli bis zum 15. August\n\nAn den schönen Tagen der Festivalkabinen"
        ],
        "en": [
          "On: Monday, Tuesday, Thursday and Friday - late morning or late afternoon (times not defined).\nFrom July 17th to August 15th\n\nIn the beautiful days of the festival cabins"
        ],
        "it": [
          "Lunedì, martedì, giovedì e venerdì - tarda mattinata o tardo pomeriggio (orari non definiti).\nDal 17 luglio al 15 agosto\n\nNei giorni di festa le cabine"
        ],
        "fr": [
          "Les : lundi, mardi,  jeudi et vendredi - en fin de matinée ou fin d’après midi (horaires non définis).\nDu 17 juillet au 15 août \n\nAux beaux jours des cabines festivalaises"
        ],
        "nl": [
          "Op: maandag, dinsdag, donderdag en vrijdag - laat in de ochtend of laat in de middag (tijden niet bepaald).\nVan 17 juli tot 15 augustus\n\nIn de goede dagen van het festival hutten"
        ],
        "es": [
          "El: lunes, martes, jueves y viernes - a última hora de la mañana o de la tarde (horarios no definidos).\nDel 17 de julio al 15 de agosto\n\nEn los días buenos del festival cabañas"
        ]
      }
    }
  ],
  "hasTranslatedProperty": [
    {
      "@id": "https://data.datatourisme.fr/45d26a40-2d08-32c8-a04a-50714ff29869",
      "dc:contributor": [
        "https://api.deepl.com/v2/translate"
      ],
      "rdf:language": [
        "it"
      ],
      "rdf:predicate": [
        {
          "@id": "rdfs:comment"
        }
      ]
    },
    {
      "@id": "https://data.datatourisme.fr/50907a13-f098-3bea-8320-ab82998004e7",
      "dc:contributor": [
        "https://api.deepl.com/v2/translate"
      ],
      "rdf:language": [
        "es"
      ],
      "rdf:predicate": [
        {
          "@id": "rdfs:comment"
        }
      ]
    },
    {
      "@id": "https://data.datatourisme.fr/7b8462ec-e696-3574-b745-d9c9f2f9d1bb",
      "dc:contributor": [
        "https://api.deepl.com/v2/translate"
      ],
      "rdf:language": [
        "en"
      ],
      "rdf:predicate": [
        {
          "@id": "rdfs:comment"
        }
      ]
    },
    {
      "@id": "https://data.datatourisme.fr/99e16aeb-b14b-3248-a6c9-3e25591f8f05",
      "dc:contributor": [
        "https://api.deepl.com/v2/translate"
      ],
      "rdf:language": [
        "nl"
      ],
      "rdf:predicate": [
        {
          "@id": "rdfs:comment"
        }
      ]
    },
    {
      "@id": "https://data.datatourisme.fr/cf15747d-d995-37fc-b9dc-7af8ffb48c5b",
      "dc:contributor": [
        "https://api.deepl.com/v2/translate"
      ],
      "rdf:language": [
        "de"
      ],
      "rdf:predicate": [
        {
          "@id": "rdfs:comment"
        }
      ]
    }
  ],
  "isLocatedAt": [
    {
      "@id": "https://data.datatourisme.fr/3e7064f7-4913-3a78-8d22-b5386c378ada",
      "schema:address": [
        {
          "@id": "https://data.datatourisme.fr/6e7cb65c-e53b-3bb8-a43b-0efcc6f9e0e1",
          "schema:addressLocality": "Criel-sur-Mer",
          "schema:postalCode": "76910",
          "schema:streetAddress": [
            "Plage de Mesnil-Val et de Criel-sur-Mer"
          ],
          "@type": [
            "schema:PostalAddress",
            "PostalAddress"
          ],
          "hasAddressCity": {
            "@id": "kb:76192",
            "@type": [
              "City"
            ],
            "rdfs:label": {
              "de": [
                "Criel-sur-Mer"
              ],
              "pt": [
                "Criel-sur-Mer"
              ],
              "en": [
                "Criel-sur-Mer"
              ],
              "it": [
                "Criel-sur-Mer"
              ],
              "fr": [
                "Criel-sur-Mer"
              ],
              "nl": [
                "Criel-sur-Mer"
              ],
              "es": [
                "Criel-sur-Mer"
              ]
            },
            "insee": "76192",
            "isPartOfDepartment": {
              "@id": "kb:France2876",
              "@type": [
                "Department"
              ],
              "rdfs:label": {
                "de": [
                  "Seine-Maritime"
                ],
                "pt": [
                  "Seine-Maritime"
                ],
                "en": [
                  "Seine-Maritime"
                ],
                "it": [
                  "Seine-Maritime"
                ],
                "fr": [
                  "Seine-Maritime"
                ],
                "nl": [
                  "Seine-Maritime"
                ],
                "es": [
                  "Seine-Maritime"
                ]
              },
              "insee": "76",
              "isPartOfRegion": {
                "@id": "kb:France28",
                "@type": [
                  "Region"
                ],
                "rdfs:label": {
                  "de": [
                    "Normandie"
                  ],
                  "pt": [
                    "Normandie"
                  ],
                  "en": [
                    "Normandie"
                  ],
                  "it": [
                    "Normandie"
                  ],
                  "fr": [
                    "Normandie"
                  ],
                  "nl": [
                    "Normandie"
                  ],
                  "es": [
                    "Normandie"
                  ]
                },
                "insee": "28",
                "isPartOfCountry": {
                  "@id": "kb:France",
                  "@type": [
                    "schema:Country"
                  ],
                  "rdfs:label": {
                    "de": [
                      "France",
                      "Frankreich"
                    ],
                    "pt": [
                      "França",
                      "France"
                    ],
                    "en": [
                      "France"
                    ],
                    "it": [
                      "France",
                      "Francia"
                    ],
                    "fr": [
                      "France"
                    ],
                    "nl": [
                      "France",
                      "Frankrijk"
                    ],
                    "es": [
                      "France",
                      "Francia"
                    ]
                  }
                }
              }
            }
          }
        }
      ],
      "schema:geo": {
        "@id": "https://data.datatourisme.fr/cdbd4dde-ac2c-3888-9748-16dedc0863f5",
        "schema:latitude": "50.0351282",
        "schema:longitude": "1.31566782",
        "@type": [
          "schema:GeoCoordinates"
        ]
      },
      "schema:openingHoursSpecification": [
        {
          "@id": "https://data.datatourisme.fr/1d85ddcc-0975-3324-8cbb-bb0ae3d6f0ff",
          "schema:dayOfWeek": [
            {
              "@id": "schema:Friday",
              "@type": [
                "schema:DayOfWeek"
              ],
              "rdfs:label": {
                "de": [
                  "Freitag"
                ],
                "pt": [
                  "Sexta-feira"
                ],
                "en": [
                  "Friday"
                ],
                "it": [
                  "Venerdì"
                ],
                "fr": [
                  "Vendredi"
                ],
                "nl": [
                  "Vrijdag"
                ],
                "es": [
                  "Viernes"
                ]
              }
            },
            {
              "@id": "schema:Monday",
              "@type": [
                "schema:DayOfWeek"
              ],
              "rdfs:label": {
                "de": [
                  "Montag"
                ],
                "pt": [
                  "Segunda-feira"
                ],
                "en": [
                  "Monday"
                ],
                "it": [
                  "Lunedì"
                ],
                "fr": [
                  "Lundi"
                ],
                "nl": [
                  "Maandag"
                ],
                "es": [
                  "Lunes"
                ]
              }
            },
            {
              "@id": "schema:Saturday",
              "@type": [
                "schema:DayOfWeek"
              ],
              "rdfs:label": {
                "de": [
                  "Samstag"
                ],
                "pt": [
                  "Sábado"
                ],
                "en": [
                  "Saturday"
                ],
                "it": [
                  "Sabato"
                ],
                "fr": [
                  "Samedi"
                ],
                "nl": [
                  "Zaterdag"
                ],
                "es": [
                  "Sábado"
                ]
              }
            },
            {
              "@id": "schema:Sunday",
              "@type": [
                "schema:DayOfWeek"
              ],
              "rdfs:label": {
                "de": [
                  "Sonntag"
                ],
                "pt": [
                  "Domingo"
                ],
                "en": [
                  "Sunday"
                ],
                "it": [
                  "Domenica"
                ],
                "fr": [
                  "Dimanche"
                ],
                "nl": [
                  "Zondag"
                ],
                "es": [
                  "Domingo"
                ]
              }
            },
            {
              "@id": "schema:Thursday",
              "@type": [
                "schema:DayOfWeek"
              ],
              "rdfs:label": {
                "de": [
                  "Donnerstag"
                ],
                "pt": [
                  "Quinta-feira"
                ],
                "en": [
                  "Thursday"
                ],
                "it": [
                  "Giovedì"
                ],
                "fr": [
                  "Jeudi"
                ],
                "es": [
                  "Jueves"
                ],
                "nl": [
                  "Donderdag"
                ]
              }
            },
            {
              "@id": "schema:Tuesday",
              "@type": [
                "schema:DayOfWeek"
              ],
              "rdfs:label": {
                "de": [
                  "Dienstag"
                ],
                "pt": [
                  "Terça-feira"
                ],
                "en": [
                  "Tuesday"
                ],
                "it": [
                  "Martedì"
                ],
                "fr": [
                  "Mardi"
                ],
                "es": [
                  "Martes"
                ],
                "nl": [
                  "Dinsdag"
                ]
              }
            },
            {
              "@id": "schema:Wednesday",
              "@type": [
                "schema:DayOfWeek"
              ],
              "rdfs:label": {
                "de": [
                  "Mittwoch"
                ],
                "pt": [
                  "Quarta-feira"
                ],
                "en": [
                  "Wednesday"
                ],
                "it": [
                  "Mercoledì"
                ],
                "fr": [
                  "Mercredi"
                ],
                "nl": [
                  "Woensdag"
                ],
                "es": [
                  "Miércoles"
                ]
              }
            }
          ],
          "schema:validFrom": "2023-07-17T00:00:00",
          "schema:validThrough": "2023-08-15T00:00:00",
          "@type": [
            "schema:OpeningHoursSpecification"
          ]
        }
      ],
      "@type": [
        "schema:Place",
        "Place"
      ]
    }
  ],
  "lastUpdate": "2023-02-22",
  "lastUpdateDatatourisme": "2023-02-23T05:29:36.08Z",
  "takesPlaceAt": [
    {
      "@id": "https://data.datatourisme.fr/23b7a3c5-0c33-3d37-a0dc-e6172c0de01e",
      "@type": [
        "Period",
        "RecurrentPeriod"
      ],
      "appliesOnDay": [
        {
          "@id": "schema:Friday",
          "@type": [
            "schema:DayOfWeek"
          ],
          "rdfs:label": {
            "de": [
              "Freitag"
            ],
            "pt": [
              "Sexta-feira"
            ],
            "en": [
              "Friday"
            ],
            "it": [
              "Venerdì"
            ],
            "fr": [
              "Vendredi"
            ],
            "nl": [
              "Vrijdag"
            ],
            "es": [
              "Viernes"
            ]
          }
        },
        {
          "@id": "schema:Monday",
          "@type": [
            "schema:DayOfWeek"
          ],
          "rdfs:label": {
            "de": [
              "Montag"
            ],
            "pt": [
              "Segunda-feira"
            ],
            "en": [
              "Monday"
            ],
            "it": [
              "Lunedì"
            ],
            "fr": [
              "Lundi"
            ],
            "nl": [
              "Maandag"
            ],
            "es": [
              "Lunes"
            ]
          }
        },
        {
          "@id": "schema:Saturday",
          "@type": [
            "schema:DayOfWeek"
          ],
          "rdfs:label": {
            "de": [
              "Samstag"
            ],
            "pt": [
              "Sábado"
            ],
            "en": [
              "Saturday"
            ],
            "it": [
              "Sabato"
            ],
            "fr": [
              "Samedi"
            ],
            "nl": [
              "Zaterdag"
            ],
            "es": [
              "Sábado"
            ]
          }
        },
        {
          "@id": "schema:Sunday",
          "@type": [
            "schema:DayOfWeek"
          ],
          "rdfs:label": {
            "de": [
              "Sonntag"
            ],
            "pt": [
              "Domingo"
            ],
            "en": [
              "Sunday"
            ],
            "it": [
              "Domenica"
            ],
            "fr": [
              "Dimanche"
            ],
            "nl": [
              "Zondag"
            ],
            "es": [
              "Domingo"
            ]
          }
        },
        {
          "@id": "schema:Thursday",
          "@type": [
            "schema:DayOfWeek"
          ],
          "rdfs:label": {
            "de": [
              "Donnerstag"
            ],
            "pt": [
              "Quinta-feira"
            ],
            "en": [
              "Thursday"
            ],
            "it": [
              "Giovedì"
            ],
            "fr": [
              "Jeudi"
            ],
            "es": [
              "Jueves"
            ],
            "nl": [
              "Donderdag"
            ]
          }
        },
        {
          "@id": "schema:Tuesday",
          "@type": [
            "schema:DayOfWeek"
          ],
          "rdfs:label": {
            "de": [
              "Dienstag"
            ],
            "pt": [
              "Terça-feira"
            ],
            "en": [
              "Tuesday"
            ],
            "it": [
              "Martedì"
            ],
            "fr": [
              "Mardi"
            ],
            "es": [
              "Martes"
            ],
            "nl": [
              "Dinsdag"
            ]
          }
        },
        {
          "@id": "schema:Wednesday",
          "@type": [
            "schema:DayOfWeek"
          ],
          "rdfs:label": {
            "de": [
              "Mittwoch"
            ],
            "pt": [
              "Quarta-feira"
            ],
            "en": [
              "Wednesday"
            ],
            "it": [
              "Mercoledì"
            ],
            "fr": [
              "Mercredi"
            ],
            "nl": [
              "Woensdag"
            ],
            "es": [
              "Miércoles"
            ]
          }
        }
      ],
      "endDate": "2023-08-15",
      "startDate": "2023-07-17"
    }
  ]
}