{
  "@id": "https://data.datatourisme.fr/13/6ecd8bf0-052c-3882-aeb0-ab96afe5018f",
  "dc:identifier": "5528125",
  "schema:endDate": [
    "2023-12-31"
  ],
  "schema:startDate": [
    "2023-01-01"
  ],
  "@type": [
    "schema:Event",
    "schema:SaleEvent",
    "EntertainmentAndEvent",
    "Market",
    "PointOfInterest",
    "SaleEvent"
  ],
  "rdfs:comment": {
    "de": [
      "Am Fuße des alten Dorfes bieten ein Dutzend Stände mit biologischen oder lokalen Produkten jeden Mittwochmorgen Gemüse, Obst, Fleisch, Wildfisch, verschiedene Brotsorten, Honig, Marmelade, natürlich Käse aus der Auvergne, Crêpes, Kuchen, Linsen..."
    ],
    "en": [
      "At the foot of the old village, a dozen stands of organic or local products offer you every Wednesday morning vegetables, fruits, meats, wild fish, multiple breads, honey, jams, cheeses of Auvergne of course, pancakes, cakes, lentils..."
    ],
    "it": [
      "Ai piedi del vecchio villaggio, una dozzina di bancarelle di prodotti biologici o locali vi offrono ogni mercoledì mattina verdura, frutta, carne, pesce selvatico, diversi tipi di pane, miele, marmellate, formaggi d'Alvernia, frittelle, torte, lenticchie..."
    ],
    "fr": [
      "Au pied du village ancien, une douzaine de stands de produits bio ou locaux vous propose tous les mercredis matins légumes, fruits, viandes, poissons sauvages, pains multiples, miel, confitures, fromages d’Auvergne bien sûr, crêpes, gâteaux, lentilles..."
    ],
    "es": [
      "Al pie del antiguo pueblo, una docena de puestos de productos ecológicos o locales le ofrecen cada miércoles por la mañana verduras, frutas, carnes, pescados salvajes, múltiples panes, miel, mermeladas, quesos de Auvernia, por supuesto, crepes, pasteles, lentejas..."
    ],
    "nl": [
      "Aan de voet van het oude dorp bieden een tiental kraampjes met biologische of lokale producten u elke woensdagochtend groenten, fruit, vlees, wilde vis, veelvoudig brood, honing, jam, kazen uit de Auvergne natuurlijk, pannenkoeken, gebak, linzen..."
    ]
  },
  "rdfs:label": {
    "fr": [
      "Marché le mercredi matin"
    ]
  },
  "hasBeenCreatedBy": {
    "@id": "https://data.datatourisme.fr/13/df12ecd0-77ef-38c2-b881-028604dbb8cc",
    "dc:identifier": "1523",
    "schema:email": [
      "julie.lobstein@capissoire.fr",
      "marlene.gaydier@capissoire.fr"
    ],
    "schema:legalName": "Auvergne Pays d'Issoire",
    "@type": [
      "schema:Organization",
      "foaf:Agent",
      "Agent"
    ],
    "foaf:homepage": [
      "http://www.issoire-tourisme.com/"
    ]
  },
  "hasBeenPublishedBy": [
    {
      "@id": "https://data.datatourisme.fr/8a9feb4b-2cbd-3d2c-b507-bd6c6776b23b",
      "schema:legalName": "Apidae Tourisme Scic SA - source : Apidae Tourisme",
      "@type": [
        "schema:Organization",
        "foaf:Agent",
        "Agent"
      ],
      "foaf:homepage": [
        "https://www.apidae-tourisme.com/"
      ]
    }
  ],
  "hasContact": [
    {
      "@id": "https://data.datatourisme.fr/54186467-394d-336f-8fe4-42fac20a03c7",
      "schema:email": [
        "mairie.montaigutleblanc@gmail.com"
      ],
      "schema:telephone": [
        "+33 4 73 96 70 05"
      ],
      "@type": [
        "foaf:Agent",
        "Agent"
      ]
    }
  ],
  "hasDescription": [
    {
      "@id": "https://data.datatourisme.fr/09a7723b-5111-38fd-a3e2-e990c68c0ba4",
      "@type": [
        "Description"
      ],
      "hasTranslatedProperty": [
        {
          "@id": "https://data.datatourisme.fr/0311f3d9-8a62-309a-8f68-5cf1342ca13b",
          "dc:contributor": [
            "https://api.deepl.com/v2/translate"
          ],
          "rdf:language": [
            "it"
          ],
          "rdf:predicate": [
            "shortDescription"
          ]
        },
        {
          "@id": "https://data.datatourisme.fr/8743a07a-9664-3bb7-894b-bbc5c5e575b0",
          "dc:contributor": [
            "https://api.deepl.com/v2/translate"
          ],
          "rdf:language": [
            "en"
          ],
          "rdf:predicate": [
            "shortDescription"
          ]
        },
        {
          "@id": "https://data.datatourisme.fr/ae13f2c9-a347-38f0-ae5a-94344e7f54d0",
          "dc:contributor": [
            "https://api.deepl.com/v2/translate"
          ],
          "rdf:language": [
            "es"
          ],
          "rdf:predicate": [
            "shortDescription"
          ]
        },
        {
          "@id": "https://data.datatourisme.fr/b61f2f4e-ebfd-32c0-8997-22356277d6e4",
          "dc:contributor": [
            "https://api.deepl.com/v2/translate"
          ],
          "rdf:language": [
            "nl"
          ],
          "rdf:predicate": [
            "shortDescription"
          ]
        },
        {
          "@id": "https://data.datatourisme.fr/fba8e330-6b79-3486-bd81-a9ba5b6006c2",
          "dc:contributor": [
            "https://api.deepl.com/v2/translate"
          ],
          "rdf:language": [
            "de"
          ],
          "rdf:predicate": [
            "shortDescription"
          ]
        }
      ],
      "shortDescription": {
        "de": [
          "Am Fuße des alten Dorfes bieten ein Dutzend Stände mit biologischen oder lokalen Produkten jeden Mittwochmorgen Gemüse, Obst, Fleisch, Wildfisch, verschiedene Brotsorten, Honig, Marmelade, natürlich Käse aus der Auvergne, Crêpes, Kuchen, Linsen..."
        ],
        "en": [
          "At the foot of the old village, a dozen stands of organic or local products offer you every Wednesday morning vegetables, fruits, meats, wild fish, multiple breads, honey, jams, cheeses of Auvergne of course, pancakes, cakes, lentils..."
        ],
        "it": [
          "Ai piedi del vecchio villaggio, una dozzina di bancarelle di prodotti biologici o locali vi offrono ogni mercoledì mattina verdura, frutta, carne, pesce selvatico, diversi tipi di pane, miele, marmellate, formaggi d'Alvernia, frittelle, torte, lenticchie..."
        ],
        "fr": [
          "Au pied du village ancien, une douzaine de stands de produits bio ou locaux vous propose tous les mercredis matins légumes, fruits, viandes, poissons sauvages, pains multiples, miel, confitures, fromages d’Auvergne bien sûr, crêpes, gâteaux, lentilles..."
        ],
        "es": [
          "Al pie del antiguo pueblo, una docena de puestos de productos ecológicos o locales le ofrecen cada miércoles por la mañana verduras, frutas, carnes, pescados salvajes, múltiples panes, miel, mermeladas, quesos de Auvernia, por supuesto, crepes, pasteles, lentejas..."
        ],
        "nl": [
          "Aan de voet van het oude dorp bieden een tiental kraampjes met biologische of lokale producten u elke woensdagochtend groenten, fruit, vlees, wilde vis, veelvoudig brood, honing, jam, kazen uit de Auvergne natuurlijk, pannenkoeken, gebak, linzen..."
        ]
      }
    }
  ],
  "hasTranslatedProperty": [
    {
      "@id": "https://data.datatourisme.fr/13f402fb-6a64-37d2-84ac-493cc5b57040",
      "dc:contributor": [
        "https://api.deepl.com/v2/translate"
      ],
      "rdf:language": [
        "it"
      ],
      "rdf:predicate": [
        {
          "@id": "rdfs:comment"
        }
      ]
    },
    {
      "@id": "https://data.datatourisme.fr/38e733a7-f51e-35ef-bd85-6feae643f26c",
      "dc:contributor": [
        "https://api.deepl.com/v2/translate"
      ],
      "rdf:language": [
        "es"
      ],
      "rdf:predicate": [
        {
          "@id": "rdfs:comment"
        }
      ]
    },
    {
      "@id": "https://data.datatourisme.fr/77f1d40a-e190-3d00-b026-649836b61d05",
      "dc:contributor": [
        "https://api.deepl.com/v2/translate"
      ],
      "rdf:language": [
        "de"
      ],
      "rdf:predicate": [
        {
          "@id": "rdfs:comment"
        }
      ]
    },
    {
      "@id": "https://data.datatourisme.fr/9be7cddd-1a5a-3694-9c79-35317003730f",
      "dc:contributor": [
        "https://api.deepl.com/v2/translate"
      ],
      "rdf:language": [
        "en"
      ],
      "rdf:predicate": [
        {
          "@id": "rdfs:comment"
        }
      ]
    },
    {
      "@id": "https://data.datatourisme.fr/d938233a-5c54-379d-98d8-ac02e93e502d",
      "dc:contributor": [
        "https://api.deepl.com/v2/translate"
      ],
      "rdf:language": [
        "nl"
      ],
      "rdf:predicate": [
        {
          "@id": "rdfs:comment"
        }
      ]
    }
  ],
  "isLocatedAt": [
    {
      "@id": "https://data.datatourisme.fr/feb790f9-4d41-30d2-b77b-4079b0c23ced",
      "schema:address": [
        {
          "@id": "https://data.datatourisme.fr/47a833f7-ed83-31d3-9535-25c8e19a99a4",
          "schema:addressLocality": "Montaigut-le-Blanc",
          "schema:postalCode": "63320",
          "schema:streetAddress": [
            "Place Amouroux",
            "À proximité de la Mairie"
          ],
          "@type": [
            "schema:PostalAddress",
            "PostalAddress"
          ],
          "hasAddressCity": {
            "@id": "kb:63234",
            "@type": [
              "City"
            ],
            "rdfs:label": {
              "de": [
                "Montaigut-le-Blanc"
              ],
              "pt": [
                "Montaigut-le-Blanc"
              ],
              "en": [
                "Montaigut-le-Blanc"
              ],
              "it": [
                "Montaigut-le-Blanc"
              ],
              "fr": [
                "Montaigut-le-Blanc"
              ],
              "nl": [
                "Montaigut-le-Blanc"
              ],
              "es": [
                "Montaigut-le-Blanc"
              ]
            },
            "insee": "63234",
            "isPartOfDepartment": {
              "@id": "kb:France8463",
              "@type": [
                "Department"
              ],
              "rdfs:label": {
                "de": [
                  "Puy-de-Dôme"
                ],
                "pt": [
                  "Puy-de-Dôme"
                ],
                "en": [
                  "Puy-de-Dôme"
                ],
                "it": [
                  "Puy-de-Dôme"
                ],
                "fr": [
                  "Puy-de-Dôme"
                ],
                "nl": [
                  "Puy-de-Dôme"
                ],
                "es": [
                  "Puy-de-Dôme"
                ]
              },
              "insee": "63",
              "isPartOfRegion": {
                "@id": "kb:France84",
                "@type": [
                  "Region"
                ],
                "rdfs:label": {
                  "de": [
                    "Auvergne-Rhône-Alpes"
                  ],
                  "pt": [
                    "Auvergne-Rhône-Alpes"
                  ],
                  "en": [
                    "Auvergne-Rhône-Alpes"
                  ],
                  "it": [
                    "Auvergne-Rhône-Alpes"
                  ],
                  "fr": [
                    "Auvergne-Rhône-Alpes"
                  ],
                  "nl": [
                    "Auvergne-Rhône-Alpes"
                  ],
                  "es": [
                    "Auvergne-Rhône-Alpes"
                  ]
                },
                "insee": "84",
                "isPartOfCountry": {
                  "@id": "kb:France",
                  "@type": [
                    "schema:Country"
                  ],
                  "rdfs:label": {
                    "de": [
                      "France",
                      "Frankreich"
                    ],
                    "pt": [
                      "França",
                      "France"
                    ],
                    "en": [
                      "France"
                    ],
                    "it": [
                      "France",
                      "Francia"
                    ],
                    "fr": [
                      "France"
                    ],
                    "nl": [
                      "France",
                      "Frankrijk"
                    ],
                    "es": [
                      "France",
                      "Francia"
                    ]
                  }
                }
              }
            }
          }
        }
      ],
      "schema:geo": {
        "@id": "https://data.datatourisme.fr/a92e900a-28ef-3fa3-b696-7c294995bce2",
        "schema:latitude": "45.584964",
        "schema:longitude": "3.091457",
        "@type": [
          "schema:GeoCoordinates"
        ]
      },
      "schema:openingHoursSpecification": [
        {
          "@id": "https://data.datatourisme.fr/6fa8e5a3-cb2a-3b9d-9300-0cfb22a1ea85",
          "schema:closes": "12:30:00",
          "schema:opens": "08:30:00",
          "schema:validFrom": "2023-01-01T00:00:00",
          "schema:validThrough": "2023-12-31T23:59:59",
          "@type": [
            "schema:OpeningHoursSpecification"
          ]
        }
      ],
      "@type": [
        "schema:Place",
        "Place"
      ]
    }
  ],
  "isOwnedBy": [
    {
      "@id": "https://data.datatourisme.fr/1817f90c-ccf2-3ef1-837d-4b4aa749155c",
      "schema:email": [
        "julie.lobstein@capissoire.fr",
        "marlene.gaydier@capissoire.fr"
      ],
      "schema:legalName": "Auvergne Pays d'Issoire",
      "@type": [
        "schema:Organization",
        "foaf:Agent",
        "Agent"
      ],
      "foaf:homepage": [
        "http://www.issoire-tourisme.com/"
      ]
    }
  ],
  "lastUpdate": "2023-03-13",
  "lastUpdateDatatourisme": "2023-03-14T06:39:05.401Z",
  "takesPlaceAt": [
    {
      "@id": "https://data.datatourisme.fr/bd111daf-4518-3d99-aeaa-680f5c0f3d69",
      "@type": [
        "Period",
        "RecurrentPeriod"
      ],
      "appliesOnDay": [
        {
          "@id": "schema:Wednesday",
          "@type": [
            "schema:DayOfWeek"
          ],
          "rdfs:label": {
            "de": [
              "Mittwoch"
            ],
            "pt": [
              "Quarta-feira"
            ],
            "en": [
              "Wednesday"
            ],
            "it": [
              "Mercoledì"
            ],
            "fr": [
              "Mercredi"
            ],
            "nl": [
              "Woensdag"
            ],
            "es": [
              "Miércoles"
            ]
          }
        }
      ],
      "endDate": "2023-12-31",
      "endTime": "12:30:00",
      "startDate": "2023-01-01",
      "startTime": "08:30:00"
    }
  ]
}